fecha,me_gusta,comentarios,visualizaciones,descripcion,link
2025-12-31T23:03:15.000Z,945,73,NA,"En Chile vivimos una crisis silenciosa pero profunda: niños y niñas que ven interrumpido el vínculo con uno de sus progenitores tras separaciones conflictivas o decisiones unilaterales. No son casos aislados, es un problema estructural que el sistema aún no logra resolver.

Las historias de Mauricio Cárcamo y @alvaro_kemp_s lo reflejan con crudeza. 

Padres que, pese a existir resoluciones, mediaciones o informes favorables, siguen enfrentando incumplimientos, dilaciones y una institucionalidad que no actúa con la urgencia que la infancia necesita.

Mauricio, padre de la niña A., realiza un acto de resistencia simbólica frente al Tribunal de Familia de San Miguel para visibilizar el incumplimiento del régimen comunicacional. Logró ver a su hija en Navidad, pero el vínculo volvió a ser interrumpido días después.

Álvaro, padre de N., pasó Navidad y pasará el Año Nuevo fuera del tribunal esperando respuestas y apoyo para visibilizar su historia. Denuncia la interrupción unilateral del vínculo, informes profesionales sesgados y la falta de sanciones reales frente al incumplimiento, mientras su hijo sufre las consecuencias emocionales de esta separación forzada.

Ambas historias nos recuerdan que esto no es una lucha entre padres y madres, sino una urgencia de derechos de infancia. Los niños y niñas tienen derecho a mantener vínculo con ambos progenitores, y el Estado tiene el deber de garantizarlo.

Desde Fundación Crianza Compartida Chile seguimos acompañando, visibilizando y trabajando por cambios culturales, judiciales y legislativos que pongan realmente a la niñez en el centro.

👉 Comparte esta publicación.

👉 No guardes silencio.

👉 Este 2026 no dejemos de luchar por los niños, niñas y familias.

Porque ningún padre, madre ni niño debería esperar fuera de un tribunal para poder amar. 

Revisa la nota completa en este enlace:

https://fundacioncrianzacompartidachile.cl/2025/12/31/padres-en-lucha-cuando-el-sistema-falla-en-proteger-el-vinculo-con-los-hijos/",https://www.instagram.com/fundacion_crianza_compartida/p/DS8hEsGEhPm/
2025-12-31T20:53:53.000Z,98,6,NA,"Se termina un año difícil y lentitud judicial.
Pero tenemos que juntar fuerzas para dar pelea en el 2026",https://www.instagram.com/no_mas_hijos_rehenes/reel/DS8RlFxjwcq/
2025-12-31T21:50:31.000Z,400,81,NA,"Escribe Mauricio, papá de la niña A: 

"" Iniciando la huelga de hambre indefinida en la afueras del tribunal de familia ( #sanmiguel )

Hoy tenía una visita acá en el tribunal con mi hija, al igual que hubo el 24 a medio día, y resulta que la abogada de la progenitora ingresó un escrito indacando que a ella se le había olvidado que hoy tenía un compromiso ineludible a esta hora, y que me avisaran para que yo no perdiera el viaje. O sea, para zafar de una medida cautelar solo basta enviar un escrito diciendo que tenías otra cosa urgente que hacer y ya, el tribunal raudo te dirá que no te preocupes y que se le avise a la otra parte…. Faltaba más…

Una medida cautelar de relación directa y regular para el día 24 y el 31 y se la pasan por el aro, la progenitora y el tribunal… 

Viva Chile miermosa patria! "" 

@diario_para_amalia",https://www.instagram.com/fundacion_crianza_compartida/p/DS8Jmw7CVpR/
2025-12-31T18:41:17.000Z,372,35,NA,"@ pablo andres ibacache castro comparte este video de desahogo y se pregunta: ¿ Qué se sentirán los padres y madres que hacen falsas denuncias contra el otro progenitor para impedir el vínculo con los hijos?

Por un 2026 por una #LeyFalsasDenuncias",https://www.instagram.com/fundacion_crianza_compartida/reel/DS8CxFIifhY/
2025-12-30T13:38:50.000Z,447,27,NA,"Durante mucho tiempo se nos ha dicho que estos casos son “excepcionales”.

Que son conflictos privados.

Que el sistema funciona bien y los jueces saben lo que hacen. 

Pero cuando cientos de padres, madres e hijos relatan la misma historia -interrupciones unilaterales del vínculo, denuncias usadas como bloqueo, meses o años sin contacto-  ya no estamos frente a hechos aislados. Estamos frente a un problema estructural.

La columna de Isabel Warnier ( @isabel_warnier ) en El Mercurio Legal pone palabras a algo que vemos todos los días: un sistema de justicia familiar que, por miedo a equivocarse, muchas veces termina inmovilizado, dejando a niños y niñas en una zona gris donde el tiempo pasa y los vínculos se rompen.

Mientras los procesos se dilatan, la infancia no espera sino que se va con el paso de los meses y años años ( la justicia que llega tarde no es justicia ) .

El daño emocional no se detiene con una resolución que llega tarde , mal y nunca. 

La desvinculación se vuelve costumbre.

Hablar de crianza compartida no es una consigna ideológica. Es recordar que los niños tienen derecho a mantener vínculos significativos con ambos padres, y que el Estado tiene el deber de proteger esos vínculos, no congelarlos indefinidamente.

Como Fundación Crianza Compartida Chile, seguimos insistiendo en algo básico pero urgente: decisiones oportunas, evaluaciones rigurosas y responsabilidad profesional real ( con sanciones a quienes actúan con dolo,  negligencia y corrupción )

Porque cada mes sin contacto del niño con uno de sus padres no es un dato más de Tribunales de Familia; es dolor , angustia, depresión y disolución de los lazos familiares. 

Porque cada demora tiene consecuencias.

Abramos esta conversación con honestidad y sin trincheras.

Lo que está en juego no son visiones distintas solamente, es la salud mental de nuestras niños y niñas. 

Lee la columna de opinión completa en este enlace : 

https://fundacioncrianzacompartidachile.cl/2025/12/30/obstaculizacion-del-vinculo-parental-una-crisis-sistemica/",https://www.instagram.com/fundacion_crianza_compartida/p/DS47r5qAFPL/
2025-12-29T20:14:55.000Z,5218,233,NA,Así funciona esta mierda de sistema. La realidad supera con creces la ficción !!,https://www.instagram.com/vanessaferrerradovic/reel/DS3D8kAiWvd/
2025-12-27T13:59:52.000Z,109,7,NA,#alienacionparental #manipulaciónpsicológica #conflictodelealtades #pensamientodicotómico #maquiavélico,https://www.instagram.com/fundacion_crianza_compartida/p/DSxPtaNgMNr/
2025-12-27T12:45:08.000Z,77,0,NA,"La estadística anual de @soytupsico_loga correspondiente a esta #navidad2025 muestra que 13 acuerdos de relación directa y regular fueron ratificados en los Tribunales de Familia y se cumplieron sin mayores complicaciones.

Por otro lado, 4 acuerdos de mediación no fueron respetados, lo cual es especialmente lamentable, ya que tanto los padres como los niños involucrados perdieron la oportunidad de compartir una fecha significativa.

Asimismo, en 2 casos no se acogieron las recomendaciones técnicas, resultando en obstrucción de vínculo sin fundamento legal, afectando directamente el bienestar de los niños.

Aun cuando estos indicadores no son los ideales, representan una mejora respecto al año 2024, lo que constituye un avance importante.

Agradezco profundamente a los adultos que priorizan el bienestar de sus hijos y se esfuerzan por ser mejores madres y padres. Los niños lo merecen.  #psicologia #psicologíaforense #obstruccióndevinculos",https://www.instagram.com/soytupsico_loga/reel/DSxFwvWkaBw/
2025-12-26T23:27:06.000Z,350,18,NA,"Que la lucha por la revinculación con los hijos y el reconocimiento del rol de ambos padres en la vida ellos , no se detenga . 

Por un 2026 donde la #crianzacompartida y la sanción a las #falsasdenuncias y al.#impedimentodevinculos sea tema de debate nacional 🤗

Felicitaciones a @mauro.coq.chile por persistir en su lucha desde #coquimbo y a sus padres que son abuelos desvinculados.",https://www.instagram.com/fundacion_crianza_compartida/reel/DSvrV2GEjyA/
2025-12-26T20:09:53.000Z,417,187,NA,"¿ Qué opinan ? 🤔

Nos enviaron esta "" sugerencia "" que hace una abogada a una mamá en proceso de separación con el padre de su hijo .

Los leemos 🤗",https://www.instagram.com/fundacion_crianza_compartida/reel/DSvU2nYkggY/
2025-12-26T18:36:08.000Z,394,10,NA,"No seas como Camila.

No seas como Rubén. 

Deja que tus hijos construyan la mejor experiencia de amor posible en sus primeros años de vida y con ambos padres y familias. 

#fiestasnavideñas #navidad2025 #viejitopascuero #impedimentodevinculos #crianzacompartida #FundaciónCrianzaCompartida",https://www.instagram.com/fundacion_crianza_compartida/p/DSvKh5gia9E/
2025-12-26T13:32:43.000Z,1282,77,NA,"Felicitaciones a @el_dinamo por visibilizar una realidad dolorosa que afecta a miles de padres, madres y, sobre todo, a niños y niñas en Chile.

Cuando se incumple el régimen de relación directa y regular, la ley contempla medidas de apremio. Sin embargo, en la práctica, el apremio más efectivo para inhibir este tipo de conductas -la orden de arresto- casi nunca se aplica. Peor aún, cuando el incumplimiento reiterado se transforma en un verdadero secuestro parental, no se generan instancias reales para modificar el cuidado personal, porque la obstrucción del vínculo no es reconocida como maltrato infantil ni como una grave vulneración de los derechos del niño o niña.

¿Cuántas madres -y en menor medida padres- hemos visto detenidas por impedir sistemáticamente el contacto de sus hijos con el progenitor no conviviente? Muy pocas. Esa cifra mínima de progenitores sancionados con multa o arresto confirma una regla preocupante: la impunidad frente al incumplimiento reiterado y sistemático del régimen comunicacional.

Es urgente avanzar en la sanción efectiva de las falsas denuncias, pero también en la capacitación de jueces, consejeros técnicos y curadores ad litem, para que apliquen la ley sin sesgos ni preferencias de género, con una verdadera perspectiva de infancia y de justicia. Su rol debe ser proteger de forma real los derechos de los niños y niñas, no perpetuar vulneraciones.

Miles de niños pasarán estas fiestas y vacaciones sin ver a uno de sus padres o madres porque hoy no existen sanciones reales que desincentiven estas conductas. La falta de consecuencias solo perpetúa la impunidad.

Avancemos hacia la creación de un Registro Nacional de Obstaculizadores del Vínculo y hacia una Ley de Crianza Compartida 2.0.

Los niños, niñas y familias de Chile lo merecen.

Fundación Crianza Compartida Chile.",https://www.instagram.com/fundacion_crianza_compartida/p/DSunznvgAbE/
2025-12-26T11:46:29.000Z,501,130,NA,"La otra cara de las #fiestasnavideñas y también de las vacaciones de los hijos con el progenitor no conviviente, en este caso , el padre . 

#fundacióncrianzacompartida #CrianzaCompartida #Coparentalidad #leycrianzacompartida",https://www.instagram.com/fundacion_crianza_compartida/reel/DSubP2WgCSU/
2025-12-25T19:24:01.000Z,108,3,NA,"El #crossover que todos esperaban .

Saludos a @abogadorodolfomarin y @Marciamarchant junto @ps_perito_caroval

Que se multipliquen los profesional que ponen su talento al servicio de las familias y los derechos de los padres , madres y sus hijos. 

#impedimentodevínculo #paratiiiiiiiiiiiiiiiiiiiiiiiiii  #dreamteam #chile",https://www.instagram.com/fundacion_crianza_compartida/reel/DSsrDefkmrN/
2025-12-25T18:03:50.000Z,281,23,NA,"Ivan Godoy es un papá que lleva meses sin poder ver a su hija. 

Ivan estuvo presente en la manifestación del #22D afuera de la #cortesuprema junto a su agrupación. 

"" Una vez que te apartaron de mi le perdí miedo a todos y a todo "" . 

#LeyFalsasDenuncias #leytocornal #leyfalsasdenuncias #papahija #LeyCrianzaCompartida #navidad2025",https://www.instagram.com/fundacion_crianza_compartida/reel/DSshvl3CR8O/
2025-12-25T15:49:38.000Z,89,5,NA,"Los saludos de navidad que dejan algunos papás a sus hijos.

627 días de desvinculación parental. 

#AmorDePapaMundial #FundaciónCrianzaCompartida #navidad2025",https://www.instagram.com/fundacion_crianza_compartida/reel/DSsR3magPx2/
2025-12-24T21:56:38.000Z,76,9,NA,"Un afectuoso saludo les envía Fundación Crianza Compartida Chile. 

A no decaer 🎅 🤗",https://www.instagram.com/fundacion_crianza_compartida/reel/DSqXr_ZEnRG/
2025-12-24T18:04:19.000Z,2184,109,NA,"Nunca más un padre o una madre sin sus hijos por impedimento de contacto. 

#falsasdenuncias #leycrianzacompartida #crianzacompartida #impedimentodevinculos #fundacióncrianzacompartidachile",https://www.instagram.com/fundacion_crianza_compartida/reel/DSp9RbpCcBn/
2025-12-24T11:06:47.000Z,494,16,NA,"🎅🏼 El Viejito Pascuero anda indignado.

No por los regalos que piden , sino por el comportamiento de algunos adultos que, en estas fechas, siguen impidiendo la relación directa y regular de niños y niñas con su papá o mamá.

Hay resoluciones judiciales claras, dictadas por los Tribunales de Familia, que autorizan y ordenan el cumplimiento de las fiestas navideñas y las vacaciones de verano con el otro progenitor. Aun así, hay quienes deciden no respetarlas.

Las fiestas no son un "" regalo ""  ni un castigo. Son tiempo de los niños con  el otro papá ; significa respetar los derechos de tus hijos .

🎄 Respetar los vínculos, cumplir las resoluciones y proteger a la infancia también es parte del espíritu navideño.

Deja tu mensaje navideño aquí 👇",https://www.instagram.com/fundacion_crianza_compartida/p/DSpNhEkgKXH/
2025-12-23T23:01:21.000Z,639,84,NA,"A mi papá le encantaba la Navidad, era la fiesta del año que más alegría le generaba. Desde que nos reencontramos (hace 8 años aprox) hemos podido sanar desde el amor de padre e hijo, junto con luchar juntos contra las injusticias de este país. 

A mí papá le agradezco todo, hoy soy una persona muy respetada y querida por quienes me conocen, trabajo, estudio y me va bien, todo ésto era lo que siempre él quiso para mí y consiguió que así fuera. Todo eso gracias a la formación y enseñanzas que me dio con su sabiduría y amor incondicional.

En las fotos les estoy mostrando un adorno, el cual mi papá ponía en la mesa de centro para todas las navidades que pasamos juntos desde que nos volvimos a ver. Él siempre decía que los dos niños que aparecen en éste éramos mi hermano y yo, con la esperanza de que algún día ambos estuviéramos con él. 

Es muy posible que haya mucha gente que esté leyendo esto y no nos conozcamos. Pero quiero pedirles un favor, no es obligación hacerlo.

Mi petición es para quien le nazca hacerlo y lo agradecería enormemente. Les quería pedir que puedan esta Navidad encender una vela por mi papá y por todos esos padres que sufren por no ver a sus hijos producto de las falsas denuncias.

🕯️🎄🕊️

No más falsas denuncias.

Les deseo cariñosamente unas excelentes fiestas a todos quienes han apoyado a mi amadísimo padre.

Jorge Andrés Tocornal.",https://www.instagram.com/jorge.tocornal/p/DSn4Y1zj6O4cCL3YxCzrwaq2NV8R0RIsHtfSnA0/
2025-12-23T12:42:30.000Z,1228,30,NA,"Lo que nace espontánea y libremente, no muere ni con los ataques judiciales ni con la prohibición autoritaria . 

#ImpedimentoDeVínculo #FalsasDenuncias #crianzacompartida #leyfalsasdenuncias #leycrianzacompartida",https://www.instagram.com/fundacion_crianza_compartida/reel/DSmzaSyAHip/
2025-12-23T11:48:19.000Z,137,8,NA,"🎄 Navidad y Año Nuevo: cuando el vínculo duele

Especialistas en psicología advierten que para madres y padres que no pueden compartir las fiestas con sus hijos, estas fechas activan un doble duelo: la ausencia física y la incertidumbre emocional. Este dolor, si no es acompañado, puede transformarse en angustia crónica, culpa o desesperanza.

Los expertos recomiendan apoyarse en redes de contención, delegar el proceso judicial en profesionales y crear gestos simbólicos —cartas, mensajes o rituales— que ayuden a sostener el vínculo afectivo sin dañar la salud emocional.

💛 Cuidar a quienes crían también es cuidar a los niños.
El acompañamiento psicológico no es un lujo, es una necesidad.

Nota completa 👇
💻 Youtube Roberto Villalobos Atlas

Estudio Jurídico “Argentina de Ley”
Dr. Villalobos Atlas & Equipo Abogados
Penal y de Familia, CABA y Provincia de Buenos Aires
Delitos Federales. Contencioso Administrativo. 
Wsp 11 44 29 06 32 
argentinadeley@gmail.com
www.argentinadeley.com.ar

infancias familias vinculo afectivo salud mental psicologia crianza compartida derechosdelnino navidad añonuevo fiestas duelo parental acompañamiento emocional bienestar emocional obstruccion parental justicia familiar politicas publicas interes superior del niño redes de apoyo terapeutas psicologos familia separada vinculos rotos amor parental cuidado emocional infancia primero navidad sin hijos año nuevo resiliencia empatia contencion emocional escucha activa derechos humanos crianza responsable protección infantil reparación emocional vínculo familiar presencia afectiva apoyo psicológico cuidado parental infancia vulnerada fiestas conscientes familias diversas",https://www.instagram.com/villalobosatlas/reel/DSlQqMEjKsS/
2025-12-23T01:40:07.000Z,240,12,NA,"Hoy #coquimbo se hizo presente con @mauro.coq.chile afuera de tribunal de familia de Coquimbo .

Mauricio escribe :

"" Más de 3 años devinculados. La niña la tienen sin acompañamiento de programas de reparación.

Solo queremos relacionarnos en un ambiente sano con nuestra hija, nieta, sobrina, prima, etc.

Por favor apoyo y sobre todo legislen sobre cuidado personal compartido. Salvemos la infancia y a la familia ... 

Yo también creí en la justicia. Pensé: ¿que puede pasar mal acá? 

Soy un padre que responde y ve a su hija. Estuve 2 años en convivencia con su mamá y 9 años de ella en régimen de visitas. Tristemente enferme el 2019 y desde ahí traté de mantener mi salud mientras me alejaban cada día de ti... 

Hice lo que pude con las herramientas que tenia a mano.Trate de defender tus derechos judicialmente pero no pude ante el egoísmo y las mentiras infundadas de los demás ... 

Yo seguiré luchando por tener un contacto sano contigo. Que alguna vez se acepte y se permita que tengamos una relación sana y fluida, sin obstrucciones que lleguen a enfermar. Así como yo aprendí a amarme, a aceptarme y sobre todo no permitiendo más falta de respeto hacia mi, también tendrás que aprender por ti misma a desenvolverte en la vida. 

Me tocó soltarte muy chica, pero sé que todo esto te servirá en tu crecimiento y en tu desarrollo personal. 

Ya tienes 14 años. Tu voz ya se empieza a escuchar y a respetar. Respétate siempre y hazte respetar ... 

Tu padre estará ahí siempre, con un abrazo abrigado y reconfortante, así como el que nos dimos por última vez en Pichidangui para las vacaciones de invierno del año 2022 antes que el 4to Tribunal de Familia de Santiago nos separara en un vergonzoso proceso judicial.

Te amo hija, yo y tu familia esta acá para ti. Nos puedes venir a ver cuando quieras. Tus tatas aun están y te extrañan y tienen menos tiempo que yo... 

Solo deseamos verte bien, pero esto que pasa que no nos hace acercarmos no es sano y tarde o temprano tienes que darte cuenta y pelear por recuperar lo que te quitaron.

Te amo, a cada instante y mi energía protectora esta siempre acompañándote. Cuídate mucho hija mía . """,https://www.instagram.com/fundacion_crianza_compartida/p/DSln334DP1n/
2025-12-22T20:11:33.000Z,352,37,NA,NA,https://www.instagram.com/fundacion_crianza_compartida/reel/DSkizthkc5K/
2025-12-22T15:22:32.000Z,540,61,NA,"22 DICIEMBRE 2025 Manifestación por la revinculación de miles y miles de niños con uno de sus padres, separados injustamente por denuncias falsas, por una legislación ideologizada en la perspectiva de género, por la contradicción vital con que se llenan la boca de ""el bien superior del niño"" y su nula prioridad, por la incompetencia de Juezas, Consejeras Técnicos, programas de familia, abogados inescrupulosos, psicólogos corruptos y vendidos. Este gobierno cuadruplicó las cifras de desvinculación, es un hecho, sabemos el horror tras las leyes y cómo la ejecutan desde un escritorio leyendo acusaciones falsas. BASTA!!! Amamos a nuestros hijos ¿¿¿por qué debemos luchar por ejercer nuestra paternidad o maternidad??? ¿Cuándo la bandera de ""igualdad"" que levanta el feminismo se traducirá en igualdad de crianza???La herida en cientos de miles de niños tiene muchos nombres, y la principal causa es la maldad de aquellas que mienten conscientes de dañar irreparablemente, porque el tiempo sin criar a nuestros hijos nadie nos lo devuelve, esos vacíos de amor y abrazos, esas risas, esa seguridad de un Padre es irreemplazable.
Abrazo,a todos los papis de todos los movimientos y en especial a @fundacion_crianza_compartida 

#justiciaparademian
#leydecrianzacompartida
#leyfalsasdenuncias
#leytocornal",https://www.instagram.com/floresdelrock/reel/DSkfViFDmP0/
2025-12-22T15:41:12.000Z,902,115,NA,NA,https://www.instagram.com/fundacion_crianza_compartida/reel/DSkeRGcgPf4/
2025-12-22T13:46:31.000Z,351,16,NA,"📍 Lunes 22 de diciembre
🕦 11:30 horas
📌 Corte Suprema
Compañía de Jesús 1140, Santiago

La convocatoria del 22 de diciembre surge desde las familias afectadas por la desvinculación parental y las fallas del sistema judicial de familia. 

No responde a partidos ni a liderazgos externos, sino a madres, padres y abuelos que viven el impedimento de contacto y la falta de respuestas institucionales.

Nos reunimos para visibilizar una realidad que el sistema ha normalizado: la impunidad frente al impedimento de contacto y la vulneración del derecho de niños y niñas a mantener vínculo con ambos padres y sus familias.

Esta acción puede replicarse en cada región, de forma autónoma, en los Tribunales de Familia.

Cientos de familias afectadas.
Una sola voz.",https://www.instagram.com/fundacion_crianza_compartida/p/DSkWNKhAOom/
2025-12-22T13:12:35.000Z,138,1,NA,"Ivan Godoy es un papá que invita a participar de la manifestación de hoy a las 11:30 am afuera de la Corte Suprema contra la desvinculación parental y la corrupción judicial. 

A favor de la coparentalidad de los padres , madres , abuelos y familias con sus niños y niñas .

📍 Lunes 22 de diciembre
🕦 11:30 horas
📌 Corte Suprema
Compañía de Jesús 1140, Santiago
La convocatoria del 22 de diciembre surge desde las familias afectadas por la desvinculación parental y las fallas del sistema judicial de familia. 

No responde a partidos ni a liderazgos externos, sino a madres, padres y abuelos que viven el impedimento de contacto y la falta de respuestas institucionales.

Nos reunimos para visibilizar una realidad que el sistema ha normalizado: la impunidad frente al impedimento de contacto y la vulneración del derecho de niños y niñas a mantener vínculo con ambos padres y sus familias.

Esta acción puede replicarse en cada región, de forma autónoma, en los Tribunales de Familia.
Cientos de familias afectadas.
Una sola voz.",https://www.instagram.com/fundacion_crianza_compartida/reel/DSkSC-pgLul/
2025-12-22T11:54:31.000Z,361,35,NA,"La manipulación parental puede convertirse en terror psicológico para las víctimas involucradas.

Cuando ocurre esto, los efectos pueden ser devastadores para el progenitor excluido y para los hijos que son objeto del terror.

Por Sofi, de quien vemos sus fotos y videos con papá, sonriendo y contenta, hoy queda un rechazo a la figura de papá.

No es un rechazo injustificado: quien provocó el efecto dominó tiene nombre y apellido, pero las consecuencias son anónimas e invisibles hasta que llega el mensaje de Sofi a su papá y le dice: no te quiero ver más.

El papá lo describe así:
""El dolor más grande que puede existir... yo siempre estuve ahí, y siempre voy a estar cuando quieras venir por mí. Solo le pido al destino que nos vuelva a unir, que sepas la verdad y me encuentres, que no sea demasiado tarde"".

Sobre la situación judicial nos comenta:
""Hola, hubo suspensión de visitas... ya no tengo ningún contacto 😔"".

Por Sofi y papá levantemos la voz: los niños maltratados por un sistema judicial que promueve la impunidad y la disolución familiar también importan.

#papás #DesvinculaciónParental #ImpedimentoDeVínculo #alienacionparental #ObstrucciónParental",https://www.instagram.com/fundacion_crianza_compartida/reel/DSkIiUFgAhI/
2025-12-22T02:02:49.000Z,116,4,NA,"Así se preparan los papás, mamás y familias para mañana ♥️ 

#22D ##cortesuprema #simpertigue #vivanco #Hermosilla #corrupcionjudicial #LeyTocornal #JorgeTocornal",https://www.instagram.com/fundacion_crianza_compartida/p/DSjFrRPjBcv/
2025-12-22T01:19:28.000Z,138,4,NA,"El 22 de diciembre, a las 11:30 horas, en las afueras de la Corte Suprema ( Compañía de Jesús 1140 Santiago, Región Metropolitana)

La convocatoria del 22 de diciembre surge de las propias familias afectadas por la desvinculación parental y las fallas del sistema judicial de familia. 

No nace de partidos políticos ni de liderazgos autorreferentes que pretendan representar a todos; surge de madres, padres y abuelos que conocen de primera mano el impacto del impedimento de contacto y la falta de respuestas institucionales.

La autonomía es parte central de esta movilización. Cada familia, en cada territorio, está llamada a organizarse por sí misma y a hacerse presente en las afueras de los Tribunales de Familia, sin intermediarios ni estructuras externas que definan sus acciones o discursos. 

La fuerza de este movimiento está precisamente en que proviene de quienes viven el problema, y no de quienes intentan capitalizarlo desde fuera.

El 22 de diciembre, a las 11:30 horas, en las afueras de la Corte Suprema ( Compañía de Jesús 1140 Santiago, Región Metropolitana) , se reunirán para visibilizar una realidad que el sistema ha normalizado: la impunidad frente al impedimento de contacto y la vulneración sistemática del derecho de niños y niñas a mantener relación con ambos padres y sus familias. 

Esa misma acción puede y debe replicarse en cada región, en tribunales  de familia, de manera autónoma y coordinada entre las personas directamente afectadas.

No se trata de banderas mi logos ni de adhesión a causas ajenas a esta lucha. Se trata de que quienes han sido afectados por la desvinculación parental asuman su propio espacio, comuniquen su propia experiencia y exijan, desde su propia voz, un sistema que garantice el derecho a vínculo, identidad y corresponsabilidad. 

Cientos de familias afectadas. Una sola voz.

#manifestación #22d #cortesuprema #familias #falsasdenuncias #simpertigue #vivanco #Hermosilla",https://www.instagram.com/fundacion_crianza_compartida/reel/DSjAheajGUi/
2025-12-22T02:28:33.000Z,100,2,NA,"✨ Acompañando a una familia ensamblada, en medio de un conflicto complejo tras un esquema de maltrato habitual, en donde este papá fue víctima de una relación abusiva.
Estamos en medio de una diligencia donde se está revisando custodia de esta niña y múltiples programas interviniendo, con poco foco en lo que realmente esta niña podría estar necesitando.

Hoy comparto un pequeño momento de nuestro trabajo con estos adultos. Este libro de emociones, hecho por la madrastra, es el que estamos utilizando como herramienta para acompañar a esta pequeña, que lastimosamente ha quedado atrapada en un conflicto de alta interferencia parental.

En este proceso, la figura de la madrastra ha sido un sostén amoroso y protector, un verdadero escudo para ella en medio de la tensión entre sus padres y la diligencia legal.

Con esta familia, estamos preocupados por brindar un espacio seguro y que esta pequeña pueda reconocer lo que siente, fortalecer sus recursos emocionales y recuperar la tranquilidad de que nadie la va a separar de sus figuras de apego.

El padre y la madrastra están participando activamente en un acompañamiento especializado, comprometidos con despejar el conflicto y priorizar el bienestar de la niña.

💛 Cuando las familias se reorganizan con conciencia y apoyo, se abren caminos reales de reparación y cuidado.

@soytupsico_loga 

#madrastra #psicologia #psicologaforense #niños #familia",https://www.instagram.com/soytupsico_loga/reel/DSi8Q-bkfvG/
2025-12-21T22:55:15.000Z,126,8,NA,"El 22 de diciembre, a las 11:30 horas, en las afueras de la Corte Suprema ( Compañía de Jesús 1140 Santiago, Región Metropolitana)

La convocatoria del 22 de diciembre surge de las propias familias afectadas por la desvinculación parental y las fallas del sistema judicial de familia. 

No nace de partidos políticos ni de liderazgos autorreferentes que pretendan representar a todos; surge de madres, padres y abuelos que conocen de primera mano el impacto del impedimento de contacto y la falta de respuestas institucionales.

La autonomía es parte central de esta movilización. Cada familia, en cada territorio, está llamada a organizarse por sí misma y a hacerse presente en las afueras de los Tribunales de Familia, sin intermediarios ni estructuras externas que definan sus acciones o discursos. 

La fuerza de este movimiento está precisamente en que proviene de quienes viven el problema, y no de quienes intentan capitalizarlo desde fuera.

El 22 de diciembre, a las 11:30 horas, en las afueras de la Corte Suprema ( Compañía de Jesús 1140 Santiago, Región Metropolitana) , se reunirán para visibilizar una realidad que el sistema ha normalizado: la impunidad frente al impedimento de contacto y la vulneración sistemática del derecho de niños y niñas a mantener relación con ambos padres y sus familias. 

Esa misma acción puede y debe replicarse en cada región, en tribunales  de familia, de manera autónoma y coordinada entre las personas directamente afectadas.

No se trata de banderas mi logos ni de adhesión a causas ajenas a esta lucha. Se trata de que quienes han sido afectados por la desvinculación parental asuman su propio espacio, comuniquen su propia experiencia y exijan, desde su propia voz, un sistema que garantice el derecho a vínculo, identidad y corresponsabilidad. 

Cientos de familias afectadas. Una sola voz.

Si eres de regiones comenta tu región y el tribunal de familia de tu región donde te reunirás mañana a las 11:30 am .

#manifestación #22d #cortesuprema #familias #falsasdenuncias",https://www.instagram.com/fundacion_crianza_compartida/reel/DSivgXAktRm/
2025-12-21T21:33:52.000Z,200,7,NA,"El 22 de diciembre, a las 11:30 horas, en las afueras de la Corte Suprema ( Compañía de Jesús 1140 Santiago, Región Metropolitana)

La convocatoria del 22 de diciembre surge de las propias familias afectadas por la desvinculación parental y las fallas del sistema judicial de familia. 

No nace de partidos políticos ni de liderazgos autorreferentes que pretendan representar a todos; surge de madres, padres y abuelos que conocen de primera mano el impacto del impedimento de contacto y la falta de respuestas institucionales.

La autonomía es parte central de esta movilización. Cada familia, en cada territorio, está llamada a organizarse por sí misma y a hacerse presente en las afueras de los Tribunales de Familia, sin intermediarios ni estructuras externas que definan sus acciones o discursos. 

La fuerza de este movimiento está precisamente en que proviene de quienes viven el problema, y no de quienes intentan capitalizarlo desde fuera.

El 22 de diciembre, a las 11:30 horas, en las afueras de la Corte Suprema ( Compañía de Jesús 1140 Santiago, Región Metropolitana) , se reunirán para visibilizar una realidad que el sistema ha normalizado: la impunidad frente al impedimento de contacto y la vulneración sistemática del derecho de niños y niñas a mantener relación con ambos padres y sus familias. 

Esa misma acción puede y debe replicarse en cada región, en tribunales  de familia, de manera autónoma y coordinada entre las personas directamente afectadas.

No se trata de banderas mi logos ni de adhesión a causas ajenas a esta lucha. Se trata de que quienes han sido afectados por la desvinculación parental asuman su propio espacio, comuniquen su propia experiencia y exijan, desde su propia voz, un sistema que garantice el derecho a vínculo, identidad y corresponsabilidad. 

Cientos de familias afectadas. Una sola voz.

#manifestación #22d #cortesuprema #simpertigue #falsasdenuncias #vivanco #hermosilla",https://www.instagram.com/fundacion_crianza_compartida/reel/DSimtJbEh5W/
2025-12-21T19:22:15.000Z,1121,67,NA,"El 22 de diciembre, a las 11:30 horas, en las afueras de la Corte Suprema ( Compañía de Jesús 1140 Santiago, Región Metropolitana)

La convocatoria del 22 de diciembre surge de las propias familias afectadas por la desvinculación parental y las fallas del sistema judicial de familia. 

No nace de partidos políticos ni de liderazgos autorreferentes que pretendan representar a todos; surge de madres, padres y abuelos que conocen de primera mano el impacto del impedimento de contacto y la falta de respuestas institucionales.

La autonomía es parte central de esta movilización. Cada familia, en cada territorio, está llamada a organizarse por sí misma y a hacerse presente en las afueras de los Tribunales de Familia, sin intermediarios ni estructuras externas que definan sus acciones o discursos. 

La fuerza de este movimiento está precisamente en que proviene de quienes viven el problema, y no de quienes intentan capitalizarlo desde fuera.

El 22 de diciembre, a las 11:30 horas, en las afueras de la Corte Suprema ( Compañía de Jesús 1140 Santiago, Región Metropolitana) , se reunirán para visibilizar una realidad que el sistema ha normalizado: la impunidad frente al impedimento de contacto y la vulneración sistemática del derecho de niños y niñas a mantener relación con ambos padres y sus familias. 

Esa misma acción puede y debe replicarse en cada región, en tribunales  de familia, de manera autónoma y coordinada entre las personas directamente afectadas.

No se trata de banderas mi logos ni de adhesión a causas ajenas a esta lucha. Se trata de que quienes han sido afectados por la desvinculación parental asuman su propio espacio, comuniquen su propia experiencia y exijan, desde su propia voz, un sistema que garantice el derecho a vínculo, identidad y corresponsabilidad. 

Cientos de familias afectadas. Una sola voz.

#manifestación #22d #cortesuprema #familias #FalsasDenuncias",https://www.instagram.com/fundacion_crianza_compartida/reel/DSiXvcHks5z/
2025-12-21T17:54:46.000Z,78,2,NA,"Desde la psicología del desarrollo infantil, el sentido de pertenencia no se construye desde la exclusividad, sino desde la seguridad emocional y la continuidad de vínculos significativos, lo que permite que los niños desarrollen pertenencia en más de un hogar cuando existe estabilidad y disponibilidad afectiva. 

La evidencia muestra que no es la crianza compartida la que daña, sino el conflicto interparental, la descalificación de uno de los progenitores y la interrupción forzada de relaciones relevantes, prácticas que además vulneran el derecho del niño a mantener contacto directo y regular con ambos padres, reconocido en la Convención sobre los Derechos del Niño. 

Desde la Fundación Crianza Compartida Chile sostenemos que, aunque el cuidado compartido debe adaptarse a cada niño y no responde a un único formato, negar de plano la presencia activa y significativa de uno de los progenitores afecta el desarrollo psicoemocional, la identidad y las habilidades sociales de los hijos; por el contrario, un sentido de pertenencia dual, sostenido sin conflicto adulto, fortalece a los niños, tal como lo respalda la literatura científica, incluida la investigación de Richard A. Warshak (2014), que concluye que, en ausencia de abuso o negligencia, los niños se benefician del contacto frecuente y significativo con ambos padres.

#CrianzaCompartida #CorresponsabilidadParental #coparentalidad #ImpedimentoDeVínculo #interferenciasparentales",https://www.instagram.com/fundacion_crianza_compartida/p/DSiN0n1CVv1/
2025-12-21T13:41:01.000Z,166000,2111,NA,"El problema no es la crianza compartida y la corresponsabilidad parental, el problema es la exclusión del otro progenitor. 

En el acto de fin de año de su hija, el padre no fue informado ni invitado. Aun así, hizo el esfuerzo de averiguar y asistir para estar presente en un momento significativo para ella. No se trató de un gesto confrontacional, sino de asumir su rol parental en un hito importante de la vida de su hija.

Desde la psicología infantil, estos eventos forman parte de la construcción del sentido de pertenencia y de la seguridad emocional. La exclusión deliberada de uno de los progenitores limita la experiencia  afectiva de los niños y solo crea un conflicto donde no debiera existir ; además, interrumpe la continuidad de vínculos que son relevantes para su desarrollo.

En este caso, no hablamos de un padre ausente. Cumple con sus obligaciones y busca mantenerse presente, aun cuando no siempre se le facilita ese vínculo. Confundir el término de la relación de pareja con la relación parental termina afectando directamente los derechos de los hijos.

Desde la Fundación Crianza Compartida Chile sostenemos que la crianza compartida no tiene una modalidad única y que es un principio y modo de vida que reconoce la importancia de la presencia activa de ambos padres. Normalizar esa presencia en la vida cotidiana y escolar de los niños no debería ser una excepción o algo problemático .

Muchos ponen todos los esfuerzos en justificar la decisión del progenitor conviviente y muy poco esfuerzo y empatía en la parte del padre no conviviente y menos en la reacción de felicidad de una niña que se alegra de ver a su papá en el acto escolar. 

Cambiemos el foco ♥️

#graduacion #crianzacompartida #leycrianzacompartida #DerechosDeInfancia #PerspectivaDeInfancia #PapáPresente",https://www.instagram.com/fundacion_crianza_compartida/reel/DShvZHlgPD2/
2025-12-20T22:22:35.000Z,947,69,NA,"Una de las buenas noticias que dejó esta semana. 

Juan , un papá integrante del grupo de apoyo , información y acompañamiento de la Fundación Crianza Compartida Chile por fin finalizó su proceso judicial.

El mejor regalo de Navidad para su peque 🎅 es la #CrianzaCompartida y la presencia de ambos padres en la vida de su hija .

Felicitaciones papá y a todos los papás que siguen luchando por la protección de los derechos de sus hijos 👏..",https://www.instagram.com/fundacion_crianza_compartida/p/DSgHrNBkgEf/
2025-12-19T22:33:20.000Z,135,4,NA,"¿ Aún dudas de lo importante que eres en la vida de tu hija /o ? 

¿ Aún dudas de la grandeza de tu batalla por la protección de los derechos de tu hijo / a ? 

Lunes #22D / 11:30 am / #cortesuprema",https://www.instagram.com/fundacion_crianza_compartida/p/DSdkHLeEllw/
2025-12-19T22:23:23.000Z,138,6,NA,"La Asociación Latinoamericana de Psicología Jurídica y Forense fue clara:

la psicología forense es un campo científico autónomo, con reglas, métodos y responsabilidades propias.
Defender el disenso técnico, la revisión crítica y la independencia pericial no debilita la justicia: la fortalece.

Cuando se confunden funciones, se clausura el debate o se impone una única mirada, se empobrece la prueba y se vulneran derechos, especialmente los de niñas, niños y adolescentes.

Desde Infancia Compartida sostenemos lo mismo: más rigor, más debate. Menos ideología y menos silenciamiento... 

Y por supuesto PERSPECTIVA DE NIÑEZ 

Hacia la cultura de una Infancia Compartida... Y SIN MALTRATOS!",https://www.instagram.com/infanciacompartidaok/p/DSdi-KXkT4X/
2025-12-19T18:03:42.000Z,207,49,NA,"El 22 de diciembre, a las 11:30 horas, en las afueras de la Corte Suprema ( Compañía de Jesús 1140 Santiago, Región Metropolitana)

La convocatoria del 22 de diciembre surge de las propias familias afectadas por la desvinculación parental y las fallas del sistema judicial de familia. 

No nace de partidos políticos ni de liderazgos autorreferentes que pretendan representar a todos; surge de madres, padres y abuelos que conocen de primera mano el impacto del impedimento de contacto y la falta de respuestas institucionales.

La autonomía es parte central de esta movilización. Cada familia, en cada territorio, está llamada a organizarse por sí misma y a hacerse presente en las afueras de los Tribunales de Familia, sin intermediarios ni estructuras externas que definan sus acciones o discursos. 

La fuerza de este movimiento está precisamente en que proviene de quienes viven el problema, y no de quienes intentan capitalizarlo desde fuera.

El 22 de diciembre, a las 11:30 horas, en las afueras de la Corte Suprema ( Compañía de Jesús 1140 Santiago, Región Metropolitana) , se reunirán para visibilizar una realidad que el sistema ha normalizado: la impunidad frente al impedimento de contacto y la vulneración sistemática del derecho de niños y niñas a mantener relación con ambos padres y sus familias. 

Esa misma acción puede y debe replicarse en cada región, en tribunales  de familia, de manera autónoma y coordinada entre las personas directamente afectadas.

No se trata de banderas mi logos ni de adhesión a causas ajenas a esta lucha. Se trata de que quienes han sido afectados por la desvinculación parental asuman su propio espacio, comuniquen su propia experiencia y exijan, desde su propia voz, un sistema que garantice el derecho a vínculo, identidad y corresponsabilidad. 

Cientos de familias afectadas. Una sola voz.

#manifestación #22d #cortesuprema #familias #falsasdenuncias",https://www.instagram.com/fundacion_crianza_compartida/reel/DSdFI2HiW6z/
2025-12-19T13:40:24.000Z,186,8,NA,"Hoy Mauricio ( @diario_para_amalia ) tiene audiencia a las 10:30 am . 

Que el grito de #JusticiaPorAmalia se escuche fuerte 💪 

La paternidad se defiende ☝️

Imágenes de la manifestación de hoy Viernes en paralelo a la realización de la audiencia en Tribunal de Familia de San Miguel . 

También incluimos las imágenes que comparten los papás y mamás en preparación de la manifestación convocada por las familias desvinculadas y judicializadas el próximo Lunes 22 de Diciembre a las 11:30 am afuera de la Corte Suprema .

☝️ Seguimos .",https://www.instagram.com/fundacion_crianza_compartida/p/DScnHwngILT/
2025-12-19T11:41:45.000Z,123,6,NA,"Canción de marcouve_latino

Este papá comenta lo que lo motivó para hacer esta canción desde su experiencia de impedimento de vínculos: 

"" Esta canción nació del amor más puro que conozco. La hice para ti, Ámbar, en tu cumpleaños número 3.

Aunque hoy la distancia exista, mi amor siempre encuentra la forma de estar.

Estás presente en cada día, en cada sueño y en cada paso que doy.

Creo profundamente que el tiempo va a acomodar las cosas y que la vida nos va a volver a juntar.

Este video es una promesa silenciosa: que siempre voy a estar para ti, que nunca dejé de amarte ni lo haré jamás.

Ojalá algún día escuches esta canción y sientas todo lo que hay acá: un amor que espera, que confía y que no se rinde.

Siempre contigo, hija mía.
El amor siempre encuentra el camino.""

#fundacióncrianzacompartida #crianzacompartida #PadresJudicializados #paternidad #Chile",https://www.instagram.com/fundacion_crianza_compartida/reel/DScY5XbgMqv/
2025-12-18T15:07:27.000Z,77,3,NA,"POR UNA NAVIDAD CON AMALIA!!!! ✊🏼✊🏼✊🏼✊🏼

MAÑANA! Audiencia 10:30 hrs. Acompáñeme a las afueras del tribunal desde de las 10:00hrs. Protesta con megáfono.

Tribunales de familia de San Miguel, Álvarez de Toledo 1001-1061, 8900153 San Miguel, Región Metropolitana 

#sanmiguel  #tribunaldefamilia #falsasdenuncias  #poderjudicial #LeyCrianzaCompartida #nomasfalsasdenuncias",https://www.instagram.com/diario_para_amalia/reel/DSaMPd0DeI4/
2025-12-18T12:43:11.000Z,250,51,NA,"Caso de presunta falsificación y abuso de poder en Carabineros para desvincular a un padre de su hijo : el testimonio de la familia .

Elena, abuela paterna de T., relata el profundo impacto que la situación judicial y los actos del funcionario policial han tenido en su familia.

 “Si ya logramos verlo ( al niño ) , pero mi hijo está actualmente como agresor frecuente, ya que el juez de familia en la audiencia no leyó nada, entonces se declaró incompetente y se fue a penal, lo cual está en proceso aún.

Y estamos en el juicio para obtener la tuición de T.”

Respecto de la publicidad del caso y las consecuencias para la familia, señala:

 “Queremos que sea público ya que él es un funcionario que debió proteger.

No se imagina el daño que él ha provocado con su delito, daño económico y emocional.

Llevamos casi 4 millones ( gastados )  en abogados.”

Los hechos denunciados involucran al carabinero Cristóbal Rodrigo González Riquelme, quien presuntamente fabricó un relato falso para denunciar al padre de T., con el fin de impedir el contacto paterno y vulnerar sus derechos. Para ello, se habría valido de su cargo en la comisaría de Tierras Blancas, falsificado la firma de la madre del niño —quien además es su pareja— y utilizado indebidamente el nombre y la firma del carabinero Benjamín Machuca Becerra, haciéndolo figurar como quien tomó el procedimiento, pese a que no estaba de turno.

Según los antecedentes, la investigación debía durar 90 días, pero ya han pasado seis meses sin resolución, mientras que el funcionario denunciado continúa ejerciendo sus funciones. Además, existe un informe de LABOCAR (Laboratorio de Criminalística de Carabineros) que confirma la falsificación de firmas, antecedente clave que respalda la denuncia y refuerza la gravedad de las acusaciones.

Este caso ha generado un profundo impacto emocional y económico en la familia, que actualmente lucha por garantizar el bienestar de Tomás y obtener la tuición, mientras enfrenta las secuelas de un proceso judicial que consideran lento e insuficientemente protegido por el sistema.

#laserena #tierrasblancas #carabinerosdechile👮 #FalsasDenuncias #FamiliasUnidas #cuartaregion #cuidadopersonal",https://www.instagram.com/fundacion_crianza_compartida/p/DSZ7x3RgJj6/
2025-12-17T22:14:26.000Z,48,0,NA,"Si estás viviendo un proceso familiar, o estás por iniciarlo, esta conferencia te dará claridad, herramientas concretas y un camino más seguro para avanzar.

📅 22 de diciembre
🕘 22:00 hrs (Chile)
💻 Vía Zoom (inscripción obligatoria)
📝 Formulario de inscripción: 
En la biografía ⬆️
💲7.000.

Al finalizar, quienes necesiten apoyo más personalizado podrán acceder a una mentoría individual, enfocada en tu caso, tus emociones y tu estrategia legal.

#derechodefamilia #falsasdenuncias #mentoría #conferencias #tribunaldefamilia",https://www.instagram.com/vanessaferrerradovic/reel/DSYX5m_kenI/
2025-12-17T17:19:58.000Z,107,6,NA,"Leemos este relato con una pena profunda 😔 

La justicia que llega tarde ya no es justicia , es reparación y reconocimiento estatal del daño provocado. 

Una niña que no fue interés para el sistema durante años: abandono, abuso, negligencia en su salud y en su desarrollo. Una infancia que recién comienza a recuperar algo de calma cuando un padre cambia toda su vida para hacerse cargo de su hija en lo cotidiano:el estudio, la salud física y emocional, los miedos y el descanso.

Y aun así, cuando aparece por primera vez algo parecido a estabilidad, el sistema vuelve a poner en duda el bienestar emocional de una niña .

La perspectiva de infancia debe primar por sobre cualquier interés adulto . 

#PerspectivaDeGénero versus #PerspectivaDeInfancia 

#DerechosDeInfancia versus #adultocentrismo

Por los hijos invisibles para el sistema; manifiéstate. 

No podemos seguir lamentándonos; es tiempo de pasar a la acción directa y fortalecer la organización y participación de las familias víctimas de la corrupción y negligencia judicial.",https://www.instagram.com/fundacion_crianza_compartida/p/DSX2qBSCfCx/
2025-12-17T14:43:36.000Z,24000,217,NA,"La #LeyCrianzaCompartida busca que hijos e hijas de padres separados convivan el mismo tiempo con su mamá o papá, o que las decisiones respecto a ellos sean tomadas por igual. 🏡

Por una crianza colaborativa, coparticipativa y corresponsable.

¿Te sumas a esta iniciativa? Firma en el enlace de nuestra biografía ✍️⬇️

#LeyCrianzaCompartida
https://chng.it/G5FmrLCmkR",https://www.instagram.com/fundacion_crianza_compartida/reel/DSXkvBHAFYW/
2025-12-17T12:24:38.000Z,216,10,NA,"Mientras tanto en tribunales de familia ... 

Súmate a la convocatoria de las familias afectadas por el sistema judicial en familia y penal este lunes 22 de Diciembre a las 11:30 am afuera de la Corte Suprema .

Todas las familias, padres , madres, abuelos y abuelas, tíos / as desvinculados injustamente de sus niños .

#navidad2025 #cortesuprema #manifestación",https://www.instagram.com/fundacion_crianza_compartida/p/DSXU26uAMIt/
2025-12-16T19:20:12.000Z,2003,130,NA,"Hoy se realizó el lanzamiento de la #LeyTocornal, también conocida como #LeyFalsasDenuncias, el tercer proyecto de ley presentado este año que aborda esta problemática de manera directa.

Agradecemos sinceramente la invitación extendida por el diputado @diputadourruticoechea. Lamentablemente, por compromisos institucionales previamente adquiridos, no fue posible asistir al lanzamiento de esta moción parlamentaria.

Sin perjuicio de ello, manifestamos nuestro total apoyo a esta iniciativa y a todas aquellas propuestas legislativas que avancen en la sanción de las falsas denuncias y en la protección efectiva del interés superior de niños, niñas y adolescentes, especialmente cuando son instrumentalizados en contextos de separaciones altamente conflictivas.

Del mismo modo, respaldamos todas las acciones orientadas a garantizar el respeto al debido proceso, la presunción de inocencia y la revinculación respetuosa y oportuna de hijos e hijas con padres y madres que han sido injustamente desvinculados a raíz de denuncias falsas.

Nuestro compromiso es con las familias y, por sobre todo, con los niños y niñas cuyos derechos han sido vulnerados.

Seguimos.

❤️🤝",https://www.instagram.com/fundacion_crianza_compartida/p/DSVfg7kkrPR/
2025-12-16T15:40:31.000Z,31,3,NA,"👀No tienes que navegar este proceso a ciegas.
♟️Ven y prepararte con información, estrategia… y un poco de contención.🥰

Lunes 22-12-2025
Hora: 20:00 hrs.
Valor: $7.000
Modalidad: Zoom (acceso personal, no transferible)

Link de inscripción:
https://forms.gle/FGDV5VGqD5e8jgc38

#derechodefamilia #falsasdenuncias #mentoría #conferencias #tribunaldefamilia",https://www.instagram.com/vanessaferrerradovic/p/DSVGe_TEdWo/
2025-12-16T12:52:15.000Z,2265,147,NA,"La madre comenta que el permiso fue para que los niños pudieran salir del país y pasar la Navidad con su papá, como corresponde en estos casos.

Felicitaciones a este papá y a esta mamá por poner por delante el bienestar de sus hijos.

Por @ daryimp",https://www.instagram.com/fundacion_crianza_compartida/reel/DSUy1SYANIZ/
2025-12-16T03:23:50.000Z,77,7,NA,"Por una navidad con Amalia!!!

Protesta con megáfono en el tribunal de Familia de San Miguel 

VIERNES 19 de DICIEMBRE 
10:00 horas 

Todos somos Mauricio!!! ✊🏻✊🏻✊🏿✊🏼✊🏾

Tribunales de familia de San Miguel, Álvarez de Toledo 1001-1061, 8900153 San Miguel, Región Metropolitana 

#sanmiguel  #tribunaldefamilia #falsasdenuncias  #poderjudicial #LeyCrianzaCompartida",https://www.instagram.com/diario_para_amalia/reel/DSTxnwojRFK/
2025-12-15T20:01:33.000Z,23,0,NA,"Los invitamos a ver el capítulo 1 del podcast de @somosmujercl donde hemos reunido a un grupo de mujeres power con mucho que decir.
CAP1 invitada @ps_perito_caroval  de la @fundacion_crianza_compartida 

No te lo pierdas hoy 21 hrs por www.radiohoy.cl y en nuestras plataformas digitales. 

Este programa llega a Uds. gracias
al financiamiento del Fondo de Fomento de Medios de Comunicación Social del Gobierno de Chile y del Consejo Regional”

#somosmujer #podcast #fondodemedios #core #radiohoy",https://www.instagram.com/radiohoycl/p/DSS_j_WkcAQ/
2025-12-15T19:18:29.000Z,22,2,NA,"Voy a explicarte, con palabras simples, cómo funciona realmente el sistema, cuáles son tus derechos, qué errores evitar y cómo prepararte emocional, psicológica y jurídicamente para lo que viene.
Inscríbete ahora.
Es el primer paso para entender, para fortalecerte y para tomar el control de tu historia.
Te espero.”

Lunes 22-12-2025
Hora: 20:00 hrs.
Valor: $7.000
Modalidad: Zoom (acceso personal, no transferible) 

#derechodefamilia #falsasdenuncias #crianzacompartida #webinar #conferencia",https://www.instagram.com/vanessaferrerradovic/p/DSS6V59ETHV/
2025-12-15T16:29:17.000Z,223,14,NA,"¡Hola a todos! 

Despues de 4 años de larga lucha, mi hijo en el dia de hoy conocera su habitacion. que con tanto cariño la decore.

Antes no podia entrar al cuarto, pero ahora si, y entro con muchas lagrimas pero esta vez son lagrimas de alegria 

🥰 🎅 Por Luis , un papá en proceso de revinculación. 

#paratiiiiiiiiiiiiiiiiiiiiiiiiiiiiiii #fundacióncrianzacompartidachile #papá #navidad",https://www.instagram.com/fundacion_crianza_compartida/reel/DSSm9kKkZcF/
2025-12-22T00:44:08.000Z,26,2,NA,NA,https://www.instagram.com/fundacion_crianza_compartida/reel/DSQUIwQkl3v/
2025-12-14T11:30:42.000Z,398,11,NA,"Buen día comunidad.

Les compartimos un resumen de las actividades de esta semana y lo que viene en la Fundación Crianza Compartida Chile.

El lunes se realizó el taller sobre estrés parental, con la participación de madres y padres de distintos grupos de la Fundación, en un espacio de aprendizaje y apoyo .

El miércoles estuvimos presentes en la Conferencia Internacional Identidad Vulnerada, visibilizando una problemática que afecta directamente a niños, niñas y sus familias.

Este jueves realizamos un live sobre bullying escolar junto a Bullying Educa, abordando una realidad que sigue siendo urgente en nuestro país.

Ayer participamos en el programa Venga lo que venga, conducido por Alejandro Litmanovich.
Pueden revisar el programa aquí:
https://www.youtube.com/live/HG7zkDsK-EQ?si=NVy1VkwTFJrWWu19

Ayer se realizó una actividad presencial con integrantes de distintos grupos de la Fundación, con asesoría jurídica, actividades deportivas y un espacio de encuentro.

Hoy es día de elecciones y les recordamos llevar sus carteles y aprovechar la presencia de la prensa en los locales de votación para visibilizar sus historias.

Hoy en la tarde la Fundación participará en una actividad navideña en la Quinta Región, acompañando a niños y familias como cada año.

El 22 de diciembre, a las 11:30 horas, se realizará una manifestación autoconvocada afuera de la Corte Suprema por familias afectadas por el sistema de familia y por organismos colaboradores del Servicio de Protección.

Continúa el trabajo de la comisión especial y multidisciplinaria, donde participa el equipo legal y pericial de la Fundación, para avanzar en la presentación de la ley contra las falsas denuncias.

Desde el Congreso el próximo martes será el lanzamiento de un nuevo proyecto de ley contra las falsas denuncias, denominado Ley Tocornal. Aunque no podremos asistir, apoyamos todas las instancias que permitan avanzar en esta materia.

La próxima semana continúa el ciclo navideño de talleres de Crianza Compartida:
Martes: taller de madrastras.
Jueves: conversatorio jurídico gratuito.

Inscripciones en el enlace del perfil o en:
https://docs.google.com/forms/d/e/1FAIpQLScuAoxDBC6riyGht8JRISP6",https://www.instagram.com/fundacion_crianza_compartida/p/DSPgTlCALPG/
2025-12-13T17:49:13.000Z,3035,102,NA,"La pernoctación en contextos de separación no es un privilegio para el progenitor no custodio, sino un derecho del niño.

Dormir con su progenitor no custodio, favorece la continuidad de rutinas, la seguridad emocional y el fortalecimiento de vínculos. Estudios han demostrado que los niños que pernoctan con ambos padres desarrollan mejor regulación emocional y apego seguro (Tornello et al., 2013; McIntosh, Smyth & Kelaher, 2013).

Además, investigaciones recientes en Latinoamérica y Chile destacan que la custodia compartida con pernoctación mejora la percepción de apoyo y estabilidad, siempre que exista baja conflictividad entre los progenitores (Amador Donado et al., 2024; Barría Paredes et al., 2022).

👉 Los ejemplos compartidos son ilustrativos. Cada familia y cada situación requieren una evaluación profesional para comprender la dinámica real y proteger el bienestar de los niños.
(Clip de Taller: “Aprendiendo a ser padres separados”
Último taller para padres de este #2025

Agradecida de la asistencia de todas esas familias que buscan seguir siendo apoyo y contención para los niños
En este taller participaron padres, madres y abuelos.

#antofagasta #papá #mamá #familias #separacion #divorcio #psicologia #tallerparapadresseparados",https://www.instagram.com/soytupsico_loga/reel/DSNjSq3EXlF/
2025-12-13T13:00:07.000Z,105,8,NA,"Agradecer profundamente la invitación de @villalobosatlas en la conferencia identidad vulnerada por impedimento de contacto. Dejo el extracto de mi participación como profesional de Chile representando a su vez a @fundacion_crianza_compartida esperamos que este tipo de instancias de conocimiento, reflexión y consciencia colectiva se repliquen pues nuestros niños merecen ser puestos en el foco principal !",https://www.instagram.com/ps_perito_caroval/reel/DSNFvjEDf-_/
2025-12-12T17:36:41.000Z,95,4,NA,"Mientras participábamos en un conversatorio ( Identidad Vulnerada organizado por @villalobosatlas ) , recibimos el mensaje de un padre que llevaba meses - incluso años- enfrentando impedimentos para vincularse con su hijo. 

Ese día se enteró, casi por casualidad, que su pequeño se graduaba en el jardín.

Sin expectativas, pero con determinación, fue al establecimiento con la Circular N°27 de la Superintendencia de Educación en mano. ( consideren también el decreto nro. 327 ) 

Hace un momento nos llegó su video: su hijo corriendo a abrazarlo y diciéndoles a sus compañeros ( frase de reconocimiento y orgullo hacia el papá ) 

Historias como esta nos recuerdan por qué insistimos tanto en el derecho de niños y niñas a mantener vínculo con ambos padres.

Cuando la normativa se respeta, gana la infancia.

No se rindan. Cada paso, cada derecho ejercido, cada abrazo, importa.",https://www.instagram.com/fundacion_crianza_compartida/p/DSLAmS-CYGg/
2025-12-12T15:27:15.000Z,650,69,NA,"¿ Qué harías tú si te acusan de algo que no hiciste ?

¿ Qué harías tú si esa acusación corta la comunicación y el contacto con tu hijo / a al cual veías todos los días y dejaste de ver de manera abrupta ? 

¿ Qué harías tú si aún teniendo representación jurídica y habiendo intentado corregir el ""error judicial"" cometido por una consejera técnica y habiendo realizado las acciones pertinentes en tribunal de familia y en Corte de Apelaciones el magistrado decide sostener el error antes de asumir el equivocación ? 

Esta es la historia de Mauricio, un papá que lleva casi 3 meses sin ver a su hija . 

¿ Cuál es el tribunal de familia que te impide ver a tu hijo / a ? 

Súmate a la convocatoria que hacen las familias afectadas por el sistema judicial el día lunes 22 de diciembre a las 11:30 horas afuera de la #cortesuprema

@diario_para_amalia",https://www.instagram.com/fundacion_crianza_compartida/reel/DSKw5LHkZ3a/
2025-12-12T11:32:25.000Z,1044,7,NA,"A veces pensamos en el futuro y nos imaginamos a los hijos recordando cosas simples: que no solo los amamos, sino que de verdad disfrutamos estar con ellos.

Esa idea mueve a muchos padres y madres que hoy están peleando por algo tan básico como poder compartir tiempo con sus hijos.

En Fundación Crianza Compartida Chile hablamos de eso todos los días: del derecho a estar, a acompañar, a criar.

¿Qué momento te gustaría que tu hijo o hija recuerde contigo más adelante?

Créditos a @ agapo",https://www.instagram.com/fundacion_crianza_compartida/reel/DSKWoeDgFCv/
2025-12-11T12:57:58.000Z,165,8,NA,"Energía ranística para la protesta de hoy!!! 

Vamos por Amalia!!!!✊🏻✊🏻✊🏻✊🏻",https://www.instagram.com/diario_para_amalia/reel/DSH7e6ajU1O/
2025-12-11T11:47:29.000Z,102,15,NA,"¿ Qué opinas de dejar a una niña de 11 años sola sin supervisión de adulto existiendo un padre presente que podría hacerse cargo?

Por Francisco González Pacheco ( @franciscopachecoabogado ) integrante del equipo legal de Fundación Crianza Compartida Chile. 

¿ Qué opinas del criterio de algunos jueces de familia ?

#derechosdelosniños #paratiiiiiiiiiiiiiiiiiiiiiiiiiiiiiii #fundacioncrianzacompartidachile #negligencia",https://www.instagram.com/fundacion_crianza_compartida/reel/DSHzeKmAAeH/
2025-12-10T19:28:05.000Z,656,53,NA,"¿Ya alzaste la voz?

¿Ya fuiste al Tribunal de Familia que hoy te impide ver a tu hijo o hija?

Si un tribunal o un PRM te quitó el derecho a criar, amar y acompañar a tu hijo, el silencio no es una opción.

No esperes a que aparezca un “líder”, un político o un salvador que hable por ti. Nadie va a defender mejor que tú los derechos de tus hijos ( excepto en tribunales donde se necesita una comprometida representación legal ) .

Actúa por la vía judicial, por supuesto.
Denuncia por la vía formal , también. 
Pero no te quedes solo ahí.

Manifiéstate.

Haz visible el abuso, la negligencia y la indiferencia institucional.

Haz sentir tu presencia donde solo te ven como un expediente y un número de causa. 

Los Tribunales de Familia no pueden seguir funcionando de espaldas al daño real que provocan sus decisiones.

Cuando las instituciones fallan, la ciudadanía , las familias se levantan .

Y cuando los padres, madres y familias se organizan, el silencio se rompe.

1. Tribunal de Familia de Santiago

2. Tribunal de Familia de San Miguel

3. Tribunal de Familia de Puente Alto

4. Tribunal de Familia de Colina

5. Tribunal de Familia de San Bernardo

6. Tribunal de Familia de Valparaíso

7. Tribunal de Familia de Viña del Mar

8. Tribunal de Familia de Quilpué

9. Tribunal de Familia de Rancagua

10. Tribunal de Familia de Talca

11. Tribunal de Familia de Curicó

12. Tribunal de Familia de Chillán

13. Tribunal de Familia de Concepción

14. Tribunal de Familia de Talcahuano

15. Tribunal de Familia de Los Ángeles

16. Tribunal de Familia de Temuco

17. Tribunal de Familia de Valdivia

18. Tribunal de Familia de Osorno

19. Tribunal de Familia de Puerto Montt

20. Tribunal de Familia de Antofagasta

 ¿Algún tribunal te desvinculó de tu hijo o hija?",https://www.instagram.com/fundacion_crianza_compartida/p/DSGDwcQEhtR/
2025-12-10T14:37:55.000Z,194,34,NA,"Padre inicia el proceso de revinculación con su hijo y envía un mensaje a los padres que están viviendo la desvinculación parental y la retención arbitraria de sus hijos por parte el progenitor custodio .

#impedimentodevinculos #fundacioncrianzacompartidachile #paratiiiiiiiiiiiiiiiiiiiiiiiiiiiiiii #derechosdelosniños #reencuentro",https://www.instagram.com/fundacion_crianza_compartida/reel/DSFhrxWgAr8/
2025-12-10T01:37:01.000Z,80,6,NA,"Todos somos Mauricio!!! ✊🏻✊🏻✊🏿✊🏼✊🏾

Tribunales de familia de San Miguel, Álvarez de Toledo 1001-1061, 8900153 San Miguel, Región Metropolitana 

#sanmiguel  #tribunaldefamilia #falsasdenuncias  #poderjudicial #LeyCrianzaCompartida #nomasfalsasdenuncias",https://www.instagram.com/diario_para_amalia/reel/DSEJEBtjasD/
2025-12-09T22:59:56.000Z,741,102,NA,"Te dejaré ver al niño cuando te hagas una evaluación de habilidades parentales.»
Frases como esta, o como “El niño está enfermo y no sabes cuidarlo”, “No lo lleves ahí porque no me gusta tu mamá”, o “El niño me dice que me extraña cuando está contigo”, parecen discusiones cotidianas… pero en realidad son señales de gaslighting y obstrucción parental que suelen aparecer mucho antes de la separación.

Es importante reconocerlas, son formas de violencia invisible que afectan directamente a la infancia.

👉 Estos ejemplos son solo ilustrativos. Cada familia y cada situación son únicas, y siempre requieren una evaluación profesional para comprender la dinámica real y proteger el bienestar de los niños.

@soytupsico_loga 

#Gaslighting #ObstrucciónParental #ViolenciaInvisible #ProtecciónInfantil #Chile #Psicoeducación #hijos #psicologia #psicologaForense",https://www.instagram.com/soytupsico_loga/reel/DSD3GOUka3Y/
2025-12-09T21:14:08.000Z,193,19,NA,"La abogada Marcia Caimanque (@tu.espaciolegal), luego de relatar una experiencia cercana en la que un abogado recomendó a una madre presentar una falsa denuncia contra su expareja para bloquear el régimen comunicacional con su hijo, plantea la siguiente pregunta:

¿Crees que las falsas denuncias dañan a la infancia y que deberían ser sancionadas como una forma de violencia?",https://www.instagram.com/fundacion_crianza_compartida/reel/DSDqwsBkhn2/
2025-12-09T15:31:20.000Z,246,36,NA,"Rodrigo es un padre que llegó hasta La Moneda para entregar una carta, en un gesto solitario pero profundamente simbólico. No fue un hecho aislado: es parte de una serie de acciones que expresan el cansancio, la urgencia y la dignidad de familias que ya no encuentran respuesta en las instituciones.

Estos actos marcan la antesala de la manifestación autoconvocada del lunes 22 de diciembre, a las 11:30 horas, afuera de la Corte Suprema de Justicia de Chile, en el Palacio de Tribunales, Compañía 1140, Santiago, a pasos del Metro Plaza de Armas.

Allí se reunirán familias afectadas por decisiones de Tribunales de Familia, PRM ,y otras instituciones públicas, para exigir justicia y la protección del derecho de niños y niñas a vivir en familia.

Esto es una convocatoria por vínculos, por los hijos y por responsabilidad del Estado al permitir que las falsas denuncias destruyan familias , al permitir la impunidad ante el impedimento de contacto con los hijos y la negligencia profesional en los programas de @servicioproteccion

#22D #manifestación #familias #PadresJudicializados #MadresJudicializadas #cortesuprema #LeyTocornal #graneros #rancagua",https://www.instagram.com/fundacion_crianza_compartida/reel/DSDC2r1ETdm/
2025-12-09T13:44:19.000Z,17000,226,NA,"¿ Es posible una separación sana o como le llama Adriana Jimenez , un #divorcioconamor ? 

Cuéntanos tu experiencia. 

#crianzacompartida #leycrianzacompartida #separación #fundacióncrianzacompartida #expareja",https://www.instagram.com/fundacion_crianza_compartida/reel/DSC3Pi9ADVe/
2025-12-09T12:11:41.000Z,199,17,NA,"Vamos por Amalia!! 

#sanmiguel  #tribunaldefamilia #falsasdenuncias  #poderjudicial #LeyCrianzaCompartida #nomasfalsasdenuncias",https://www.instagram.com/diario_para_amalia/reel/DSCtAYKjYfx/
2025-12-08T20:08:04.000Z,69,4,NA,"En la Fundación lo decimos sin rodeos: responsabilizar a hijos que, cuando eran niños, repitieron mentiras o participaron en la exclusión de uno de sus padres es un error grave. Esos niños actuaron bajo presión adulta y no tenían cómo comprender la dimensión del daño.

La búsqueda de justicia no significa desquitarse con quienes fueron víctimas ni buscar culpables por la frustración que deja el proceso judicial. La búsqueda de justicia- sea por el camino legal o de acción directa- debe pretender aclarar y ubicar cada responsabilidad donde corresponde: en los adultos que promovieron la exclusión de uno de los padres y que, para lograrlo, recurrieron incluso a falsas denuncias en el ámbito de Familia o Penal y en las instituciones que pudiendo evitar un daño mayor o reparar el daño causado , no lo hicieron. 

Y lo dejamos claro: quien no entiende esta realidad, o insiste en culpar a esos hijos ya adultos, no está en condiciones de ocupar un rol de liderazgo ni de influir seriamente en esta temática. Los niños son víctimas directas o indirectas y una vez que crecen son adultos rotos que buscan la sanación personal y a veces, solo a veces, buscan activamente hacer justicia por aquellos padres que fueron denunciados falsamente como en el caso de los hermanos Pablo y Francisco Guisoni, Jazmín Carró ,  recientemente el hijo de Jorge Tocornal y tantos casos anónimos de hijos desvinculados de sus padres que ahora están grandes y usan las plataformas de redes sociales para concientizar sobre el daño que provocan las falsas denuncias o el impedimento de contacto. 

Si queremos cambios reales, no basta con indignarse y acusar indiscriminadamente. Hay que actuar sobre los hechos consumados e identificar nuevos caminos de lucha y dejar de cargar el peso del daño sobre quienes eran solo niños.

Y si de ese proceso surge una acción transformadora que ayude a evitar que esto vuelva a ocurrir, entonces estaremos avanzando como sociedad.",https://www.instagram.com/fundacion_crianza_compartida/p/DSA-viXkrj1/
2025-12-07T17:39:27.000Z,25,1,NA,"No tienes que navegar este proceso a ciegas.
Ven a prepararte con información, estrategia… y un poco de contención.

#derechodefamilia #couching #mentoría #conferencias #tribunaldefamilia",https://www.instagram.com/vanessaferrerradovic/p/DR-I8KMkWPL/
2025-12-07T12:44:35.000Z,100,2,NA,"La evidencia muestra que cuando los padres cooperan -es decir, cuando existe apoyo mutuo, comunicación clara y decisiones compartidas en la crianza- los hijos presentan menos problemas emocionales y menos conductas disruptivas, además de una mayor sensación de estabilidad. 

Por el contrario, la competencia, el conflicto y la triangulación aumentan el riesgo de dificultades internas (ansiedad, tristeza, inseguridad) y externas (agresividad, desobediencia). La conclusión central es clara: la calidad de la cooperación entre los adultos importa más que la estructura familiar, y tiene un impacto directo y medible en el bienestar psicológico de los niños. (The Association between Coparenting Behavior and Internalizing/Externalizing Problems of Children and Adolescents, 2022)

El estudio Parental co‑parenting quality, children’s emotion regulation abilities, and prosocial behavior (2025) analizó a 500 triadas de padres e hijos (padre, madre, niño/a, con niños de alrededor de 4-5 años) e identificó tres perfiles de “coparentalidad”: de baja, moderada y alta calidad. Los resultados mostraron que, en comparación con familias con coparentalidad de baja calidad, aquellas con coparentalidad moderada o alta tendían a tener niños con mejores habilidades para regular sus emociones y mayor conducta prosocial (empatía, ayuda, compartir). 

Además, en familias con coparentalidad de alta calidad, la reducción de “labilidad emocional/negatividad” mediaba ese efecto positivo sobre la conducta prosocial. Es decir: una coparentalidad consistente, cooperativa y de calidad ayuda a que los niños desarrollen regulación emocional y comportamientos positivos hacia otros. 

Desde Fundación Crianza Compartida Chile afirmamos que la cooperación entre progenitores -estén juntos o separados- es un factor decisivo para el bienestar infantil. La evidencia demuestra que cuando existe una coparentalidad de calidad, los niños presentan menos problemas emocionales y conductuales, regulan mejor sus emociones y desarrollan conductas prosociales. Cooperar no solo reduce el daño del conflicto: crea condiciones reales para que los niños crezcan seguros, estables y emocionalmente saludables.

@geoyloshum",https://www.instagram.com/fundacion_crianza_compartida/p/DR9nMl3gPit/
2025-12-06T15:47:07.000Z,246,13,NA,"Formar una familia ensamblada implica integrarse a una dinámica que ya existe ( pero que mas adelante se verá influenciada por diversos factores: un padre, su hijo o hija, sus tiempos, sus acuerdos y una historia que sigue presente. Para muchas mujeres que comienzan una relación con un hombre que ya es papá, el proceso no pasa por reemplazar a nadie, sino por comprender los límites, acompañar a la pareja en su rol paterno y construir un espacio propio. Ese espacio —ese vínculo singular entre la madrastra y el hijastro— no está definido desde el comienzo, pero se va formando con el tiempo.

1. Cuando existe cuidado compartido entre el padre y la madre del niño, la madrastra se incorpora a un sistema donde las rutinas, las transiciones y las responsabilidades ya están distribuidas pero en la interacción cotidiana pueden verse modificadas y tensionadas conforme surgen nuevas condiciones. En ese escenario, el vínculo entre ella y el niño se construye a otro ritmo y desde un rol que respeta la estructura parental -una estructura que, al mismo tiempo, se ve influida por la propia familia ensamblada- y que puede aportar cercanía, estabilidad y presencia afectiva.

2. Cuando más adelante nace un hijo en común, ocurre algo esencial: esos niños no son solo hermanastros que comparten un espacio; son hermanos que crean un vínculo propio, con códigos, afectos e historias que les pertenecen. La familia que surge no es la suma de partes aisladas, sino una red donde cada relación aporta algo único y se entrelaza con las demás.

Entrar a la vida de un padre con hijos significa, desde el inicio, formar una familia ensamblada. Esa familia se verá influenciada por la dinámica entre los padres del niño, por la relación con la BIO, por la relación de pareja y, si así lo deciden, por la llegada de un hijo en común.

En Tejiendo Familias vemos esta realidad aparecer una y otra vez, cada vez con matices distintos pero con un hilo compartido: personas que, con paciencia y cuidado, encuentran su lugar en una estructura que ya funcionaba, hasta que finalmente todos -padres, hijos, madrastras y nuevos hermanos- construyen una familia que es verdaderamente suya.",https://www.instagram.com/tejiendo_familias_fcc/reel/DR7W-8SgMl5/
2025-12-06T14:13:25.000Z,1139,57,NA,"Mamá, cuando permites que el padre cumpla el régimen comunicacional con sus hijos mejora tu salud emocional y tu autoestima y te permite tener espacios de autocuidado y desarrollo personal que no existen en la maternidad exclusiva. 

Créditos a @mamasincaos

#maternidad #paternidadeconsciente #hijos #fundacioncrianzacompartidachile",https://www.instagram.com/fundacion_crianza_compartida/reel/DR7JMSkgJiR/
2025-12-05T16:36:14.000Z,160,26,NA,NA,https://www.instagram.com/fundacion_crianza_compartida/reel/DR425VBEeop/
2025-12-06T02:43:28.000Z,302,53,NA,NA,https://www.instagram.com/fundacion_crianza_compartida/reel/DR41JSykcZh/
2025-12-05T11:44:02.000Z,301,48,NA,"Sobre el pago de pensión alimenticia en un régimen de cuidado compartido comenta @abogadorodolfomarin .

#cuidadocompartido #pensionalimenticia #deudaalimentos #LeyCrianzaCompartida #CrianzaCompartidaEsDerecho",https://www.instagram.com/fundacion_crianza_compartida/reel/DR4WnXXAPQF/
2025-12-04T23:14:34.000Z,241,0,NA,"CONFERENCIA INTERNACIONAL, VIRTUAL Y GRATUITA ""IDENTIDAD VULNERADA"" 🇦🇷🇲🇽🇨🇱🇧🇷🇻🇪

Lic. Carolina VALENZUELA, perito judicial. 

Disertación: ""Secuelas emocionales en familias víctimas de obstrucción parental"". 

📅10/12/2025
🕖19 h (ar) 

REGÍSTRATE 👇
🔗www.villalobosatlas.com.ar
↗️(inscripción y acceso)",https://www.instagram.com/villalobosatlas/reel/DR3Ar6QDDx0/
2025-12-04T19:53:21.000Z,22,1,NA,"El juicio comenzó en noviembre de 2022 con más de 70 testigos y concluyó el 2 de febrero de 2023, cuando ambas mujeres fueron declaradas culpables de homicidio agravado -y Páez también por abuso sexual- recibiendo prisión perpetua. 

La familia paterna denunció fallas del Estado, impulsó la Ley Lucio ( que fue aprobada ) y anunció acciones ante organismos internacionales, mientras el padre de Lucio, Christian Dupuy y el abuelo , Ramón Dupuy, se convirtieron en activistas por el reclamo de justicia y protección a la infancia. 

Sobre las asesinas de Lucio. 

“Ambas poseen una personalidad perversa, caracterizada por rasgos de irritabilidad, agresividad e impulsividad (pasaje al acto), ausencia de culpabilidad, remordimiento y falta de empatía, capacidad de manipulación, engaño y simulación”, concluyeron los jueces sobre Magdalena Espósito Valenti, su mamá, y la pareja Abigail Páez.

Poco a poco Lucio se transformó un estorbo. Ellas lo despreciaban “A mi me encantaría que nosotras volvamos a estar solas como en córdoba. Y si lucio impide que nuestra relación fluya yo no lo voy a permitir; Porque no me importa tanto como vos”, le escribió Espósito a su pareja, el 18 de octubre de 2021.

Lucio fue llevado al hospital tres veces más a lo largo de 2021 por “accidentes” en la bicicleta: el 22 de enero, el 1 de febrero y el 23 de marzo.

La familia paterna. 

En tanto, agregó ""veíamos que Lucio siempre se veía marcado, por que lo veíamos por videollamada y cuando le preguntábamos, él miraba a los costados y decía 'me caí de la bici'. Le decíamos que se cuide, que no sea bruto, sin saber. Pero mi marido me decía, 'al nene le pegan, le va a pasar algo'"".

""Una vez fuimos al hospital. Y Lucio decía que ‘Abi pegó acá y acá’. Se señalaba la mano y la cola. Le dije a ella (a Magui) que ‘le dijera a Abigail que no le pusiera la mano encima a mi nieto’. Se lo dije bien, tranqui. Nos hizo la cruz”, afirmó Gómez. Fue a partir de ese momento, agregó, que su exnuera la “enterró en vida”.

“La tercera asesina (de mi nieto) es Ana Clara Pérez Ballester, una jueza de minoridad de General Pico. Acá hay tres asesinas: dos son las que lo mataron a Lucio y una que lo entregó en bandeja"".",https://www.instagram.com/fundacion_crianza_compartida/p/DR2p4TzkghM/
2025-12-04T14:21:56.000Z,2182,284,NA,"Informamos que Hoy y hasta que Mauricio pueda ver a su hija nuevamente, se realizará una manifestación pacífica en las afueras del Tribunal de Familia de San Miguel. 

Quienes deseen acompañarlo o brindar apoyo pueden hacerse presente durante la mañana en la dirección del Tribunal de Familia de la comuna de San Miguel ( Región Metropolitana). 

#sanmiguel  #tribunaldefamilia #falsasdenuncias  #poderjudicial #LeyCrianzaCompartida",https://www.instagram.com/fundacion_crianza_compartida/reel/DR2DWsggJx8/
2025-12-04T14:21:22.000Z,39,1,NA,"🫩Cuando entras a un Tribunal de Familia, no solo llevas documentos. Llevas miedo, frustración, impotencia… y, muchas veces, el cansancio de pelear por lo que debería ser justo…

😊Esta conferencia es para ti si:

• Estás por iniciar un proceso y no sabes qué esperar
• Te sientes perdido, confundido o solo
• Estás siendo denunciado y no puedes ni dormir
• Tienes miedo de que tus hijos sean afectados
• Sientes que nadie te explica nada… y el sistema avanza igual

🥰En esta sesión te entregaré una orientación psicojurídica clara, humana y honesta:

• Cómo funcionan realmente los Tribunales de Familia
• Qué hacer en cada etapa del proceso
• Cómo prepararte emocionalmente para enfrentar lo que viene
• Qué errores evitar para protegerte a ti y a tus hijos
• Cómo manejar denuncias, demandas y audiencias con estrategia y calma

Valor: $7.000
Modalidad: Zoom (acceso personal, no transferible)

¿Cómo inscribirte?
Completa el formulario que está en mi biografía 
Realiza el pago
Recibirás tu acceso automáticamente

😍Esta conferencia es tu primer paso para recuperar control, tranquilidad y claridad.
Y si necesitas un acompañamiento más profundo y personalizado podrás acceder después a mentorías psicojurídicas individuales, diseñadas para caminar contigo en este proceso.

Te espero!!

#perspectivadeinfancia #conferencias #charlas #mentoría #derechodefamilia",https://www.instagram.com/vanessaferrerradovic/reel/DR2D4WBjeB6/
2025-12-04T11:04:43.000Z,678,8,NA,"¿ Cuál es tu sueño y deseo para el año que viene ? 

“La mayor prueba de la paternidad es seguir siendo padre incluso cuando otros hacen todo para impedirlo.”

#crianzacompartida #leycrianzacompartida #leyfalsasdenuncias #fundacioncrianzacompartidachile #impedimentodevinculos",https://www.instagram.com/fundacion_crianza_compartida/reel/DR1s9kpAPeR/
2025-12-03T15:21:02.000Z,64,16,NA,"El caso de Sophie revela algo que incomoda pero es urgente mirar: una joven encontró más ""contención emocional"" en un chatbot que en los adultos a su alrededor. 

Un algoritmo validó su angustia sin dar aviso a personas reales que pudieran protegerla , sin responsabilidad ética y sin comprender las consecuencias de sus palabras que se convirtieron en una "" caja negra "" de la cual no pudo o no quiso salir . Y aun así, logró generar un vínculo que ella sintió más seguro que el mundo real.

Desde Fundación Crianza Compartida Chile, vemos en esta historia un recordatorio: no perdamos la mirada atenta y compasiva hacia nuestros niños, adolescentes y jóvenes. 

La discusión sobre tecnología y mundo digital no puede seguir siendo de control y prohibición ( que es un paso inicial muy importante) ; debe incluir preguntas sobre acompañamiento, supervisión, afecto, límites y presencia humana. 

No se trata de demonizar la IA, sino de reconocer que ningún avance reemplaza la responsabilidad humana de cuidar, escuchar y sostener a las personas, incluso -y sobre todo- cuando no saben cómo pedir ayuda a otros por quienes sienten que pueden recibir cuestionamientos o a quienes les puede provocar dolor

La salud mental es importante.  Cuidémonos entre todos .

Si necesitas ayuda contacta al número *4141 ( Línea Prevención del Suicidio ) .",https://www.instagram.com/fundacion_crianza_compartida/p/DRzlu89EV5T/
2025-12-02T19:07:59.000Z,328,41,NA,""" ( ... ) en buen chileno, salió trasquilada. Sabemos que esto no termina aquí y que una madre así probablemente seguirá intentando iniciar nuevos procesos para alejarme, pero hoy tengo una buena defensa y fe en Dios."" Francisco. 

Agradecimientos a Maritza Grobier ( @coachjuridica ) por poner su talento y compromiso a disposición de las causas justas .",https://www.instagram.com/fundacion_crianza_compartida/p/DRxbGSJElWn/
2025-12-01T19:40:53.000Z,397,105,NA,"La #cortesuprema le niega justicia ( nuevamente ) a #JorgeTocornal y rechaza el recurso de revisión. 

El orden del @pjudicialchile no tolera el desorden de los corazones de la ciudadanía que exige que se haga justicia de una vez por Jorge Tocornal y todos los padres y madres falsamente denunciados con el fin de ser excluidos de la vida de sus hijos. 

La protección integral de niños y niñas debe incluir a los hijos instrumentalizados en procesos de divorcio o separaciones conflictivas. 

Somos testigos del derrumbe del #poderjudicial y estos son los últimos estertores de un cuerpo corrompido desde sus entrañas . Así describió Herzen el momento de la oscura noche del orden social y sus instituciones: 

""La muerte de las formas contemporáneas del orden social debería alegrar antes que inquietar al espíritu. Pero lo que asusta es que el mundo que se va no deja un heredero, sino una viuda embarazada. Entre la muerte de uno y el nacimiento del otro, mucha agua correrá, y pasará una larga noche de caos y desolación.""

Estamos viviendo el momento de caos y desolación en el poder judicial y tribunales de familia y depende de ustedes / nosotros actuar públicamente para que el nuevo orden emerja con una nueva idea de justicia y basado en la verdad. 

La lucha de Jorge Tocornal continúa en el corazón de su hijo cuyo dolor , es el dolor de todos los hijos que crecieron sin el padre o madre arrancado con rabia de sus vidas 

Por la verdad , la presunción de inocencia y el amor a los miles de niños y niñas víctimas del sistema judicial.

#LeyTocornal #LeyFalsasDenuncias #FalsasDenuncias #inocencia",https://www.instagram.com/fundacion_crianza_compartida/p/DRu4x66Etao/
2025-12-01T11:11:01.000Z,175,56,NA,"Un padre pidió suspender el pago de pensión argumentando que, con el cuidado compartido de su hijo de 6 años, ambos asumían responsabilidades equivalentes y además que tenia nuevas cargas familiares.

El tribunal no acogió su solicitud principal pero sí reconoció que la corresponsabilidad debe reflejarse también en lo económico, ordenando una rebaja. 

Este caso vuelve a mostrar algo evidente: cuando el sistema avanza hacia modelos de cuidado más equilibrados, también debe actualizar sus criterios sobre deberes y aportes parentales.

Desde Fundación Crianza Compartida Chile creemos que estas decisiones abren una conversación necesaria: si hablamos de corresponsabilidad, hablamos de tiempos equilibrados, decisiones conjuntas y también de cargas económicas coherentes con ese modelo.

La #LeyCrianzaCompartida busca que hijos e hijas de padres separados convivan el mismo tiempo con su mamá o su papá, o que las decisiones respecto a ellos se tomen en igualdad. 🏡

Por una crianza colaborativa, coparticipativa y corresponsable.

¿Te sumas a esta iniciativa? Firma en el enlace de nuestra biografía ✍️⬇️

#LeyCrianzaCompartida
https://chng.it/G5FmrLCmkR

Canción que acompaña el post de @ncohete",https://www.instagram.com/fundacion_crianza_compartida/p/DRt_tm9gHl1/
2025-11-30T16:02:18.000Z,101,19,NA,"La justicia rodeada y asediada por ratas , aterrorizada sin poder defenderse (?) , la entrevista del Juez Daniel Urrutia en @theclinic_cl , la corrupción en el @pjudicialchile y la necesidad de refundación y reforma estructural desde el sistema de nombramiento de jueces hasta la formas de supervisión y control ciudadano del poder judicial, caso #hermosilla, cuyo abogado es parte del directorio de Fundación Para la Confianza ( paralaconfianza ) ,  #cortesuprema y Angela Vivanco, Sergio Muñoz , Ulloa y recientemente Simpertigue ( encargado de comisión de infancia en el máximo tribunal ) . 

Les dejamos una reflexión de Lucy Oporto sobre el proceso de lo que ella denomina ""lumpenizacion"" del Estado y extractos de la entrevista a Daniel Urrutia. 

"" La grave situación de Chile exige gobernantes y equipos de profesionales ajenos al cuoteo político; espíritus incorruptibles, facultados para hacerse cargo de este desastre enquistado en el corazón del Estado: parasitismo, negligencia, desidia, propios de la excelencia de las mediocridades; ambición sin límites; despilfarro, desfalco y saqueo; frivolidad e incapacidad de enfrentar el peso de los duros hechos de la realidad; peligrosa masificación de un estado de inconsciencia funcional al ejercicio del poder; socavación de la seguridad nacional; abandono del Espíritu mismo"" Lucy Oporto ( filosofa chilena ) .

Extractos de la entrevista al juez Urrutia: 

""Acá no soy solo yo, somos una organización, que es la organización de trabajadoras y trabajadores del Poder Judicial, que son funcionarios, funcionarias, jueces, administradores, funcionarios de acta, administrativos, que es una es una de las organizaciones penales más nuevas del Poder Judicial que se cansaron de los abusos dentro del Poder Judicial. Por eso yo digo que estamos en presencia de la caída del Poder Judicial. Lo estamos observando. Está cayendo. La pregunta es qué logramos reconstruir de aquello. Y por eso yo insistí en el 2004, en el 2022. Me dije, “Hay que refundar el Poder Judicial y construir un Poder Judicial democrático"" 

Continúa en los comentarios 👇 #corrupcionjudicial #TribunalesDeFamilia #poderjudicial #hermosilla #democracia",https://www.instagram.com/fundacion_crianza_compartida/p/DRr7irUkWgj/
2025-11-30T12:19:32.000Z,35000,176,NA,"¿Y qué soñaste anoche?

"" Soñé que caminaba por la calle, desorientado, cuando de pronto apareciste tú hija . Me reconociste desde una distancia imposible -como si hubiera kilómetros entre nosotros- y aun así supiste que era yo. 

Echaste a correr con esos pasitos cortos que parecían pelearle al mundo para avanzar . Tu voz, entrecortada por el esfuerzo, repetía “papi, papi”, y cada llamada era un puente que se iba tendiendo entre los dos. 

La carrera, tan lenta como tus pasitos de caracol 🐌 , se volvió interminable. Yo te esperaba con el corazón en la mano y en la otra el juicio del mundo hacia mi paternidad negada. Y cuando al fin llegaste, nos abrazamos. En ese abrazo volví a ser su papá. 

Hay una parte del sueño que me llamó la atención, hija . Tu mamá se alegraba de vernos juntos y tú la señaladas con alegría gritando: ¡ mamá ! "".

Porque el sueño de cada niño y cada madre o padre que ha sido apartado es simple: re-encontrarse.

Fundación Crianza Compartida Chile - trabajando para que ese encuentro no sea sólo un sueño.

Créditos a @ luuufer26

#crianzacompartida #leycrianzacompartida #impedimentodevinculos #fundacioncrianzacompartidachile #coparentalidad #hijas #paternidad",https://www.instagram.com/fundacion_crianza_compartida/reel/DRrhWE1AHMq/
2025-11-29T19:23:16.000Z,70,46,NA,"La Facultad de Derecho de la Universidad Diego Portales ( @udpderecho ) organizó un coloquio para conversar seriamente sobre falsas denuncias. El panel iba a reunir miradas distintas: Javier Rebolledo, Fabiola Miranda y Bárbara Sepúlveda Hales ( @barbarasepulvedah ) de abofemchile .

Pero al final, una de las invitadas decidió no participar. Prefirió no entrar en un espacio donde tendría que contrastar sus ideas con datos y con personas que investigan el tema desde distintas áreas. 

Lo curioso es que esa misma persona ahora está organizando un evento privado, donde hablará del "" mito "" de las falsas denuncias, pensado solo para gente que comparte su postura, sin espacio para preguntas incómodas ni discusión real. 

Y eso abre un punto importante: si de verdad queremos entender qué está pasando con las falsas denuncias ( sobretodo en contexto de separaciones conflictivas donde los niños son usados como arma de daño al otro) , necesitamos poder hablarlo sin miedo, con quienes piensan parecido y también con quienes no. Evitar la conversación solo aleja más a las personas que están viviendo estas situaciones y siguen buscando respuestas.

La idea es simple: mientras no conversemos estos temas con apertura y con datos sobre la mesa, no vamos a avanzar. Y las políticas públicas deberían construirse desde lo que viven las personas, no desde posiciones cerradas que impiden mirar el problema completo.

Más allá de los memes , el negacionismo ideológico de las falsas denuncias es equivalente a negar que existen hombres maltratadores o que los niños son manipulados psicológicamente en procesos de divorcio o separación de alta conflictividad. 

#falsasdenuncias #fundacioncrianzacompartidachile #leytocornal #abofem #debate",https://www.instagram.com/fundacion_crianza_compartida/p/DRpudepEp14/
2025-11-29T15:44:07.000Z,1514,34,NA,"Según el estudio de la Universidad Católica del Norte, la infidelidad es una de las causas que más personas mencionan al explicar su separación. Y cuando hay hijos, este motivo suele dejar heridas profundas: resentimiento, vergüenza, sensación de traición e impedimento de contacto. 

Lo que observamos en la comunidad de Crianza Compartida Chile es que, después de una infidelidad, algunas personas sienten tanto dolor que les cuesta separar la ruptura de pareja del rol parental. Ese resentimiento y vergüenza ( la parte infiel no logra soportar el juicio moral de la ex pareja) puede transformarse en señales muy claras: limitar los contactos, poner trabas a las visitas, generar distancia o incluso justificar la exclusión del otro progenitor “por lo que hizo”.
Pero eso tiene un efecto directo en los niños, que terminan pagando una historia que no les pertenece.

El propio estudio de la UCN confirma que, tras la separación, las personas deben atravesar un proceso de ajuste emocional donde entran en juego el apego, la regulación de las emociones y la capacidad de elaborar la ruptura. Cuando este ajuste no se trabaja bien, el conflicto de pareja se mueve al terreno parental.

¿Qué ayuda en estos casos?
– Reconocer que la infidelidad afecta a los adultos, pero no cambia el derecho de los hijos a relacionarse con ambos padres.
– Buscar apoyo emocional: terapia, grupos de contención o mediación pueden ayudar a bajar la tensión y ordenar el proceso.
– Evitar tomar decisiones impulsivas. La distancia que se genera desde el resentimiento casi siempre termina afectando más a los niños que al adulto que se quiere castigar.
– Distinguir roles: la relación de pareja terminó, pero la relación parental continúa y necesita espacio propio.
– Trabajar la vergüenza y el duelo, porque mientras esas emociones no se miran de frente, suelen salir en forma de impedimentos, bloqueos o silencios prolongados.

En la Fundación promovemos justamente este enfoque: que el dolor de la ruptura no se transforme en negación de vínculos. Los niños necesitan estabilidad y presencia y el castigo emocional hacia la ex pareja por intermedio de los hijos, le provoca un dolor enorme a los hijos .",https://www.instagram.com/fundacion_crianza_compartida/reel/DRpU-15ERWn/
2025-11-28T15:42:54.000Z,38,0,NA,"¿Sabías que las prácticas de alienación parental primero erosionan tu autoridad frente a tus hijos y, luego, terminan dañando el vínculo afectivo?

Estas prácticas no siempre comienzan después de la separación; muchas veces aparecen antes, manifestándose en conductas como la exclusión de actividades familiares, la burla, o la desautorización constante frente a los hijos.

Por eso es fundamental aprender a identificar las banderas rojas 🟥 que anticipan la alienación parental, señales que, de forma silenciosa y progresiva, van debilitando tanto tu autoridad como la relación con tus hijos.

#alienacionparental #redflags #DerechosDeInfancia #fundacioncrianzacompartidachile",https://www.instagram.com/fundacion_crianza_compartida/p/DRmwcwTkZIC/
2025-11-28T11:31:19.000Z,399,80,NA,"Cese automático del pago de pensión alimenticia al cumplir la edad establecida por la ley (21 años) o hasta los 28 años si el hijo o hija continúa estudiando.

A algunos les podrá parecer polémico el planteamiento de @abogada_margaritaespinozalagos , pero a nosotros nos resulta completamente razonable.

No estamos hablando de niños y niñas que quedarán sin sustento, sino de adultos que, habiendo alcanzado la edad legal o cumplido el requisito de estudios, ya no debieran seguir recibiendo un monto de pensión alimenticia.

Se trata simplemente de reconocer que la obligación de alimentos tiene límites y que no corresponde prolongarla más allá del momento en que una persona ya es plenamente capaz de sostenerse por sí misma.

Exceptuando aquellos casos en que los hijos posean una condición física o neurológica que los incapacite para sustentarse por sí solos, o una enfermedad incapacitante que requiera tratamiento de por vida (casos excepcionales y bajo criterio del Tribunal de Familia).

#pensiónalimenticia #cesepensionalimentos #deudaalimentos #corresponsabilidadparental #fundacioncrianzacompartidachile",https://www.instagram.com/fundacion_crianza_compartida/reel/DRmTkrSgK1g/
2025-11-27T21:33:25.000Z,2148,244,NA,"Los mecanismos de defensa son procesos psicológicos inconscientes que las personas utilizan para reducir la ansiedad, el dolor emocional o el conflicto interno. No son conductas elegidas de manera consciente, sino respuestas automáticas de la mente que buscan protegernos frente a situaciones que resultan demasiado difíciles de afrontar directamente.
En el caso de la obstrucción parental, los niños se ven expuestos a un conflicto intenso: el deseo natural de mantener el vínculo con ambos progenitores y, al mismo tiempo, la presión o los mensajes contradictorios que reciben de la figura de cuidado que limita ese contacto. Para poder sostenerse emocionalmente, activan mecanismos de defensa como:
- Negación 🙈: El niño rechaza la realidad dolorosa diciendo que no quiere ver a su padre/madre, aunque en el fondo lo extrañe.
- Idealización 🌟: Exagera lo positivo de la figura presente, afirmando que está “súper bien” y que no le falta nada, como forma de compensar la ausencia.
- Identificación con la figura de cuidado 🛡️: Adopta el relato y las críticas del adulto obstructor para sentirse aceptado y no arriesgarse a perder su amor.
- Racionalización 🧠: Se convence de explicaciones lógicas (“mi papá no viene porque trabaja”) para suavizar el dolor de la separación.
- Desplazamiento 🔄: Canaliza la frustración en otros espacios, mostrando conductas agresivas después de una visita con el progenitor obstruido.

Estos mecanismos no son “errores” del niño, sino formas de protección frente a un entorno que lo coloca en tensión. Sin embargo, también son señales del impacto profundo que la obstrucción parental tiene en su mundo interno. Reconocerlos permite comprender mejor su experiencia y diseñar intervenciones que lo protejan.

#psicologia #psicologa #saludmental #obstruccionvinculos #padres #hijos #tribunaldefamilia",https://www.instagram.com/soytupsico_loga/reel/DRkzt0LkcvQ/
2025-11-27T15:41:01.000Z,51,12,NA,"Reencuentro luego de la desvinculación parental forzada y con prácticas de alienación parental de por medio. 

#alienacionparental #AbusoEmocional #derechosdeinfancia #fundacioncrianzacompartidachile #reencuentro",https://www.instagram.com/fundacion_crianza_compartida/p/DRkLcExEfXb/
2025-11-27T12:35:41.000Z,115,9,NA,"Reflexión desde la Fundación Crianza Compartida

“Quien tiene un ‘porqué’ para vivir, puede soportar casi cualquier ‘cómo' "" .  Nietzsche

Querida comunidad, desde la Fundación Crianza Compartida, queremos expresar nuestra profunda empatía hacia todos los padres ,  madres ( familiares) que enfrentan la dolorosa experiencia de no poder ver a sus hijos. Somos conscientes del impacto emocional que esto conlleva, y queremos acompañarlos con respeto y comprensión.

Les animamos a informarse y a buscar apoyo en quienes han vivido situaciones similares y las han resuelto, y a no quedarse solo en la queja y la frustración. Una situación excepcional pero extremadamente dolorosa puede sobredimensionar el sesgo negativo y colocarnos en un permanente estado emocional de guerra en el cual no sabemos reconocer al bando amigo ni al bando enemigo; la línea es difusa porque desconfiamos de todo el mundo y sentimos que no hay solución posible. 

La acción dirigida a un objetivo- aunque sea pequeño- , tanto en el ámbito judicial como en el social, es fundamental para proteger los derechos de nuestros hijos y también para sanar personalmente y como comunidad. Porque cuando un niño sufre desvinculación, todos tomamos conciencia del impacto en la infancia. Cuando nuestros hijos son manipulados y alejados injustamente, todos los niños desvinculados son nuestros hijos. 

Además, queremos recordar la importancia del autocuidado y el bienestar emocional. Sabemos que este camino es desafiante, y contar con una red de apoyo es vital para sobrellevarlo.

Desde la Fundación, nos comprometemos a estar a su lado, fomentando un entorno de solidaridad, respeto y acción conjunta, para que juntos podamos transformar esta realidad y construir un futuro más justo para todos.",https://www.instagram.com/fundacion_crianza_compartida/reel/DRjyd3WgAlq/
2025-11-27T00:04:48.000Z,304,55,NA,"Diputado @diputadourruticoechea rechaza partida presupuestaria para organismos colaboradores de @servicioproteccion que promueven las falsas denuncias contra padres y madres y victimizan a niños y niñas inocentes . 

Cuéntanos tu experiencia con PRM, PPF, DCE, OLN, FAE entre otras instituciones del servicio de protección. 

Te leemos. 

#LeyTocornal #FalsasDenuncias #paratiiiiiiiiiiiiiiiiiiiiiiiiiiiiiii #fundacióncrianzacompartidachile",https://www.instagram.com/fundacion_crianza_compartida/reel/DRif_IbjLWN/
2025-11-26T21:01:49.000Z,345,36,NA,"Que se multipliquen los reencuentros 💕

#fundacioncrianzacompartidachile #crianzacompartida #LeyCrianzaCompartida",https://www.instagram.com/fundacion_crianza_compartida/p/DRiLWupktCN/
2025-11-26T13:18:12.000Z,82,9,NA,"❓Puede un adolescente decidir dónde y con quién vivir?
⚖️En Tucumán, la justicia escuchó a Dilan y mantuvo su residencia con sus abuelos maternos, priorizando su bienestar.
👉🏻Un caso clave para entender la autonomía progresiva y la verdadera protección de derechos.

👉 Leé el post  completo  y dejame tu comentario ⬇️⬇️⬇️
⠀
Si necesitas asesoramiento legal, no dudes en contactarme!
📞+54 9 11 4916 1178
📧monicamarchisella@gmail.com
✨¡Gracias por visitar mi perfil

#abogada #abogadamediadora
#abogadadefamilia
#monicamarchisella #familia
#divorcios  #sucesiones #asesoramientolegal #nordelta #caba #interessuperiordelniño #autonomiaprogresiva #responsabilidadparental #niñezyadolescencia 
#derechodefamilia",https://www.instagram.com/monicamarchisella/p/DRhWS-nEa0_/
2025-11-26T12:58:46.000Z,327,17,NA,"La lógica de la alienación parental siempre te pondrá en falta, no busques la aprobación del abusador o abusadora emocional , enfócate en fortalecer el vínculo con tu hijo/a y cuando sea necesario , en defenderlo. 

#alienacionparental #AbusoEmocional #derechosdeinfancia #fundacioncrianzacompartidachile #violenciapsicologica",https://www.instagram.com/fundacion_crianza_compartida/p/DRhUExPAE0R/
2025-11-26T19:37:52.000Z,427,30,NA,"Paternidad activa + corresponsabilidad parental =  vínculo amoroso más fuerte . 

En las relaciones de pareja solemos pensar que la atracción se define al comienzo: una mezcla de señales, historia personal y afinidad. Sin embargo, la ciencia lleva años mostrando que los vínculos pueden reconfigurarse cuando aparece algo decisivo: la capacidad real de invertir en la crianza.

Investigaciones como la de Bos y colegas (2024) han demostrado que muchas mujeres aumentan su percepción de atractivo hacia un hombre cuando observan conductas concretas de cuidado hacia un hijo o un niño. No se trata de expectativas románticas sino que es una lectura profunda sobre quién está dispuesto a asumir responsabilidades, sostener, proteger y estar presente en lo cotidiano. 

Ese proceso se vio con claridad en la historia de una pareja que había terminado. La comunicación era escasa y el vínculo parecía cerrado. Pero cuando él supo que ella estaba esperando un hijo suyo, su comportamiento cambió: empezó a acompañarla a las ecografías sin necesidad de protagonismo, simplemente estando ahí, aprendiendo, preguntando, entendiendo lo que se venía. No era un “gesto para arreglar la relación”, sino la expresión concreta de una disposición a involucrarse.

Con el nacimiento del bebé, esa presencia se volvió aún más evidente: él jugaba, sostenía, alimentaba, inventaba rutinas, aprendía del llanto y de las señales del niño. En términos psicológicos, estaba desplegando lo que la literatura llama inversión parental activa: acciones que evidencian compromiso y cuidado sostenido, no solo intención.

Lo interesante es que, sin proponérselo, ese comportamiento comenzó a transformarla a ella. 
La atracción no volvió por nostalgia ni por recuerdos compartidos, sino por algo más complejo: ver a un hombre encarnando un rol que tiene un peso evolutivo, emocional y social. Ver a alguien capaz de cuidar. De hacerse cargo. De ser padre.

Hoy sabemos que la paternidad activa no solo beneficia al niño: también modifica la dinámica relacional, porque la corresponsabilidad es una forma de construir seguridad, no solo con los hijos, sino también entre adultos.

Créditos a @pascalisi.rb",https://www.instagram.com/fundacion_crianza_compartida/reel/DRhGvXrABeN/
2025-11-25T12:41:51.000Z,954,134,NA,"Cuando una abogada ( @adrianabatista_abogada ) recomienda a los padres no bañarse con sus hijos por miedo a una falsa denuncia, no solo vemos el impacto de la polarización: vemos cómo la sociedad ha construido, lenta y peligrosamente, la figura del “monstruo” asociado al varón. Esa sospecha permanente instala una mirada de desconfianza que afecta, sobre todo, a los padres que están viviendo separaciones altamente conflictivas, donde cualquier gesto cotidiano puede ser interpretado desde el prejuicio y el temor.

En la experiencia de Fundación Crianza Compartida Chile, esta construcción cultural tiene consecuencias profundas: padres que se ven obligados a modificar su conducta natural con sus hijos; que sienten que deben justificarse por actos de cariño o cuidado; y que, ante una falsa denuncia, quedan automáticamente situados en el lugar del agresor antes de ser escuchados.

Esta narrativa no solo daña la paternidad: daña a los niños, pues les arrebata vínculos seguros y amorosos por miedo, prejuicio o estrategias litigantes. La protección de la infancia nunca puede transformarse en criminalización de la paternidad. Necesitamos políticas, instituciones y discursos que permitan diferenciar el riesgo real del miedo infundado; que protejan a quienes deben ser protegidos, pero sin destruir el rol del padre por sospechas construidas socialmente.

Desde Fundación Crianza Compartida Chile creemos que avanzar hacia una cultura de corresponsabilidad implica desmontar estos estereotipos, fortalecer el debido proceso y garantizar que ningún niño pierda a su padre -ni ningún padre pierda a su hijo- por mitos, prejuicios o instrumentalización del sistema.

#FalsasDenuncias #presuncióndeinocencia #LeyTocornal #crianza",https://www.instagram.com/fundacion_crianza_compartida/reel/DRetJoogDjm/
2025-11-24T15:50:01.000Z,63,2,NA,"Hay quienes optan por la queja o la funa rabiosa por falta de repertorio.  Puede ser válido o no, pero no es nuestro estilo y no es el único ni el mejor camino para construir puentes de colaboración y avances en protección y conciencia social. 

Aquí trabajamos con tiempos acotados y de manera voluntaria ( cada integrante de nuestra ONG tiene sus propias responsabilidades familiares y laborales ) , pero con total seriedad y compromiso con la causa, con las ideas y con cada niño y familia que enfrenta el sistema judicial.

A veces no alcanzamos a responder de inmediato, pero respondemos todos los mensajes. Siempre. 

Atentos y atentas a los talleres de cierre de año: espacios diseñados para resolver dudas y orientar en áreas jurídicas, periciales y psicológicas, desde la experiencia directa que hemos acumulado acompañando casos reales en todo Chile. ( talleres gratuitos ) . 

También se vienen actividades de cierre de año para los papás, mamás y familias . 

Cuidemos la comunidad de la crianza compartida. 

Nos vemos ♥️🤗",https://www.instagram.com/fundacion_crianza_compartida/p/DRceFUdEbhT/
2025-11-24T13:02:57.000Z,84,2,NA,"Carta al director publicada en @laterceracom

Fundación Crianza Compartida Chile se refiere a la segunda vuelta presidencial , el programa de @fr_parisi y las candidaturas de @joseantoniokast  y @jeannettejararoman .

Por lo pronto, felicitamos a la bancada electa del @pdelagentechile quienes asumen la responsabilidad de representar las propuestas emanadas del programa presidencial de Franco Parisi que incluyen la #leycrianzacompartida , #leyfalsasdenuncias , reconocimiento de la #alienacionparental como acto constitutivo de violencia intrafamiliar y mejoramiento en programas de revinculación familiar. 

#paratiiiiiiiiiiiiiiiiiiiiiiiiiiiiiii #francoparisi #jeannettejara #joseantoniokast #pdg",https://www.instagram.com/fundacion_crianza_compartida/reel/DRcKTAyAH1h/
2025-11-24T11:28:29.000Z,389,15,NA,"La experiencia de 5 meses de falsas denuncias y desvinculación forzada que sufrió Diego Muñoz con su hijo de 4 años dejó aprendizajes que vale la pena compartir:

1. Nunca responsabilizar al hijo. Él es siempre la parte inocente del conflicto.

2. Evitar hablar mal de la expareja. Padre o madre, sigue siendo parte esencial en la vida del niño.

3. Acompañarte de tu familia. Su apoyo emocional y práctico es clave para sostenerte durante el proceso judicial.

4. No abandonar tu identidad. Ser un padre o madre excluido no elimina tu rol como hombre o mujer; descuidar uno afecta al otro.

5. No comparar procesos. Cada caso avanza a ritmos distintos. Escuchar experiencias ayuda, pero no determina tu propio resultado.

Cada defensa jurídica debe construirse desde la particularidad de cada historia familiar.

El avance o retroceso en una causa - o en las intervenciones de @servicioproteccion - dependerá del funcionamiento del tribunal, del trabajo de jueces, del consejo técnico y de los curadores ad litem.

Desde Fundación Crianza Compartida Chile reafirmamos nuestro compromiso: ningún niño debería ser separado injustamente de su padre o madre ( abuelos , tios , familia ) , y ningún progenitor debería enfrentar solo un proceso que vulnera el vínculo más importante en la vida de un hijo. Seguimos trabajando para que la corresponsabilidad parental sea una realidad en Chile.

#leycrianzacompartida #crianzacompartida #fundacioncrianzacompartidachile #impedimentodevinculos #registrodeobstructores #DerechosDelNiño #perspectivadeinfancia",https://www.instagram.com/fundacion_crianza_compartida/reel/DRb-unigNla/
2025-11-23T15:44:35.000Z,32,3,NA,"Se vienen más actividades deportivas y recreativas para los integrantes de la comunidad de la crianza compartida ♥️

Muchas gracias a todos quienes participaron ♥️

Lugar : @panulparquecomunitario

Música : @chinoyoficial 

#22N #diadelhombre #diadelamujer #díadelainfancia #fundacióncrianzacompartidachile",https://www.instagram.com/fundacion_crianza_compartida/p/DRZ4qelEQzf/
2025-11-23T16:51:33.000Z,165000,1145,NA,"Cuando le permiten a un padre criar a sus hijos pasan cosas 😅 y, en general, cosas buenas y entretenidas ♥️

Créditos a @thomasrimember

#paternidad #LeyCrianzaCompartida #crianzaconapego",https://www.instagram.com/fundacion_crianza_compartida/reel/DRZxMjoka5M/
2025-11-22T12:39:09.000Z,574,52,NA,"Querido papá,

A ti siempre te gustó como yo dibujaba, hice mi mejor esfuerzo para retratarte, espero que sea de tu agrado y que donde quiera que estés puedas verlo.

Recuerdo que le decías a medio mundo con mucha chochera que yo era casi que un dibujante profesional, creo que me tenías harta fe jajajaja.

Dibujarte para mí fue un tremendo proceso, cuando uno crea arte afloran muchas sensaciones, por suerte el dibujo no se manchó con la lágrimas que me salían en medio de la catarsis. Es impresionante que al ver este dibujo es como si pudiera mirarte a los ojos (aunque la foto no lo captó tan bien como es en vivo a mi parecer) pero bueno son esos pequeños detalles de maña de artista jajaja.

Te extraño tanto papá, me haces mucha falta y aquí voy a estar, esperándote para que vengas a verme cuando quieras. Aunque siempre estás en mi corazón.

Te adora tu hijo,
🕊️
Jorge Andrés Tocornal",https://www.instagram.com/jorge.tocornal/p/DRW9WICETSoogzywR0yKvQl3CSvdoYt63ncMgo0/
2025-11-21T12:54:58.000Z,26,2,NA,"@fundacion_crianza_compartida se adhiere al comunicado de la Red Internacional DAVIA - de la cual somos parte - para reconocer el #22N como el Día Internacional del Hombre, del Niño/a y de la Mujer.

Una fecha que invita a promover igualdad real, respeto mutuo y colaboración entre géneros, reconociendo nuestras diferencias sin convertirlas en conflicto.

Reafirmamos nuestro compromiso con quienes más protección necesitan: los niños y niñas, cuyo bienestar debe guiar cada acción y cada política pública.",https://www.instagram.com/fundacion_crianza_compartida/p/DRUbql3ADLa/
2025-11-20T19:56:01.000Z,111,5,NA,"El interés superior del niño debería guiar cada decisión en el sistema de familia. La Convención lo define como un principio que exige evaluar a fondo la realidad particular de cada niño, proteger sus vínculos y garantizar su desarrollo integral.

Pero en Chile esto casi nunca ocurre. Las decisiones se toman con criterios automáticos, procesos lentos y evaluaciones superficiales que terminan rompiendo vínculos ( ojo con el sesgo de género de los operadores de justicia ) , afectando la salud emocional y vulnerando los derechos que se supone deben protegerse.

En la práctica, el interés superior del niño se transforma en un eslogan más, mientras miles de niños y niñas sufren por un sistema que no actúa a tiempo ni de forma personalizada. 

Desde Fundación Crianza Compartida Chile defendemos un estándar claro y directo: corresponsabilidad parental, decisiones basadas en evidencia y un enfoque verdaderamente centrado en la infancia y las soluciones ( no meramente en el castigo que por lo demás en causas de incumplimiento de RDR casi nunca llega ) 

El paradigma de la justicia restaurativa ( reparación , rehabilitación y acompañamiento ) debe llegar a tribunales de familia y los organismos colaboradores del estado ( @servicioproteccion ) 

PD: Liciten el servicio de curadores ad litem ( paren de suspender audiencias por falta de personal ) .",https://www.instagram.com/fundacion_crianza_compartida/p/DRSm0d0khTv/
2025-11-20T13:59:15.000Z,135,9,NA,"Hoy, en el Día Internacional de la Infancia, Chile enfrenta una verdad incómoda: miles de niños y niñas crecen sin la protección que merecen. 

En 2024 hubo 586 mil incumplimientos de relación directa y regular, mientras solo 34 mil demandas de RDR llegaron a tribunales, lo que da cuenta de una alta tasa de incumplimientos por cada caso judicializado y pocas sanciones al impedimento de contacto. 

Denuncias de delitos sexuales contra niños, niñas y adolescentes siguen en aumento y con altas tasas de archivo provisional o salidas no judiciales, lo que esconde una situación, por un lado de impunidad ante las víctimas reales y de mal uso del sistema judicial por acusaciones infundadas. 

La malnutrición por exceso afecta hasta a 6 de cada 10 estudiantes. La infancia está siendo desplazada, y el sistema no está respondiendo.

Desde Fundación Crianza Compartida Chile hacemos un llamado a los candidatos presidenciales @joseantoniokast y @jeannettejararoman : los niños no pueden seguir esperando. 

Proteger su vínculo con ambos padres, asegurar su bienestar, investigar con rigor cada denuncia -incluyendo detectar y sancionar las falsas- y garantizar justicia para cada víctima real es un deber ético y político urgente. 

Hoy recordamos que la infancia no es un eslogan: es una responsabilidad de toda la comunidad.",https://www.instagram.com/fundacion_crianza_compartida/p/DRR-OeTALme/
2025-11-19T14:23:11.000Z,408,13,NA,"¿Qué pasa cuando proteger también puede dañar?

Te invitamos a leer nuestro nuevo artículo publicado en @factoscl : “El doble daño: cuando la protección institucional y la ruptura del vínculo parental afectan el desarrollo de la infancia”.

En Chile, miles de niños crecen entre dos heridas que casi nadie quiere reconocer.

Como dice el artículo:
“La intervención institucional que daña y la ruptura injustificada del vínculo parental son dos caras de una misma herida”.

La evidencia es clara.
“El cerebro infantil está diseñado para amar a ambos padres”, y cuando un vínculo se rompe injustificadamente, el daño no es sólo emocional: es biológico.

También lo advierte la investigación internacional:
“La alienación parental trasciende culturas, razas y géneros, y se manifiesta de manera casi idéntica en todos los continentes”.

Pero en Chile, este fenómeno sigue sin reconocimiento legal y sin protocolos especializados, mientras otros países ya actúan con herramientas concretas de intervención y revinculación.

Si quieres entender por qué proteger no significa separar, y por qué el amor también es un derecho biológico, te invitamos a leer el análisis completo.

👉 Link en la bio https://factos.cl/2025/11/19/el-doble-dano-cuando-la-proteccion-institucional-y-la-ruptura-del-vinculo-parental-afectan-el-desarrollo-de-la-infancia/

#alienacionparental #DerechosDeInfancia
#díadelainfancia

@fundacion_crianza_compartida",https://www.instagram.com/fundacion_crianza_compartida/p/DRPcK2rgP_J/
2025-11-19T10:27:24.000Z,492,29,NA,"19 de Noviembre es el Día Internacional de los Hombres ♂️

Reconocemos el valor de la masculinidad positiva y protectora que aún en el error busca mejorar y sanar , aún en la injusticia persiste con responsabilidad y conciencia de su valor 

Desde Fundación Crianza Compartida Chile recordamos que el Día Internacional del Hombre nació para visibilizar la salud masculina, los estigmas que enfrentan muchos hombres y la necesidad de reconocer modelos positivos en una sociedad que pocas veces les da espacio.

Sabemos que muchos hombres sienten que no hay nada que celebrar. Aun así, sostienen vínculos, responsabilidades y proyectos en medio de discursos que a menudo los reducen o los miran con desconfianza.

Hoy ponemos en valor esa presencia que persiste incluso cuando el relato social les niega legitimidad. Invitamos también a las mujeres a reconocer y acompañar a los hombres que forman parte de su vida diaria.

¿Qué harás hoy en el Día Internacional del Hombre?

#díainternacionaldelhombre #MasculinidadConsciente #masculinidadpositiva",https://www.instagram.com/fundacion_crianza_compartida/p/DRPBME0APz5/
2025-11-16T01:09:11.000Z,137,14,NA,"Créditos a @vanessaferrerradovic 

La ley de Crianza Compartida no busca establecer por ley una única modalidad de cuidado compartido sino que busca cambiar el paradigma luego de la separación de los padres y avanzar de un modelo de cuidado exclusivo y monoparental a un modelo de cuidado compartido como norma general. 

Cuando una pareja se separa, la vida de los niños no debería quebrarse en dos.

En el mundo existen diversos modelos de cuidado compartido, todos basados en una misma idea: los hijos necesitan a ambos padres presentes y este debe ser un traje a la medida del niño/a , no de los adultos solamente. 

1. Cuidado compartido físico o alterno:
Los niños viven tiempos significativos en ambos hogares. Puede ser 50/50 o modelos flexibles como 60/40.

2. Cuidado compartido indistinto.

Ambos padres toman las decisiones importantes sobre salud, educación y crianza, aunque el tiempo no siempre sea igual.

3. Coparenting colaborativo:
Un modelo basado en comunicación clara, respeto y acuerdos centrados en el bienestar de los hijos.

4. Cuidado con coordinación parental:
Pensado para casos de alta conflictividad, donde un profesional ayuda a ordenar la comunicación y el cumplimiento del plan de coparentalidad. 

5. “Nido compartido”:
Los hijos se mantienen en una sola casa y los padres rotan. Muy usado en transiciones iniciales.

6. Cuidado progresivo:
Tiempo que aumenta gradualmente, especialmente útil en la primera infancia.

Cada uno de estos modelos demuestra que no existe una fórmula única.

El cuidado compartido no es un número matemático, sino una forma de asegurar que los niños mantengan vínculos reales, estables y significativos con ambos progenitores.

Porque la maternidad y la paternidad no se extinguen con la ruptura de pareja.

Los hijos merecen presencia, acompañamiento y continuidad afectiva, no visitas turísticas.

Por eso, hoy más que nunca, es fundamental votar por candidatos que apoyen la crianza compartida como norma general después de la separación. Candidatos que entiendan que la niñez debe estar al centro y que la corresponsabilidad no es una opción: es un derecho de los hijos.

#LeyCriianzaCompartida ya",https://www.instagram.com/fundacion_crianza_compartida/reel/DRGRXBzjFBA/
2025-11-16T00:10:06.000Z,77,10,NA,"Nuestro especial agradecimiento a la candidatura de @fr_parisi por incluir nuestras propuestas en su programa presidencial y a @vanessaferrerradovic por convertir su candidatura en la única con un sello 100% de infancia.

Agradecemos también a las candidaturas de @joseantoniokast y @joukaiser por plantear los temas de familia y la corrupción en el sistema de justicia, así como la necesidad de una reforma al @pjudicialchile y al proceso de nombramiento de jueces, entre otras aristas.

Mención especial a las candidaturas que hablaron de corresponsabilidad parental -desde posiciones ideológicas diversas y a veces contrapuestas-, ya sea en la propuesta de extensión del postnatal y postnatal masculino de @jeannettejararoman, o en las iniciativas de corresponsabilidad y conciliación familiar-laboral de @evelynmatthei y @maynenicholls.

Estamos en tiempos de polarización y, como han señalado varios analistas, vivimos una crisis de representación política que refleja una profunda división social; las elecciones serán un síntoma más de esa crisis.

En el próximo periodo presidencial y parlamentario seguiremos enfrentando un Congreso fragmentado y con dificultad de acuerdos en temas cruciales: derechos de niños, niñas y adolescentes, protección efectiva y fortalecimiento de las familias ante un sistema que no protege y cuyas listas de espera perpetúan la vulneración de derechos.

Como organización de la sociedad civil seguiremos presentes en el debate sobre las temáticas que nos competen. Conversaremos con todas las autoridades que sea necesario, porque el diálogo será imprescindible. 

No obstante, recordaremos a los nuevos parlamentarios y al Presidente de la República que asumen un mandato nacional -no solo de sus sectores políticos- y que si la voluntad mayoritaria del pueblo exige avanzar en sanciones a las falsas denuncias, en crianza compartida, revinculación y reunificación familiar, y en la reforma del Poder Judicial y de los tribunales de familia para mejorar la atención a las miles de familias afectadas por las demoras y negligencias del sistema, esto se deberá plantear en el debate político sin censura previa y sin ceder a las funas de grupos minoritarios.",https://www.instagram.com/fundacion_crianza_compartida/p/DRGMKF1iVi5/
2025-11-14T14:04:03.000Z,160,18,NA,"#CrianzaCompartida y #crianzaconapego en niños pequeños con padres separados. 

#Coparentalidad #separacionesconhijos #corresponsabilidadparenta #DerechosDeInfancia l",https://www.instagram.com/fundacion_crianza_compartida/p/DRCiAdagDFW/
2025-11-14T11:39:57.000Z,182,12,NA,"@lisandrasilva y su historia de #crianzacompartida con @raulpower

La crianza compartida mejora la salud mental de las madres y permite un vínculo más pleno de los hijos con papá y viceversa. 

La #LeyCrianzaCompartida busca que hijos e hijas de padres separados convivan el mismo tiempo con su mamá o papá, o que las decisiones respecto a ellos sean tomadas por igual. 🏡

Por una crianza colaborativa, coparticipativa y corresponsable.

¿Te sumas a esta iniciativa? Firma en el enlace de nuestra biografía ✍️⬇️

#LeyCrianzaCompartida
https://chng.it/G5FmrLCmkR",https://www.instagram.com/fundacion_crianza_compartida/reel/DRCMMgWgJjP/
2025-11-13T18:39:50.000Z,31,1,NA,"#medidasdeprotección según datos de @defensoria_ninez extraídos de estadísticas de informes trimestrales del @pjudicialchile .

#VocesPorLaInfancia #PerspectivaDeInfancia #FundaciónCrianzaCompartidaChile",https://www.instagram.com/fundacion_crianza_compartida/p/DRAcxbRiWVW/
2025-11-12T20:28:07.000Z,112,11,NA,La grave situación de nuestros niños con la saturación de los programas de intervención una realidad que dejó el informe anual de la defensoria de la niñez. Esto da para reflexionar y accionar que exista la mirada crítica de quienes gobiernan sobre la infancia,https://www.instagram.com/ps_perito_caroval/reel/DQ-EPJ0CXHP/
2025-11-12T17:48:43.000Z,73,4,NA,"🎭 “Calvario” — Primera función

La primera función fue un viaje intenso, lleno de emociones y con una sala repleta.
Gracias a todas las personas que fueron parte de este estreno y nos acompañaron en este comienzo. 💛

Pero esto recién empieza…
Este jueves 13 y viernes 14 de noviembre, regresamos con nuevas funciones en la Sala Club de Teatro Chucre Manzur 10, Providencia.

Aún quedan entradas disponibles, así que no se pierdan la oportunidad de vivir “Calvario” en escena.
Los esperamos con el corazón abierto y la historia lista para volver a contarse. ✨",https://www.instagram.com/companiasisifo/p/DQ9xqZbgSeb/
2025-11-12T12:42:19.000Z,80,2,NA,"Entrevista al diario ""El Longino"" para la obra Calvario.
Agradecer siempre el apoyo y difusión de @pato_sesnich con los proyectos artísticos 🎭",https://www.instagram.com/ulisesbaile/p/DQ9PED2ldGr/
2025-11-12T12:04:41.000Z,65000,923,NA,"Un hito en la paternidad 🥺 

Cuando un hijo o hija preadolescente pide que ya no lo beses afuera del colegio o frente a los compañeros, está expresando una necesidad natural de su desarrollo: marcar límites, cuidar su imagen frente a sus pares y empezar a construir una identidad más autónoma.

Esto no debe ser nterpretado como una señal de alejamiento, sino como una nueva forma de vínculo. El apego seguro no depende de gestos físicos solamente sino de la confianza mutua en que el amor y la conexión emocional se mantienen, aunque cambien las formas de expresarlo.

Escuchar ese límite y respetarlo con calma refuerza la seguridad emocional. El mensaje que recibe es: “puedes decir lo que sientes, y te seguiré queriendo igual”. Eso fortalece la confianza y el respeto mutuo.

Desde la perspectiva de infancia y enfoque  derechos además, este tipo de situaciones son oportunidades para enseñar respeto por el cuerpo, el consentimiento y la autonomía. 

Cuando los adultos validan esas decisiones, están transmitiendo que las niñas, niños y adolescentes tienen derecho a decidir cómo quieren recibir afecto y a sentirse cómodos con ello.

Respetar estos procesos no te hace ceder en autoridad parental, te valida como tal. 

Significa comprender que el amor también se expresa en la capacidad de adaptarse a las nuevas necesidades de nuestros hijos.
Como señaló @marcemondacac: “Los padres que no pasan tiempo con sus hijos van a destiempo”.

Cuando estamos presentes y realmente conectados con su crecimiento, podemos entender mejor sus cambios, sus emociones y lo que necesitan en cada etapa. Esa conexión cotidiana se convierte en una verdadera caja de herramientas para acompañar con empatía y comprensión las conductas y decisiones de nuestros hijos.

Fundación Crianza Compartida Chile
Promovemos una cultura de vínculos seguros, corresponsables y respetuosos con la infancia.

Créditos del video a @gontrujillo.cl",https://www.instagram.com/fundacion_crianza_compartida/reel/DQ9IojygFnG/
2025-11-11T18:18:22.000Z,44,5,NA,#LeyCrianzaCompartida #Coparentalidad #separacionesconhijos #divorcio #DerechosDeInfancia,https://www.instagram.com/fundacion_crianza_compartida/p/DQ7QudhiTLz/
2025-11-11T14:43:16.000Z,281,9,NA,"Cuando una separación ocurre, no solo se quiebra una pareja: se reorganiza una familia.
Lisandra Silva ( @lisandrasilva ) contó que al inicio se opuso a la tuición compartida que pidió Raúl Peralta ( @raulpower ) . Dijo que su hija era muy pequeña, que él no sabría cuidarla. Después, reconoció que el proceso fue duro, pero que con el tiempo entendió algo distinto: que compartir la crianza también podía ser una forma de reconstruirse.

En Fundación Crianza Compartida Chile creemos que historias como esta muestran algo más profundo: lo difícil que sigue siendo pensar la crianza como una tarea de dos, incluso cuando el vínculo de pareja ya no existe y la capacidad impresionante que tienen los padres , pese a las diferencias, de colocar el amor a sus hijos por sobre los temores y avanzar hacia formas de corresponsabilidad que promuevan los vínculos afectivos y el autocuidado ( una mirada que a veces se pierde en el ejercicio de la maternidad ) 

No se trata de ganar o perder. Se trata de aprender a cuidar distinto.

#CrianzaCompartida #CorresponsabilidadParental #DerechosDeInfancia #FundaciónCrianzaCompartida",https://www.instagram.com/fundacion_crianza_compartida/p/DQ6xSI8AIgL/
2025-11-10T18:13:33.000Z,93,7,NA,#DesvinculaciónParental #derechosdelainfancia #perspectivadelainfancia #niñosfelices #NiñezMasProtegida #FundaciónCrianzaCompartidaChile,https://www.instagram.com/fundacion_crianza_compartida/p/DQ4rYSUiWdQ/
2025-11-10T14:23:28.000Z,2902,294,NA,"Hola papá, pasé de nuevo a verte para decirte que te extraño mucho. 

Pero en el fondo sé que no te has ido, duermes en mi corazón y en el de muchos que queremos que las cosas cambien y que se haga justicia, manteniendo la llama de la esperanza aquí en la Tierra.

Te amo, eres mi alegría como yo también soy la tuya. Dame sabiduría para poder seguir luchando.

Gracias por todos estos años que pudimos estar juntos, sanar y poder recuperar nuestro vínculo de padre e hijo. Un beso al cielo.

Te adora tu hijo, 

🕊️
Jorge Andrés Tocornal.",https://www.instagram.com/jorge.tocornal/p/DQ4M40sETkrcO-HfyXK4z2S8LibyTx7faI-_FM0/
2025-11-10T12:57:34.000Z,114,5,NA,"Corresponsabilidad: un cambio estructural, no individual

La corresponsabilidad parental no depende solo de la voluntad de cada madre o padre. Es un cambio estructural que exige políticas, flexibilidad laboral y marcos legales que faciliten la vida familiar.

En Chile, la carga de cuidado sigue recayendo mayoritariamente en las mujeres, mientras muchos padres desean participar activamente en la crianza, pero se enfrentan a jornadas laborales rígidas, licencias insuficientes y un sistema judicial que aún arrastra modelos tradicionales de custodia.

Avanzar hacia una Ley de Crianza Compartida significa reconocer que los hijos necesitan a ambos progenitores, también cuando las parejas se separan. Significa abrir espacios reales para la corresponsabilidad, fortalecer la conciliación entre trabajo y familia, y construir un sistema más justo y equitativo para madres, padres e hijos.

Porque cuidar no debería ser un privilegio ni una lucha, sino un derecho compartido. 

Según la II Encuesta Nacional sobre Uso del Tiempo (INE, 2023), las mujeres en Chile dedican más del doble de horas semanales al trabajo no remunerado y de cuidados que los hombres.

Estudios de la OCDE muestran que cuando existen licencias y medidas específicas para padres, aumenta su participación en los cuidados y mejora el bienestar infantil.

#LeyCrianzaCompartida #corresponsabilidad #Coparentalidad #usodeltiempo #cargamental #fundacioncrianzacompartidachile",https://www.instagram.com/fundacion_crianza_compartida/reel/DQ4G13igLoK/
2025-11-09T14:00:22.000Z,204,24,NA,"La alineación parentaldestroza vidas y personas, niños y adulto,  luchemos por una crianza compartida

#alienacionparental 
#violenciavicaria 
#padresalejados 
#suicidio 
#padres 
#hijas 
#hijos 
#madres 
#depresion 
#ansiedad",https://www.instagram.com/invisiblemlg/reel/DQ1o1V-CsAv/
2025-11-08T23:55:23.000Z,426,32,NA,"#javierrebolledo debate con #carlazunino sobre.#FalsasDenuncias y las críticas de ciertas feministas a la visibilización de este fenómeno masivo .

#leyfalsasdenuncias #LeyTocornal #falselyaccused",https://www.instagram.com/fundacion_crianza_compartida/reel/DQ0Ivv0iRp1/
2025-11-08T18:55:23.000Z,82,6,NA,"Las separaciones de los padres si afectan a los hijos pero los efectos negativos se pueden disminuir construyendo "" separaciones sanas "".

#separacionesconhijos #SeparacionesConflictivas #divorcio #DerechosDeInfancia #perspectivadelainfancia",https://www.instagram.com/fundacion_crianza_compartida/p/DQzmk64Eo7T/
2025-11-08T17:01:50.000Z,150,8,NA,#paternidad #hija #FundaciónCrianzaCompartidaChile #PRM #Revinculación,https://www.instagram.com/fundacion_crianza_compartida/p/DQzZlTNCWV2/
2025-11-08T16:12:05.000Z,385,16,NA,"""Volvemos siempre a los mismos lugares y personas, pero ya no somos los mismos. Nos reencontramos con gente en circunstancias inesperadas, extrañas y es como volver atrás, pero también es volvernos más concientes del paso del tiempo. Aún recuerdo el primer año de actuación en la UDD hace como 20 años atrás, el ramo de percepción actoral y la película de Ettore Scola (Un día muy particular) donde actuaba Marcello Mastroniani y Sophia Loren que nos recomendó Cristián Campos. Hacer esta obra, Calvario, e inspirarme en su caso fue como volver al inicio de todo. Cuando la ficción se acaba empieza la realidad"".",https://www.instagram.com/ulisesbaile/p/DQzT45UFbIJ/
2025-11-07T16:28:14.000Z,526,60,NA,"90 % de las personas encuestadas está a favor de que se legisle sobre una ley que sanciona las falsas denuncias 

Una nueva entrega del ""Termómetro Político"" también arrojó que el 84% cree que una legislación ayudara a disminuir las denuncias falsas. 

Tras el sobreseimiento definitivo de @cristcamposs , quien enfrentó una acusación por abusos deshonestos en contra de la sicóloga Raffaella di Girolamo, hija de su expareja, el actor manifestó su deseo de impulsar una ley que penalice las denuncias falsas en casos de delitos sexuales.

#LeyTocornal #LeyFalsasDenuncias #FalsasDenuncias",https://www.instagram.com/fundacion_crianza_compartida/p/DQww8UxEVbL/
2025-11-07T15:19:21.000Z,113,5,NA,"Hermosa jornada de padres en el Centro de Rehabilitación del Ejército de Chile (CRIÉ). Conversamos con su directora y con la gestora de esta iniciativa, quienes realizan una labor realmente admirable. Como Fundación Crianza Compartida Chile, estuvimos presentes con una charla sobre estrés parental, compartiendo herramientas y reflexiones para acompañar a las familias en su bienestar emocional.

@centro_crie",https://www.instagram.com/fundacion_crianza_compartida/reel/DQwnLV-Eccz/
2025-11-07T13:05:17.000Z,131,9,NA,"El sociólogo @albertomayolcs reflexiona sobre la situación crítica de la infancia en Chile y la crisis de legitimidad que viven las fundaciones tras el #CasoFundaciones.

Destacamos el valor de aquellas ONGs que siguen -seguimos- trabajando con compromiso real por las familias y los niños, niñas y adolescentes.

@somosrentable

💬 Déjanos tu opinión.",https://www.instagram.com/fundacion_crianza_compartida/reel/DQwY1TVkRHM/
2025-11-07T12:55:41.000Z,37,0,NA,NA,https://www.instagram.com/fundacion_crianza_compartida/reel/DQwYQMokQEa/
2025-11-07T13:22:19.000Z,34,1,NA,"Dos anuncios : 

Ya está disponible en librerías la cuarta edición del libro La Hora de la Verdad de Jorge Tocornal ( el libro está agotado en muchas librerías pero esta reponiendo constantemente ) . Desde el extrajero puede acceder al libro de Jorge Tocornal y el libro Falsas de @javierrebolledoesco desde la página de Buscalibre.com. 

También entregamos un aviso importante de ayuda social a @ carlithaestrada Matheo cardiopatitas ( tiktok ) Mateo Ricardo Caro Veas un niño de 3 años que sufre cardiopatía y que este mes de Noviembre tendrá su tercera operación. 

Nuestro agradecimiento a @radiohoycl brindar un espacio para la ayuda social. 

#fundacioncrianzacompartidachile #cardiopatiacongênita #crianzacompartida #DerechosDeInfancia",https://www.instagram.com/fundacion_crianza_compartida/reel/DQwWFx6kTgt/
2025-11-07T00:09:08.000Z,146,7,NA,"Crianza Compartida Chile
Infancia compartida Argentina 

Unidos contra la obstrucción de vínculos!!!

Las fronteras no solo dividen, TAMBIÉN UNEN.",https://www.instagram.com/infanciacompartidaok/reel/DQvA2zkEedD/
2025-11-06T20:28:17.000Z,70,1,NA,Burnout parental una realidad preocupante de la cual no se habla mucho #autocuidado #hijos #crianzaconamor #saludmentalyemocional,https://www.instagram.com/ps_perito_caroval/reel/DQunlHCCTzl/
2025-11-06T18:32:58.000Z,15,0,NA,"LIVE Internacional: Argentina 🇦🇷🤜🤛🇨🇱 Chile

Este jueves a las 19:30 hrs (Chile-Argentina) te invitamos a un encuentro imperdible entre @fundacion_crianza_compartida Chile e @infanciacompartidaok

Hablaremos sobre los casos de #PabloGhisoni y #jorgetocornal las falsas denuncias, los derechos de los niños y las similitudes entre ambos casos que marcaron un hito en la tematica.

Conéctate en vivo por Instagram Instagram 

Un diálogo necesario, valiente y lleno de verdad.

Noviembre es considerado el mes de la niñez y de la conscientizacion de las temáticas de infancia rememorando la convención internacional de los derechos del niño, sancionada el 20 de noviembre de 1989.

@no_mas_hijos_rehenes #COMUNIDADDEDIFUSION

#fundacióncrianzacompartidachile
#infanciacompartida
#falsasdenuncias
#derechosdelosniños
#leytocornal
#corresponsabilidadparental 
#pabloghisoni 
#comunidad
#nomashijosrehenes",https://www.instagram.com/parenti_lucas/reel/DQuYl2ZgQeA/
2025-11-06T17:13:43.000Z,1206,66,NA,"¿Cuándo la protección se vuelve daño? Los PRM y la infancia atrapada en los conflictos de los adultos. 

Miles de niños y niñas en Chile crecen bajo la intervención de programas que, en teoría, deberían protegerlos… pero que muchas veces terminan generando más dolor.

El nuevo artículo de @factoscl escrito por Claudia Molina B., analiza el funcionamiento de los PRM (Programas de Reparación del Maltrato) y cómo la burocracia, la falta de especialización y las falsas denuncias pueden transformar la “protección” en una nueva forma de vulneración.

Léelo completo en 👉 [enlace en historias]

https://factos.cl/2025/11/05/cuando-la-proteccion-se-vuelve-dano-los-prm-y-la-infancia-atrapada-en-los-conflictos-de-los-adultos/

#Infancia #Justicia #PRM #DerechosHumanos #FalsasDenuncias #NiñezEnChile #Sename #ProtecciónInfantil #FactosChile",https://www.instagram.com/fundacion_crianza_compartida/p/DQuRWiZCVay/
2025-11-11T11:09:02.000Z,63,0,NA,"Nota realizada por @panoramateatral 🗓

""Calvario"" 🎭 

Ficha artística
Teatro Sísifo
Intérprete: Ulises Salinas
Dramaturgia y dirección: Ulises Salinas
Diseño Integral: Francisca Novoa 
Iluminación y asistencia de dirección: Víctor Morales

📍Jueves 13 y Viernes 14 de noviembre
20:00 hrs.
Sala Club de Teatro
Chucre Manzur #10. Providencia

Entrada general $8.000 + cargo por servicio $1.200 a través de @ticketplus.clí",https://www.instagram.com/ulisesbaile/p/DQtwhTAFRYM/
2025-11-05T20:57:13.000Z,192,19,NA,"19 de Noviembre es el Día Internacional del Hombre .

La denuncia fue hecha después que el padre inició una nueva relación de pareja. 

Motivos por los cuales se debe concientizar sobre la violencia hacia los hombres y crear canales de denuncia que también los incluya a ellos , se debe sancionar las falsas denuncias y abordar los procesos de revinculación de forma rápida y con acompañamiento profesional especializado y se debe abrir la posibilidad para que el cuidado compartido no dependa de la mera voluntad de una de las partes ya que esto promueve el abuso del cuidado personal exclusivo. 

#cuidadocompartido #crianzacompartida #falsasdenuncias #Revinculación #violenciahacialoshombres #diainternacionaldelhombre",https://www.instagram.com/fundacion_crianza_compartida/p/DQsF0J-EgU7/
2025-11-05T14:48:31.000Z,744,30,NA,"La Corte Suprema, mediante un fallo unánime de su Cuarta Sala, rechazó el recurso de casación en el fondo interpuesto contra la sentencia de la Corte de Apelaciones de Valparaíso dictada el 11 de noviembre de 2024, que estableció un nuevo régimen de relación directa y regular entre un padre y sus hijos de 9 y 7 años. En este fallo, el Tribunal reafirmó que:

 «El cuidado personal compartido es un régimen de vida que procura estimular la corresponsabilidad de ambos padres que viven separados, en la crianza y educación de los hijos comunes». 

El fallo aclara que el artículo 225 del Código Civil de Chile “no ha sido vulnerado” y que la figura del cuidado compartido “como mandato de optimización de conducta” exige que ambos progenitores “participen en forma activa, equitativa y permanente en la crianza y educación de sus hijos”. 

#LeyCriianzaCompartida
#cuidadocompartido
#corresponsabilidadparental #fundacioncrianzacompartidachile",https://www.instagram.com/fundacion_crianza_compartida/p/DQrb8MLEZHx/
2025-11-05T11:47:10.000Z,185,1,NA,"¿Cómo explicar el divorcio o la separación a los hijos?

Separarse no significa romper la familia. Es importante que con la separación surge una posibilidad de ser otro tipo de familia. 

En Fundación Crianza Compartida Chile creemos que la empatía, la transparencia y el autocuidado son la base para acompañar a los hijos cuando los padres deciden seguir caminos distintos.

Hablar con los hijos sobre el divorcio o la separación es un acto de cuidado y autocuidado. Lo más importante es transmitir seguridad, estabilidad y amor, incluso en medio del cambio.

Algunos principios fundamentales:

Hablar desde la verdad, sin ocultar ni dramatizar.

Evitar culpables o acusaciones. Los hijos no deben cargar con el conflicto adulto.

Usar un lenguaje claro y adaptado a su edad.

Si es posible, hablar ambos padres juntos. Eso refuerza la idea de unidad y seguridad.

Dejar claro que el amor y los cuidados no cambian, aunque la convivencia sí lo haga.

Escuchar y validar las emociones de los hijos sin intentar corregirlas.

Reforzar la corresponsabilidad parental: ambos padres siguen siendo igual de importantes y necesarios.

El divorcio o la separación ponen fin a la relación de pareja, pero no deben destruir la familia emocional que los hijos necesitan para crecer seguros y amados.

Video de @gabriel.rolon

#CrianzaCompartida #CorresponsabilidadParental #separacionesconhijos #FundaciónCrianzaCompartidaChile#gabrielrolón",https://www.instagram.com/fundacion_crianza_compartida/reel/DQrGIvFgNXW/
2025-11-04T18:09:15.000Z,196,29,NA,"Las falsas denuncias y la falta de sanción al incumplimiento reiterado del régimen comunicacional van sobrecargando el sistema a niveles críticos. 

La falta de sanción a las interferencias parentales lo único que provoca es que aumenten las listas de espera y el tiempo de ingreso a los programas. 

#FalsasDenuncias #prm #vulneraciondederechosdelosniños #DerechosDeInfancia #justicia",https://www.instagram.com/fundacion_crianza_compartida/p/DQpOHibCZQd/
2025-11-04T14:29:21.000Z,954,14,NA,"El sueño de todo padre . 

#paternidad #hijos #cumpleaños #crianzacompartida",https://www.instagram.com/fundacion_crianza_compartida/reel/DQo08PzEcpW/
2025-11-03T19:19:55.000Z,563,50,NA,"¿ Se debe crear un registro nacional de Obstaculizadores del vínculo y reglamentar la actuación e intervención de jueces , consejo técnico , curaduria y Organismo Colaboradores de @servicioproteccion en casos de interferencias parentales ? 

#registrodeobstaculizadoresdevinculo #interferenciasparentales #ImpedimentoDeVínculo #DerechosDeInfancia",https://www.instagram.com/fundacion_crianza_compartida/reel/DQmxH4akr9W/
2025-11-03T15:29:44.000Z,718,21,NA,"@nina_mahsati plantea una realidad que se ha vuelto casi un sentido común en las familias judicializadas, y que incluso muchos abogados reconocen:

👉 Es mucho más fácil conseguir un apremio por no pago de pensión alimenticia -aun con todas las dificultades que persisten en su cumplimiento- que lograr una simple multa (y ni hablar de una orden de arresto) contra quien obstaculiza sistemáticamente el vínculo entre un hijo y uno de sus padres.

El no pago de pensión puede convertirte en “violento económico”, en “prófugo de la justicia” y genera intereses.

En cambio, el incumplimiento del régimen comunicacional -aunque también contempla apremios en la ley- no es percibido por jueces, equipos técnicos del @servicioproteccion ni curadores ad litem como un daño al niño o niña.

En la práctica, los tribunales rara vez aplican los apremios más gravosos solicitados por el progenitor impedido del contacto.
Y seamos honestos: es casi inexistente que alguien pierda el cuidado personal por obstaculizar la relación directa y regular.

¿No deberíamos avanzar hacia un Registro Nacional de Obstaculizadores del Vínculo y establecer, mediante reglamento, criterios claros y obligatorios para el cumplimiento efectivo de los apremios por parte de autoridades judiciales y organismos colaboradores?",https://www.instagram.com/fundacion_crianza_compartida/reel/DQmVXjikUKN/
2025-11-03T13:06:45.000Z,79,5,NA,"Esta situación se ve interesificada cuando existe un conflicto tóxico e incomunicación entre los padres. 

Los hombres no quedan exentos de esta experiencia de duelo , sentimiento de pérdida , vacío y resentimiento por una separación conflictiva. 

Estos factores podrían ser preponderantes en situaciones de obstrucción de vínculos e impedimento de contacto con los hijos. 

Nos queda mucho por hacer en prevención y acompañamiento a las familias sea para reparar vínculos rotos o sea para llevar adelante separaciones sanas , con enfoque de autocuidado y con perspectiva de infancia ( cuando existen hijos de por medio) .

✳️ Progenitor custodio = aquel padre o madre que ejerce el cuidado personal exclusivo de sus hijos .

#fundacióncrianzacompartida #crianzacompartida #ImpedimentoDeVínculo #Coparentalidad #separacionesconhijos ##divorcio",https://www.instagram.com/fundacion_crianza_compartida/p/DQmGtNuAA7-/
2025-11-03T11:26:24.000Z,593,62,NA,"Muchas madres ( también padres custodios pero son menos ) que se niegan a la crianza compartida no lo hacen solo por razones económicas, sino por algo mucho más profundo: el temor a perder el vínculo.

Desde la psicología, esta resistencia puede entenderse como una reacción al duelo por la separación, donde el hijo se convierte -muchas veces inconscientemente- en el principal sostén emocional. Ceder tiempo o espacio puede sentirse como una pérdida de amor o de sentido, más que como una decisión práctica.

Desde la psicología, este proceso puede reflejar una dificultad para simbolizar la pérdida, para aceptar que el otro progenitor sigue existiendo como figura válida y amorosa en la vida del niño. Aparece el vacío, el silencio del hogar sin risas, y con él, el miedo a quedar fuera de la historia del hijo.

Superar este proceso implica reconocer el duelo, no negarlo. Requiere elaborar la separación como adultos, diferenciar el rol de pareja del rol de padres, y permitir que el amor hacia los hijos no quede atrapado en el conflicto.

Solo así la crianza compartida deja de sentirse como una amenaza, y comienza a vivirse como un acto de amor y madurez. 💛

#crianzacompartida #leycrianzacompartida
#fundacioncrianzacompartidachile #coparetalidad #DerechosDeInfancia #PerspectivaDeInfancia",https://www.instagram.com/fundacion_crianza_compartida/reel/DQl64MdgGUQ/
2025-11-02T23:35:38.000Z,171,15,NA,"Por una Ley de crianza compartida vota 🗳️ i-83 Vanessa Ferrer Radovich Diputada Distrito 7.

#vanessaferrerdiputada #TuVoz #distrito7 #perspectivadeinfancia #crianzacompartida #falsasdenuncias",https://www.instagram.com/vanessaferrerradovic/reel/DQkpd2fjao6/
2025-11-02T14:45:03.000Z,41,1,NA,"La crianza compartida permite la continuidad de los vínculos afectivos padre-madre/hijo construidos antes de la separación de los padres 

La #LeyCrianzaCompartida busca que hijos e hijas de padres separados convivan el mismo tiempo con su mamá o papá, o que las decisiones respecto a ellos sean tomadas por igual. 🏡

Por una crianza colaborativa, coparticipativa y corresponsable.

¿Te sumas a esta iniciativa? Firma en el enlace de nuestra biografía ✍️⬇️

#LeyCrianzaCompartida
https://chng.it/G5FmrLCmkR",https://www.instagram.com/fundacion_crianza_compartida/p/DQjtKRXESJX/
2025-11-02T12:22:33.000Z,1595,11,NA,"Cada cierto tiempo hay que recordar algunas cosas : 

1. Ser padre no es un delito. 

2. Los padres piden más presencia y tiempo en la vida de sus hijos. 

3. Los niños y niñas necesitan la presencia de ambos padres. 

#perspectivadelainfancia #paternidad #crianzacompartida #fundacioncrianzacompartidachile",https://www.instagram.com/fundacion_crianza_compartida/reel/DQjctpqAC2S/
2025-11-01T20:48:31.000Z,280,18,NA,"El periodista Javier Rebolledo estuvo en #lapruebadeadn de @adnchile conducido por @carlazunin y @rafa_cavada conversando sobre falsas denuncias. 

¿Te lo perdiste? No te preocupes. Busca el enlace en nuestras historias 😉 

#JavierRebolledo #falsasdenuncias #DerechosDeInfancia #prm #Feminismo",https://www.instagram.com/fundacion_crianza_compartida/reel/DQhxqJfks46/
2025-11-01T20:12:23.000Z,53,3,NA,#fundacióncrianzacompartida #Familia #hijos #Coparentalidad,https://www.instagram.com/fundacion_crianza_compartida/p/DQht0xakoEL/
2025-11-01T14:10:25.000Z,610,69,NA,"Destruir la vida personal y familiar de una persona -o intentar hacerlo- mediante una falsa denuncia no puede ser un acto gratuito ni quedar sin consecuencias. En una falsa denuncia no hay error: hay dolo, intención de dañar y, muchas veces, la búsqueda de beneficios personales o secundarios.

La acción judicial del actor @cristcamposs es un acto de reparación frente al daño inconmensurable provocado, no sólo por la denuncia en su contra, sino también por lo que ocurrió después de la sentencia absolutoria. 

Pese a esa resolución, Rafaella Di Girolamo y su madre, Claudia Di Girólamo, desde la oficina del abogado de Fundación Para la Confianza, Juan Pablo Hermosilla, continuaron la funa y la cancelación pública, desconociendo la decisión judicial y vulnerando la presunción de inocencia.

Muchos padres y madres falsamente denunciados ven en esta acción judicial un gesto de reparación y justicia social, un paso necesario frente a la impunidad de quienes utilizan la denuncia como arma de destrucción y control.

Y lo repetimos, tal como lo ha expresado la actriz y pareja de Cristian, @mariajoseprietol: visibilizar las falsas denuncias no significa proteger a los verdaderos abusadores, sino todo lo contrario. 

¿Quién mejor que ella para decirlo, siendo sobreviviente de abuso sexual infantil y habiéndose atrevido a denunciar a su padrastro? 

Lo que se busca es impedir que se use, de forma instrumental y egoísta, una legislación creada para proteger a las verdaderas víctimas.

Como ha señalado @javierrebolledoesco estas prácticas terminan desviando recursos valiosos y alimentando de forma parasitaria un sistema que debería enfocarse en las verdaderas víctimas.

Decir “No más falsas denuncias” también significa decir “No más impunidad para los verdaderos abusadores y maltratadores”.

Así como todos debemos condenar con firmeza la violencia y el abuso, también debemos cerrar filas contra quienes manipulan la justicia, sobrecargan el sistema con denuncias falsas y utilizan a los hijos como armas en conflictos de pareja.

#leytocornal #LeyFalsasDenuncias #falsasdenuncias #rafaelladigirolamo #fundacionparalaconfianza #Hermosilla",https://www.instagram.com/fundacion_crianza_compartida/reel/DQhCdGaEZAH/
2025-11-01T00:02:23.000Z,148,11,NA,"El terror de los niños es la desvinculación parental forzada con uno de sus padres. 

No permitamos esta forma de maltrato infantil..

#halloween #fundacioncrianzacompartidachile #terror #falsasdenuncias #impedimentodevinculos",https://www.instagram.com/fundacion_crianza_compartida/reel/DQfjB3FCVx8/
2025-10-31T22:26:08.000Z,130,13,NA,"Un niño pasa disfrazado de superhéroe, pidiendo dulces… y al otro lado de la acera, un papá o una mamá oculto/a bajo una máscara, como en Mrs. Doubtfire, solo para ver a su hijo sin ser visto. 

El terror se encuentra en el impedimento de contacto y en la manipulación hacia los hijos. 

#halloween #ImpedimentoDeVínculo #nochedebrujas #fundacioncrianzacompartidachile #DerechosDeInfancia",https://www.instagram.com/fundacion_crianza_compartida/p/DQfYVdCEjnV/
2025-10-31T15:40:17.000Z,85,7,NA,"Apoya la inocencia de Jorge Tocornal firmando aquí 👇
 https://c.org/FF5FKjbyyW 

#leytocornal #leyfalsasdenuncias 

Las falsas denuncias no pueden ser gratis menos cuando destruyen vidas .",https://www.instagram.com/fundacion_crianza_compartida/reel/DQep4iVES1X/
2025-10-31T13:57:41.000Z,82,2,NA,"Los hijos necesitan "" saber que ambos padres los aman "" .

La #LeyCrianzaCompartida busca que hijos e hijas de padres separados convivan el mismo tiempo con su mamá o papá, o que las decisiones respecto a ellos sean tomadas por igual. 🏡

Por una crianza colaborativa, coparticipativa y corresponsable.

¿Te sumas a esta iniciativa? Firma en el enlace de nuestra biografía ✍️⬇️

#LeyCrianzaCompartida
https://chng.it/G5FmrLCmkR",https://www.instagram.com/fundacion_crianza_compartida/p/DQeeJiXkSHk/
2025-10-31T12:51:11.000Z,236,39,NA,"Las #FalsasDenuncias destruyen personas, familias, niños y niñas y merecen atención 
Como abogada especialista en Derecho Penal, trabajé en Fiscalía y en Defensoría penal por 15 años, entiendo muy bien dónde está el problema. 
Soluciones: 
📌 CREAR UNA FIGURA PENAL ROBUSTA PARA LAS FALSAS DENUNCIAS. 
📌 CREAR UN SISTEMA DE REGLAS DE EVIDENCIA SOLIDO QUE EVITE QUE LA ‘PRUEBA BASURA LLEGUE A JUICIO. Y LIMPIEMOS TEMPRANAMENTE DE MENTIRAS EN LA CAUSA . 
📌LIMPIAR EL PODER JUDICIAL DE JUECES IDEOLOGIZADOS Y CON VISIÓN DE TÚNEL 
📌JUICIOS POR JURADOS … por qué ya no confiamos en los Jueces y su corrupcion 
📌SANCIONAR A LOS OPERADORES DEL SISTEMA QUE MIENTAN ( fiscales, jueces y peritos ) 
📌 EDUCAR DESDE LOS NIVELES BÁSICO Y MEDIO EN NO MENTIR. 
📌INCORPORAR CURSOS DE CONDENAS ERRADAS EN LAS UNIVERSIDADES. 
Eso y más se puede hacer desde una Diputación responsable y con conocimiento. 
#LASCOSASBIENHECHAS. 

vota #CelesteDiputada @celestejim_ #abogada en #Distrito10 #Santiago  #Providencia #Ñuñoa #LaGranja #SanJoaquin #Macul",https://www.instagram.com/celestejim_/reel/DQeU63skZeD/
2025-10-30T22:19:38.000Z,1309,155,NA,"Vicuña dice que lleva más de 40 días sin ver a sus hijos con ’China’ Suárez: ""No es un lindo momento""

“No veo a mis hijos más de cuarenta y tantos días… es una situación que me toca vivir, que nos toca vivir, no es el ideal, pero bueno… lo estoy enfrentando con madurez, con amor hacia mis hijos, intentando creer que es algo temporal que luego va a volver todo a la normalidad”, comenzó diciendo.

No obstante, admitió que, para él, es una situación injusta: “Pero no por mí, por mis hijos, voy tratando de asimilar, de administrar algo nuevo, algo que no estaba en mi radar, pero es complicado. Hoy más que nunca, me gustaría cuidarlos, protegerlos y no hablar de ellos, la verdad no es un lindo momento, más allá de decirte que si los echo mucho de menos, hablo todos los días con ellos por teléfono”.

Fuerza @benjaminvicuna.ok todo Chile apoyando el vínculo permanente , regular y directo con tus peques . 

#benjaminvicuña #chinasuarez #crianzacompartida #LeyCriianzaCompartida #fundacioncrianzacompartidachile #ImpedimentoDeVínculo #registrodeobstaculizadoresdevinculo",https://www.instagram.com/fundacion_crianza_compartida/reel/DQcyx1vEkHC/
2025-10-30T18:29:53.000Z,133,2,NA,"Apoya la inocencia de Jorge Tocornal firmando aquí 👇 https://c.org/FF5FKjbyyW 

#leytocornal #leyfalsasdenuncias #FalsasDenuncias #xavierarmendáriz

Las falsas denuncias no pueden ser gratis menos cuando destruyen vidas y los vínculos con los hijos .",https://www.instagram.com/fundacion_crianza_compartida/p/DQcYgUdCYwt/
2025-10-30T13:01:56.000Z,63,5,NA,"En Fundación Crianza Compartida Chile hemos visto cómo, incluso en medio del dolor y la injusticia, los padres y madres que aman de verdad se levantan una y otra vez. 

El vínculo con un hijo no se borra con una denuncia, un fallo ni una distancia impuesta.

Lo que no se puede quitar, permanece. 
Y lo que amamos, nos da fuerza para seguir.

Canción Apei de @dagogodoymusica 

#CrianzaCompartidaChile #amorpropio #DerechosDeInfancia #autoestima #fundacióncrianzacompartida",https://www.instagram.com/fundacion_crianza_compartida/p/DQbyF0-EeyU/
2025-10-29T21:10:28.000Z,827,109,NA,"Diego lo dijo todo. 

Papá 

Mamá 

Abuela / Abuelo 

Tio / Tía , 

No te rindas . 

#LeyCrianzaCompartida 

#leytocornal ( #leyfalsasdenuncias ) 

#registrodeobstaculizadoresdevinculo 

#fundacioncrianzacompartidachile",https://www.instagram.com/fundacion_crianza_compartida/reel/DQaFuZfktJk/
2025-10-29T15:48:18.000Z,315,23,NA,"Hijos huérfanos de padres vivos : la ciencia detrás del daño invisible de la alienación parental

El cerebro humano está diseñado para amar a ambos padres. 

Cuando un niño es separado injustamente de uno de ellos, no solo pierde un vínculo: pierde parte de sí mismo.

La neurociencia, la evolución y la psicología del desarrollo confirman hoy lo que muchos padres y madres han vivido en silencio: la ruptura intencionada del vínculo parental (RIIVP) deja cicatrices invisibles, pero reales.

Separar a un hijo de un progenitor amoroso no es un conflicto familiar, es una forma de maltrato emocional y biológico.

 “Proteger el vínculo con ambos padres no es ideología. Es salud pública. Es justicia evolutiva. Es amor grabado en la biología.”

Lee el artículo completo en Factos 
“Hijos huérfanos de padres vivos: la ciencia detrás del daño invisible de la alienación parental”

por Claudia Molina B. y Dr. Jorge Guerra González.

#Infancia #SaludMental #AlienaciónParental #DerechosDeLaNiñez #CrianzaCompartida #Neurociencia #Familia",https://www.instagram.com/fundacion_crianza_compartida/p/DQZhN8akW4p/
2025-10-29T14:52:21.000Z,107,7,NA,#paternidad #hijos #crianzacompartida,https://www.instagram.com/fundacion_crianza_compartida/p/DQZa0JaEbgX/
2025-10-29T12:15:01.000Z,60,6,NA,"⚖️La Cámara de Familia confirmó el cuidado personal unilateral a favor del padre, luego de comprobar un entorno estable y denuncias de violencia por parte de la madre.
👉🏻Se valoró la voz del niño y su derecho a crecer en un ambiente seguro.

👉 ¿Qué opinás de este fallo? 
Te leo en comentarios⬇️⬇️⬇️

Si necesitas asesoramiento legal, no dudes en contactarme!
📞+54 9 11 4916 1178
📧monicamarchisella@gmail.com
✨¡Gracias por visitar mi perfil

#abogada #abogadamediadora
#abogadadefamilia
#monicamarchisella #familia
#divorcios  #sucesiones #asesoramientolegal #nordelta #caba #cuidadopersonal #cuidadopersonalunilateral #interessuperiordelniño",https://www.instagram.com/monicamarchisella/p/DQZIzv4EdqF/
2025-10-29T10:34:50.000Z,507,35,NA,"""Cumbre dedicada a mi hija Zia, acompañado de otro papá desvinculado y ahora un gran amigo."" Javier Mancilla. 

Volcán Osorno ( Región de Los Lagos, entre las provincias de Osorno y Llanquihue ) 

El impedimento de vínculos con los hijos es maltrato y quien lo ejerce es un maltratador/maltratadora. 

#registrodeobstaculizadoresdevinculo #fundacióncrianzacompartidachile #CrianzaCompartida #volcanosorno #surdechile",https://www.instagram.com/fundacion_crianza_compartida/p/DQY8DMoAAq_/
2025-10-29T00:33:08.000Z,279,10,NA,"🌎💛 Argentina y Chile unidos por la Niñez

En el mes de la Niñez, nos unimos más allá de las fronteras para visibilizar una problemática que duele en silencio: la obstrucción de vínculos.

Una forma de violencia emocional que priva a NNyA  de algo esencial para su desarrollo: el derecho a amar y ser amados por ambos progenitores.

Desde Chile, la Lic. Carolina Valenzuela, presidente de la ONG Crianza Compartida, nos contará los detalles del caso Tocornal. Desde Argentina, junto a la Lic. María Rosa Ortega presidente de Infancia Compartida, comentarán las similitudes con el caso Ghisoni, analizando cómo estas historias reflejan un mismo dolor y un mismo desafío regional.

🗓 Jueves 6 de noviembre – 19:30 hs (Argentina)
📲 Instagram Live
@infanciacompartidaok
@fundacion_crinaza_compartida

""Hacia la cultura de una Infancia/crianza compartida y sin violencia""",https://www.instagram.com/infanciacompartidaok/p/DQX4fBeER6N/
2025-10-28T16:47:58.000Z,1500,209,NA,"Querido papá, 

Hoy se cumple un mes desde que partiste a los brazos de Dios, no sabes cuánta falta me haces y lo mucho que te extraño. 

Han sido días en los cuales cada cosa, por muy simple que sea, me recuerda a ti. Me pongo a tomar un helado de lúcuma (con lo mucho que te gustaba esa fruta), escuchar al organillero los domingos (que tanto te gustaban, cuando era chico me llevabas a verlos cuando estaban en la plaza o afuera del departamento de la Genita), al oír esa melodía, que siendo tan simple , y viendo como papás llevaban a sus hijos, al verlos sentí algo que me empañaba los ojos, debido a que también en su momento esos padres con sus hijos fuimos nosotros.

También he estado usando tu ropa, la cual aún conserva tu olor, es impresionante como al ponerme tu chaqueta es como si me abrazaras.

Tengo pena y tengo rabia, porque aún no logro entender cómo puede haber gente tan mala que haya quitado sus hijos a un padre y a un hijo que le arrebataron a su padre. Me da impotencia porque después de todos estos años luchando, después de todo lo mal que lo has pasado, llega esta desgraciada enfermedad y te lleva cuando el viento comenzaba a soplar a tu favor.

Pero junto con eso tengo gratitud y esperanza, agradezco cada día el que estos años te pude aprovechar al máximo, sanando juntos muchas heridas que esa bruja nos provocó. Y siento esperanza porque si bien no estás en forma terrenal, tu corazón descansa en el mío, seguiré luchando por ti papá y por todos esos padres que son dañados porque la contraparte ve a sus hijos como moneda de cambio.

Tú tranquilo, querido papá, que seguiré haciendo todo lo posible para que la justicia pueda cumplirse lo más pronto que se pueda.

Te adoro papá, cuando puedas ven a verme. Te quiero mucho. 🕊️🤍",https://www.instagram.com/jorge.tocornal/p/DQXAmoREeMAyrY7uSIyD05gUBj7HiOPFOXxGho0/
2025-10-28T14:51:32.000Z,73,1,NA,"La #LeyCrianzaCompartida busca que hijos e hijas de padres separados convivan el mismo tiempo con su mamá o papá, o que las decisiones respecto a ellos sean tomadas por igual. 🏡

Por una crianza colaborativa, coparticipativa y corresponsable.

¿Te sumas a esta iniciativa? Firma en el enlace de nuestra biografía ✍️⬇️

#LeyCrianzaCompartida
https://chng.it/G5FmrLCmkR

#crianzacompartida #cuidadocompartido",https://www.instagram.com/fundacion_crianza_compartida/p/DQW17Z0EVDk/
2025-10-28T12:04:09.000Z,186,6,NA,"Tras la pista de Gonzalo Jerez y la lucha de un papá por alcanzar justicia por sus hijos quieren eran presuntamente abusados por su tio mientras cumplían el régimen comunicacional con su madre .

Acusado de violar a su sobrina cuando era adolescente, Gonzalo Jerez estuvo más de tres años prófugo, pese a tener orden de arresto y prisión preventiva. Durante ese tiempo, retomó su vida con normalidad, hasta que -mientras se realizaba este reportaje- decidió entregarse.

Como Fundación Crianza Compartida Chile, esperamos que los menores presuntamente abusados reciban justicia. No se trata de un hecho aislado, sino de hechos reiterados que habrían afectado a varias personas dentro de su propio círculo familiar.

👏 Felicitamos a Rita Castro ( @ritacastro_abogada ) , abogada e integrante del equipo legal de nuestra fundación, por su valiente labor en la defensa de niños y niñas vulnerados.

#paratiiiiiiiiiiiiiiiiiiiiii #FundaciónCrianzaCompartidaChile #infancia  #derechosdelosniños",https://www.instagram.com/fundacion_crianza_compartida/reel/DQWiQXEEUe5/
2025-10-27T21:50:21.000Z,77,5,NA,"@isabel_warnier escribe sobre el Seminario de Falsas Denuncias organizado por @udd_cl y el intento de censura previa por parte de una asociación gremial de magistradas . 

Ante esta situación, Isabel Warnier plantea si es pertinente, dada la falta de imparcialidad demostrada por parte de las juezas en cuestión, solicitar la inhabilitación de las mismas cuando participen en causas de denuncias por delitos sexuales contra padres en contexto de separaciones conflictivas.

La duda queda planteada . 

Te invitamos a leer la columna de opinión Judicatura y debate académico: un reproche a la censura previa publicada en @elmercuriocl_

#FalsasDenuncias
#seminario #cortesuprema #censura #magistradaschilenas",https://www.instagram.com/fundacion_crianza_compartida/p/DQVBD-zklrH/
2025-10-27T11:47:06.000Z,90,4,NA,"Hoy nos vemos en @radiohoycl con la participación de @carolabisquertt . 

Nos vemos. 

Apoya la inocencia de Jorge Tocornal firmando aquí 👇 https://c.org/FF5FKjbyyW 

Las falsas denuncias no pueden ser gratis menos cuando destruyen vidas . 

#radiohoy #jorgetocornal #leytocornal #FalsasDenuncias #inocencia",https://www.instagram.com/fundacion_crianza_compartida/p/DQT8BpAkWYZ/
2025-10-27T11:06:12.000Z,330,32,NA,"Apoya la inocencia de Jorge Tocornal firmando aquí 👇 
https://c.org/FF5FKjbyyW 

#leytocornal #leyfalsasdenuncias

Las falsas denuncias no pueden ser gratis menos cuando destruyen vidas . 

Las falsas denuncias no pueden quedar impunes menos si rompen vínculos de padres/madres con sus hijos. 

Las falsas denuncias existen y deben recibir la sanción y reparación que corresponde. 

#leyfalsasdenuncias #fundacióncrianzacompartida #DerechosDeInfancia",https://www.instagram.com/fundacion_crianza_compartida/reel/DQT2-ZvgPey/
2025-10-26T15:48:00.000Z,943,81,NA,"Luchamos juntos todos estos años, ahora lucharé por ti mi querido papá. 🕊️🤍",https://www.instagram.com/jorge.tocornal/p/DQRyzLjkSESHZjxj8BSSpGdPCKD9Cp5xvTsydQ0/
2025-10-26T15:06:04.000Z,687,93,NA,"Las falsas denuncias generan un daño emocional profundo, no solo en la persona injustamente acusada, sino también en todo su entorno familiar.

La reparación y el reconocimiento de la inocencia son pasos esenciales para la sanación y la reconstrucción de la vida de quienes han sido afectados.

Cuando no existe prueba de culpabilidad, la persona sigue siendo inocente. Sin embargo, acciones como las de la Fundación Para la Confianza perpetúan la funa y la cancelación social, instalando la duda incluso cuando la justicia ya ha absuelto o descartado los hechos.

La presunción de inocencia, el respeto por la verdad y la posibilidad de rehacer la vida son pilares fundamentales de una justicia verdaderamente humana y reparadora.

Felicitaciones a @cristcamposs y su familia. 

#leyfalsasdenuncias #leytocornal #falsasdenuncias",https://www.instagram.com/fundacion_crianza_compartida/reel/DQRs-akkUh0/
2025-10-27T12:18:36.000Z,13,0,NA,"¡No te pierdas #LaMañanaEnlaHoy!, Tendremos los mejores invitados:

1. Jagall presenta su nuevo álbum “Magia y Vibra”

2. Araucaria Luna de Río Jarana promocionando su gira por Argentina y Uruguay

3. Fundación Crianza Compartida con una importante invitada. Carolina Bisquertt pareja de Jorge Tocornal

Conduce Tío Hoy, desde las 10:00 de la mañana solo por radiohoy.cl, canal 198 de Zapping y canal 649 de Binet",https://www.instagram.com/radiohoycl/p/DQPmJkhjZQj/
2025-10-25T16:01:02.000Z,640,71,NA,"110 días sin ver a su hijo. 

Aunque se pida la compensación de los días ( si es un incumplimiento de la relación directa y regular ) o sea que se suspendió el régimen comunicacional por motivo de una falsa denuncia , nadie , absolutamente nadie podrá devolver esos días que un padre o madre no puede ver a sus hijos. 

#registrodeobstaculizadoresdevinculo #fundacioncrianzacompartidachile #leytocornal #leyfalsasdenuncias #CrianzaCompartida",https://www.instagram.com/fundacion_crianza_compartida/reel/DQPPY6MEaxy/
2025-10-24T19:41:35.000Z,102,11,NA,"La protección integral de niños, niñas y adolescentes debe garantizarse sin sesgos de género ni categorías implícitas que distingan entre infancias “más” o “menos” merecedoras de protección.

Hoy, instituciones como @servicioproteccion están aplicando un concepto distorsionado de “violencia vicaria”, incluso en casos donde los padres denuncian situaciones reales de maltrato para proteger a sus hijos.

En la práctica, si un padre alerta sobre vulneraciones de derechos cometidas por la madre, se le acusa de ejercer “violencia vicaria” o “violencia de género”. Una interpretación injusta que termina desprotegiendo a los niños y castigando a quien busca cuidarlos.

#ProtejamosLaInfancia #NiñezMásProtegida #ViolenciaInstrumental #fundacióncrianzacompartidachile",https://www.instagram.com/fundacion_crianza_compartida/p/DQNB7QOkuQP/
2025-10-24T14:32:36.000Z,1190,69,NA,"La manipulación parental es una forma de abuso psicológico profundo. Cuando un niño crece bajo la influencia constante de un progenitor que distorsiona la realidad, denigra al otro y lo obliga a elegir bandos, no sólo pierde un vínculo: pierde parte de su libertad interior.

En muchos casos, este tipo de abuso genera un efecto similar al síndrome de Estocolmo: hijos e hijas que, incluso en la adultez, terminan identificándose y defendiendo al progenitor que los dañó, porque su mente aprendió que amar y sobrevivir eran lo mismo.

Desde la Fundación Crianza Compartida Chile, recordamos que la infancia necesita vínculos sanos, no lealtades forzadas. Romper con la manipulación parental es un acto de reparación, no de traición. 

Y que tribunales de familia e instituciones dependientes del @servicioproteccion intervengan con una perspectiva de protección hacia niños y niñas de esta forma de abuso y maltrato y con una perspectiva de reparación del daño psicológico ÿ emocional causado y los vínculos rotos es una necesidad urgente. 

#CrianzaCompartida #alienacionparental #AbusoPsicológico #ManipulaciónParental #SíndromeDeEstocolmo #DerechosDeLaInfancia",https://www.instagram.com/fundacion_crianza_compartida/reel/DQMgMl_gDE_/
2025-10-23T21:30:39.000Z,215,34,NA,"¿Y si el término “violencia vicaria” no protegiera a todos los niños víctimas de maltrato intrafamiliar?

El concepto, creado para describir el daño que un hombre puede causar a una mujer a través de los hijos, excluye a los padres e hijos que viven exactamente el mismo sufrimiento.

Cuando las leyes y los discursos públicos se construyen desde una sola mirada ( sesgo de género ) , los niños pierden doblemente: como víctimas directas y como instrumento de conflicto.

Es momento de hablar con rigor y empatía. 

No hablemos de “violencia vicaria” ( pseudoconcepto político e ideológico ) , sino de violencia por extensión, violencia instrumental directa e indirecta, maltrato infantil , filicidio , alienación o manipulación parental , entre otros muchos conceptos que si tienen validez . 

#CrianzaCompartida #alienacionparental #derechosdelosniños #violenciainstrumental #FundaciónCrianzaCompartidaChile",https://www.instagram.com/fundacion_crianza_compartida/p/DQKqjUJEoZs/
2025-10-23T10:57:59.000Z,520,15,NA,"La #LeyCrianzaCompartida busca que hijos e hijas de padres separados convivan el mismo tiempo con su mamá o papá, o que las decisiones respecto a ellos sean tomadas por igual. 🏡

Por una crianza colaborativa, coparticipativa y corresponsable.

¿Te sumas a esta iniciativa? Firma en el enlace de nuestra biografía ✍️⬇️

#LeyCrianzaCompartida
https://chng.it/G5FmrLCmkR

#cuidadocompartido #crianzacompartida #corresponsabilidadparental #fundacioncrianzacompartidachile",https://www.instagram.com/fundacion_crianza_compartida/reel/DQJjJ5kgAMr/
2025-10-23T00:30:17.000Z,298,29,NA,"Las buenas noticias se comparten 🥰 Felicitaciones Matias 👏👏

#leycrianzacompartida #cuidadocompartido #crianzacompartida",https://www.instagram.com/fundacion_crianza_compartida/p/DQIbZDwjDq9/
2025-10-22T20:55:13.000Z,241,30,NA,"📢 DATO REAL: la #LeyCrianzaCompartida fue apoyada por la mayoría ciudadana.

Si ves por ahí a gente compartiendo videos antiguos llamando a votar en contra de la #LeyCrianzaCompartida, recuérdales esto 👇

🗳️ En la votación del Congreso Virtual, la opción A FAVOR ganó con 53,6% de los votos (2.256 de un total de 4.209).

Pese a la campaña en contra de agrupaciones como Abofem, Leslie Power, Belén Ferreira (Abogada Feminista), Amapola Opazo o Mamá Abogada, la ciudadanía votó mayoritariamente por avanzar hacia la corresponsabilidad parental.

Boletín N°15693-18:

Propone que, en caso de separación, el cuidado compartido sea el régimen general, modificando los artículos 225 y 225-2 del Código Civil.
Esto significa que ambos padres mantienen su rol activo en la crianza, respetando el interés superior del niño y su derecho a ser oído.

Porque los hijos e hijas no deberían perder a uno de sus padres tras una separación.

#CrianzaCompartida #CorresponsabilidadParental #DerechosDeLaInfancia #FundaciónCrianzaCompartidaChile",https://www.instagram.com/fundacion_crianza_compartida/p/DQICxykEkcd/
2025-10-22T12:58:19.000Z,423,35,NA,"Urge en nuestro país una real mejora al sistema judicial chileno, sobre todo en sede familia y penal. Mejoras en los procesos de investigación, sobre todo de posibles delitos que en ocasiones terminan con la privación de libertad de una persona. Las denuncias falsas existen como una estrategia judicial que se vuelve cada día más habitual, destruyendo familias, vidas y vínculos. Necesitamos sanciones reales y contundentes para quienes realizan estas prácticas y para todos los cómplices que forman parte de montar una denuncia infundada maliciosa que genera tanta destrucción y dolor.",https://www.instagram.com/ps_perito_caroval/reel/DQHL5VtjjjQ/
2025-10-22T12:34:53.000Z,53,3,NA,"Cuando tengan que elegir con quien trabajar en sus causas judiciales tener en consideración varios puntos:

• Si hay en internet información de los profesionales o del estudio jurídico en cuestión para saber si hay trayectoria de trabajo.

• ⁠Si no tienen información previa del o la profesional que desea llevar su causa no entreguen su rut y clave única a cualquier persona, el portal judicial es una herramienta personal muy delicada que contiene todo su historial jurídico.

• ⁠En lo posible traten de tener contrato con los servicios legales donde establezcan honorarios, forma de pago, duración del acompañamiento legal de una causa, etc, si no hay contrato que existan correos de lo acordado para tener respaldo de todo lo que se va a realizar a nivel legal. 

• ⁠Gestionen reuniones periódicas con su abogado o abogada o estudio jurídico para plantear dudas o problemáticas y así avanzar en conjunto. 

• ⁠Y por último y súper súper importante jamás deleguen su causa judicial solo al abogado(a) si bien ustedes están pagando un servicio, se debe hacer con el monitoreo constante de ustedes mismos.

Agregar que pueden saber si la persona es o no es abogado, cuando se tituló y si tiene sanciones disciplinarias en este enlace 👇

https://www.pjud.cl/transparencia/busqueda-de-abogados",https://www.instagram.com/fundacion_crianza_compartida/p/DQHJhK1jcnW/
2025-10-22T12:03:36.000Z,321,167,NA,"Videollamadas en familias separadas: un derecho de los hijos e hijas

Las videollamadas no reemplazan el vínculo presencial, pero sí lo fortalecen cuando los hijos viven con uno de los progenitores.

En mediación familiar pueden regularse los horarios, frecuencia y duración, considerando la edad del niño o niña y la disponibilidad real de ambos padres, sin sobrecargar de tareas al progenitor conviviente (generalmente la madre).

En niños más  pequeños, las videollamadas deben ser breves y frecuentes; en mayores, más extendidas y acordadas según su rutina y necesidades emocionales.

🤝 Una vez regulado el régimen comunicacional, ambos padres tienen responsabilidades:

El progenitor no conviviente debe respetar los horarios y cumplir.

El progenitor conviviente debe facilitar el contacto y promover el vínculo.

🚨 Si existe incumplimiento reiterado, puede informarse a través de la Comisaría Virtual.

Recordemos que las videollamadas son un complemento esencial del régimen comunicacional presencial, una forma de mantener viva la presencia y el amor, incluso a la distancia pero no deben reemplazar el régimen físico y presencial. 

#CrianzaCompartida #CorresponsabilidadParental #InfanciaPrimero #MediaciónFamiliar #fundacióncrianzacompartidachile",https://www.instagram.com/fundacion_crianza_compartida/reel/DQHDPtxgJin/
2025-10-22T00:49:38.000Z,240,16,NA,"Querída comunidad, queremos enviarle todo nuestro cariño y energía a Claudio un papá de este grupo que partió el año 2021 con una causa de cuidado personal con múltiples suspensiones de audiencia con un nivel gigante de obstrucción de vínculo, acusaciones falsas, peritajes favorables de su rol parental, incluso cuando estábamos por avanzar al juicio final la jueza a cargo de la causa se jubiló y obligó a iniciar este año todo de nuevo. 

Ha sido un largo andar de mucho agotamiento pero al fin se ve una luz porque ya empezó el proceso de revinculacion que permitirá encontrarse con su hija, solo quiero destacar su entereza, perseverancia porque la verdad ha sido una larga espera ánimo y que llegue pronto ese momento para ti

""Ya casi 5 de hecho de desvinculación acaban"" dice Claudio .

#Revinculación
#papá
#hija #fundacioncrianzacompartidachile #crianzacompartida #interferenciasparentales",https://www.instagram.com/fundacion_crianza_compartida/reel/DQF4kuXDA72/
2025-10-22T00:38:17.000Z,642,55,NA,"Querída comunidad, queremos enviarle todo nuestro cariño y energía a Claudio un papá de este grupo que partió el año 2021 con una causa de cuidado personal con múltiples suspensiones de audiencia con un nivel gigante de obstrucción de vínculo, acusaciones falsas, peritajes favorables de su rol parental, incluso cuando estábamos por avanzar al juicio final la jueza a cargo de la causa se jubiló y obligó a iniciar este año todo de nuevo. 

Ha sido un largo andar de mucho agotamiento pero al fin se ve una luz porque ya empezó el proceso de revinculacion que permitirá encontrarse con su hija, solo quiero destacar su entereza, perseverancia porque la verdad ha sido una larga espera ánimo y que llegue pronto ese momento para ti

""Ya casi 5 de hecho de desvinculación acaban"" dice Claudio .

#Revinculación
#papá
#hija #fundacioncrianzacompartidachile #crianzacompartida #interferenciasparentales",https://www.instagram.com/fundacion_crianza_compartida/reel/DQF3NgzDGAO/
2025-10-21T22:21:41.000Z,1076,58,NA,"Firma por la inocencia de Jorge Tocornal en la iniciativa de @changeorg_chile y en solicitud a @pjudicialchile
Y #cortesuprema.

Escanea el código QR. 

La iniciativa también incluye una solicitud de aprobación de la #LeyFalsasDenuncias renombrada #leytocornal ( que debe incluir reparación y reconocimiento estatal de su situación de víctima del sistema judicial levantando estadísticas al respecto )

También se solicita al @minjuddhhchile y entidades correspondientes que el 28 de septiembre sea la conmemoración oficial del día nacional de la persona falsamente denunciada . 

#FalsasDenuncias #crianzacompartida #ImpedimentoDeVínculo #interferenciasparentales #violenciainstrumental #xavierarmendáriz",https://www.instagram.com/fundacion_crianza_compartida/reel/DQFipYqEiAX/
2025-10-21T12:54:34.000Z,218,12,NA,"En la vida de un padre o madre desvinculado de sus hijos hay tres momentos de máxima felicidad: 

1. Cuando se abre una posibilidad de volver a ver a tu hijo / a .

2. El momento del reencuentro. 

3. El momento de la recuperación de la paternidad / maternidad cotidiana. 

No te quedes a mitad de camino ♥️ No te rindas ni pierdas el foco en lo importante: volver a ser parte de la vida de tu hijo. 

#LeyFalsasDenuncias #leytocornal #Reencuentro #ImpedimentoDeVínculo
#FundaciónCrianzaCompartidaChile",https://www.instagram.com/fundacion_crianza_compartida/p/DQEm-mCDTYK/
2025-10-21T11:44:45.000Z,620,113,NA,"¿ Qué recuerdos de la infancia le estás regalando a tus hijos ? 

La ausencia de un padre o una madre duele, pero hablar desde el rencor solo profundiza esa herida. 

Los niños no necesitan que se les cuente quién falló, sino que se les acompañe a entender, con amor y verdad ( una verdad progresiva si es un abandono voluntario o forzado por el impedimento de contacto) , que no tienen la culpa de lo que ocurrió.

Desde la perspectiva de la infancia, cada palabra que usamos construye o destruye su imagen del mundo -y también la de sí mismos.

En Fundación Crianza Compartida Chile creemos que proteger la infancia también es cuidar el relato y la forma en que nos referimos a la ex pareja. 

Que el resentimiento entre los adultos no sea transmitido a los hijos también es parte de una crianza respetuosa. 

Crédito a @lasocurrenciasdenoah

#CrianzaCompartida #impedimentodevinculos #CorresponsabilidadParental #AusenciaParental #AmorConsciente",https://www.instagram.com/fundacion_crianza_compartida/reel/DQEeTxaABHg/
2025-10-21T00:26:44.000Z,613,35,NA,"Los últimos días de vida de don #jorgetocornal junto a su familia y cercanos. 

#leytocornal para que nunca más un padre o madre sea alejado de sus hijos por una falsa denuncia. 

Te invitamos firmar por la iniciativa en @changeorg_chile para que la Corte Suprema declare la inocencia de #jorgetocornal .

Dejaremos el enlace en nuestras historias.  También puedes solicitar el enlace por interno.

Tu firma será tu apoyo .

#fundacioncrianzacompartidachile #paratiiiiiiiiiiiiiiiiiiiiii #leyfalsasdenuncias",https://www.instagram.com/fundacion_crianza_compartida/reel/DQDRITjDEcD/
2025-10-20T14:41:14.000Z,46,2,NA,"El abandono infantil crea secuelas y traumas que te pueden afectar toda la vida, piénsalo antes de hacerlo,  ese niñ@ crecerá  y se convertirá en un adulto con una mochila de traumas que no pidió tener.
#abandonoinfantil
#abandono
#violenciavicaria 
#padresalejados 
#alienacionparental 
#padres 
#hijas 
#madres 
#depresion
#ansiedad
#suicidio
#invisible#",https://www.instagram.com/invisiblemlg/reel/DQCOX37ClUM/
2025-10-20T13:25:25.000Z,1269,83,NA,"¿ Cómo fue el reencuentro después de 13 años de #jorgetocornal con su hijo ? 

Es importante avanzar en la sanción a las falsas denuncias con la #LeyFalsasDenuncias ( #leytocornal ) .

Recordatorio: Jorge Tocornal fue antes que todo un padre hasta que Carolina Pesce y su madre decidieron iniciar la falsa denuncia instrumentalizando el relato de los hijos. No obstante, previo a la falsa denuncia ocurrió una reiterada conducta de obstrucción de vínculos de don Jorge Tocornal con sus hijos que acabó en un juicio en el cual se estableció un régimen comunicacional y #carolinapesce fue CONDENADA en costas . 

Antes de una falsa denuncia existe una conducta de interferencia parental y estas conductas también deben ser sancionadas. 

¿ Estás de acuerdo con la creación de un registro nacional de Obstaculizadores del vínculo ? 

#fundacioncrianzacompartidachile #paratiiiiiiiiiiiiiiiiiiiiii #falsasdenuncias #leyfalsasdenuncias #registrodeobstructoresdelvinculo",https://www.instagram.com/fundacion_crianza_compartida/reel/DQCFYA-Dc5A/
2025-10-20T11:07:24.000Z,983,65,NA,"#entrevista

“La alienación parental es un maltrato infantil silenciado.”

Así lo afirma la psicóloga jurídica Silvana Giachero ( @silvanaveronicagiachero ) , quien advierte sobre los efectos devastadores que tiene cuando un niño es manipulado para rechazar injustamente a uno de sus progenitores.

La alienación parental no es un mito, es una forma de maltrato psicológico que deja huellas profundas: confusión, culpa, ansiedad y pérdida 
de identidad.

Porque cuando un niño aprende a odiar a su padre o a su madre, termina odiando una parte de sí mismo. 💔

Giachero también cuestiona el uso ideológico del concepto de violencia vicaria, que -según ella- se ha tergiversado hasta dejar de lado a los verdaderos protagonistas: los niños.

“Convertir a los hijos en instrumentos de venganza no es justicia, es maltrato”, señala con claridad.

Desde Fundación Crianza Compartida Chile, creemos que hablar de alienación parental es hablar de infancia, de salud mental y de derechos humanos.

El silencio también daña. Es hora de nombrar lo que duele y proteger lo que importa sin sesgos de género ni el uso político de las dinámicas de violencia intrafamiliar. 

Revisa la entrevista completa en el enlace de nuestras historias. 

https://www.montevideo.com.uy/Noticias/Silvana-Giachero--La-alienacion-parental-es-un-maltrato-infantil-silenciado--uc937845

#AlienaciónParental #ViolenciaVicaria #CorresponsabilidadParental #FundaciónCrianzaCompartida  #maltratoinfanti #DerechosDeLosNiños",https://www.instagram.com/fundacion_crianza_compartida/p/DQB16uhDea1/
2025-10-18T13:33:06.000Z,160,7,NA,"Una rebeldía posible y realizable consiste en ocupar los espacios donde participas cotidianamente y poner el foco de luz donde antes había oscuridad e indiferencia. 

Aplausos 👏 por esta madrastra y por todas las acciones que padres, madres , madrastras , tías y abuelas/os realizan diariamente para cambiar esta realidad y hacer del mundo un lugar mejor. 

Te invitamos a ser parte de Tejiendo Familia, una comunidad creada para madrastras que viven este rol con amor, fuerza y autenticidad. Aquí podrás compartir tus experiencias, sentirte comprendida y aprender a construir vínculos sanos en familias reconstituidas.

Puedes seguir el ig @tejiendo_familias_fcc",https://www.instagram.com/fundacion_crianza_compartida/p/DP89ADBjQwD/
2025-10-17T16:01:46.000Z,974,79,NA,"Nuestro candidato en la línea de las propuestas del programa de gobierno que trabajamos junto a la @fundacion_crianza_compartida 

#vanessaferrerdiputada #TuVoz #distrito7 #perspectivadeinfancia #crianzacompartida #falsasdenuncias",https://www.instagram.com/vanessaferrerradovic/reel/DP6pBBiDZ68/
2025-10-17T12:46:19.000Z,129,18,NA,"Así se mata el vínculo más importante en la vida de un niño: el de su padre, el de su madre. 

La combinación entre falsas denuncias, revinculaciones que no se cumplen y la lentitud del sistema judicial de familia destruye la confianza, el apego y el desarrollo emocional de los hijos.

Desde Fundación Crianza Compartida Chile seguimos exigiendo un sistema que proteja a los niños, no que los castigue con la ausencia de uno de sus padres.

Te invitamos a ver el programa #LaMañanaEnLaHoy completo en @radiohoycl , con la conducción de @tiohoy , donde conversamos sobre revinculación, falsas denuncias y corresponsabilidad parental.

#CrianzaCompartida #RevinculaciónYa #FalsasDenuncias #CorresponsabilidadParental #RadioHoy #LaMañanaEnLaHoy",https://www.instagram.com/fundacion_crianza_compartida/reel/DP6SXYIjbxd/
2025-10-17T12:08:31.000Z,95,9,NA,"Así se mata el vínculo más importante en la vida de un niño: el de su padre, el de su madre. 

La combinación entre falsas denuncias, revinculaciones que no se cumplen y la lentitud del sistema judicial de familia destruye la confianza, el apego y el desarrollo emocional de los hijos.

Desde Fundación Crianza Compartida Chile seguimos exigiendo un sistema que proteja a los niños, no que los castigue con la ausencia de uno de sus padres.

Te invitamos a ver el programa #LaMañanaEnLaHoy completo en @radiohoycl , con la conducción de @tiohoy , donde conversamos sobre revinculación, falsas denuncias y corresponsabilidad parental.

#CrianzaCompartida #RevinculaciónYa #FalsasDenuncias #CorresponsabilidadParental #RadioHoy #LaMañanaEnLaHoy",https://www.instagram.com/fundacion_crianza_compartida/reel/DP6OB23gEVt/
2025-10-16T15:02:55.000Z,44,0,NA,"¿ Qué es un gasto extraordinario ? Responde Maritza Grobier ( @coachjuridica ) integrante del equipo legal de Fundación Crianza Compartida. 

#maritzagrobier #fundacióncrianzacompartida #gastosextraordinarios #pensiondealimentos",https://www.instagram.com/fundacion_crianza_compartida/reel/DP39S_BjbOj/
2025-10-16T12:34:39.000Z,163,8,NA,"Si ustedes como padres llegan a acuerdos, el poder estará en ustedes. 

El poder de ustedes como padres para tomar las mejores decisiones respecto a la vida de sus hijos. 

Si no llegan a acuerdos y si no son flexibles y comprensivos entre ustedes, el poder lo delegarán a un extraño que no conoce en nada a sus hijos . 

El poder de cambiar la vida de sus hijos está en ustedes ♥️

¿ La falta de acuerdos justos y la ausencia de buena comunicación entre los padres a quién favorece ? 

#fundacióncrianzacompartida",https://www.instagram.com/fundacion_crianza_compartida/p/DP3suN-kU6w/
2025-10-16T15:02:53.000Z,280,42,NA,"La abogada Marcia Caimanque ( @tu.espaciolegal ) . La profesional integrante del equipo legal de Fundación Crianza Compartida comenta un caso donde la PERSPECTIVA DE INFANCIA se ve invisibilizada ante la PERSPECTIVA DE GÉNERO. 

Cuando un tribunal decide que la privacidad de una madre que maltrata a su hijo pesa más que el derecho del niño a ser protegido, se rompe el principio más básico del interés superior de la niñez. La ponderación entre derechos no puede transformarse en una excusa para encubrir la violencia. La intimidad de un adulto -sea madre o padre- jamás puede estar por sobre la integridad física y emocional de un niño.

Aquí es donde la perspectiva de género, mal entendida y aplicada de forma ideológica, termina imponiéndose sobre la perspectiva de infancia. No se trata de negar la importancia de proteger a las mujeres, sino de recordar que los niños y niñas también necesitan ser escuchados, vistos y defendidos con el mismo rigor.

Desde Fundación Crianza Compartida Chile, creemos que la justicia debe volver a situar a la infancia en el centro. La protección de los derechos de los niños no puede depender del sexo del agresor, sino de los hechos y las pruebas. La verdadera equidad consiste en proteger a quien más lo necesita, y en estos casos, siempre será el niño.

¿ Crees que en muchas causas que involucran a niños vulnerados es preponderante la perspectiva de los adultos por sobre la perspectiva de infancia ?",https://www.instagram.com/fundacion_crianza_compartida/reel/DP3iTNRAKN2/
2025-10-15T11:55:25.000Z,224,35,NA,"Durante años, hablar de las falsas denuncias en el sistema judicial de familia era motivo de censura. Hoy, gracias a casos emblemáticos, investigaciones periodísticas y voces valientes, el tema se abre paso en la conversación pública y política. Lo que antes era un tabú, hoy es una urgencia social: visibilizar cómo las denuncias falsas pueden usarse para excluir a un padre o madre y dañar a los hijos.

El desafío ahora es convertir la conciencia en acción: producir datos, impulsar el debate legislativo y promover reformas que protejan a las verdaderas víctimas sin vulnerar la presunción de inocencia. Solo así podremos avanzar hacia un sistema más justo, humano y equilibrado.

#falsasdenuncias #crianzacompartida #justiciaparalainfancia #reforma #leytocornal
#leyfalsasdenuncias #presuncióndeinocencia",https://www.instagram.com/fundacion_crianza_compartida/p/DP1DcD9gJ6u/
2025-10-15T11:24:08.000Z,5194,378,NA,"#pabloghisoni y #jorgetocornal tienen experiencias muy parecidas . 

Ambos fueron víctima de una falsa denuncia de su ex pareja y esto los llevó a estar presos .

Los hijos de ambos fueron instrumentalizados por la madre para mentir en contra del padre . 

Ambas ""falsas acusaciones"" se basaron en el relato de los hijos inoculados por la familia materna y ambos hijos fueron víctimas de la manipulación y el impedimento de contacto previo a la falsa denuncia. 

Ambos hijos , al crecer , se retractaron y contaron la verdad sobre lo que vivieron siendo niños. 

Ambos siguen sin recibir real justicia. 

Ambos casos son la máxima expresión de la injusticia detrás de una falsa denuncia que tiene como objetivo anular y excluir definitivamente a un padre o madre de la vida de sus hijos. 

#leyfalsasdenuncias ya 

#JusticiaParaLaInfancia #JusticiaParaPabloGhisoni 
#JusticiaParaJorgeTocornal",https://www.instagram.com/fundacion_crianza_compartida/reel/DP0_Gh_AL0_/
2025-10-15T00:21:29.000Z,65,0,NA,"Él es Hernán Urrutia.
Un día recibió una notificación por no pago de pensión de alimentos, algo que lo sorprendió profundamente, porque él sí había cumplido.
Confiando en nosotros, buscó ayuda… y pudimos demostrar la verdad.
Hoy Hernán tiene tranquilidad y justicia.
💬 Porque defender lo justo, también es parte de nuestro trabajo.",https://www.instagram.com/abogadobryanveliz/reel/DPzyXXlDqYG/
2025-10-14T23:14:29.000Z,530,63,NA,"HOY en #24horascentral

Pablo Ghisoni, es un padre que estuvo preso por el peor de los delitos contra su propio hijo: abuso sexual. Casi una década más tarde, su primogénito descubrió que fue manipulado. 🔴 

Historias como esta se repiten, es por ello que hoy hay dos proyectos de ley que intentan sancionar las falsas denuncias. 

🔵Esta noche ""Falsas denuncias: víctimas del engaño"" junto a @rafa.venegas en #24horasreportaje 

#FalsasDenuncias #LeyFalsasDenuncias #leytocornal #perspectivadelainfancia #FundaciónCrianzaCompartidaChile",https://www.instagram.com/fundacion_crianza_compartida/reel/DPzr068CXRT/
2025-10-14T16:56:24.000Z,170,21,NA,"Fundación Crianza Compartida Chile y las propuestas del candidato presidencial @fr_parisi

Hoy queremos compartir un hecho profundamente significativo para quienes trabajamos día a día por una verdadera corresponsabilidad parental en Chile.

Gracias al diálogo sostenido entre nuestro equipo y el candidato presidencial @fr_parisi junto con el trabajo y compromiso de @vanessaferrerradovic -colaboradora de la Fundación y candidata a diputada por el distrito 7 de la V Región-, las principales propuestas de la Fundación Crianza Compartida Chile fueron incorporadas oficialmente en el programa de Gobierno, entre las páginas 64 y 66.

Este es el resultado de un trabajo colectivo y de años de reflexión sobre cómo construir un país que ponga en el centro a los niños, niñas y adolescentes.

Entre los puntos destacados se incluyen:

Programa Nacional de Revinculación Familiar Individualizado, con acompañamiento profesional y enfoque en apego y trauma.

Reconocimiento legal de la Alienación Parental como forma de violencia intrafamiliar a la infancia.

Ley de Crianza Compartida 2.0, que garantice el derecho de los niños a mantener vínculos con ambos progenitores y figuras afectivas significativas.

Proyecto de Ley contra las Falsas Denuncias en el ámbito de familia y penal, para proteger a las verdaderas víctimas y resguardar la justicia.

“Un niño que crece entre dos mundos necesita puentes, no muros.”

Esa frase guía una visión de país más justa, humana y corresponsable, donde la infancia sea realmente el centro del sistema.

Agradecemos al equipo de #francoparisi y #vanessaferrerradovich por abrir un espacio real de escucha y trabajo conjunto.

Fundación Crianza Compartida Chile mantiene su autonomía respecto a los partidos políticos, no obstante, como organización de la sociedad civil, tenemos el deber de organizar el malestar de las familias e infancias vulneradas y hacer propuestas que se traduzcan en políticas públicas que busquen mejorar la vida de las personas y principalmente de los niños , niñas y adolescentes. 

Seguimos construyendo un Chile donde proteger la infancia también es proteger la verdad. 🇨🇱",https://www.instagram.com/fundacion_crianza_compartida/reel/DPzAeaQETPC/
2025-10-14T12:15:06.000Z,74,3,NA,"Consejos con #perspectivadelainfancia 

#fundacioncrianzacompartidachile #NiñezMasProtegida",https://www.instagram.com/fundacion_crianza_compartida/p/DPyg5ZcgFYO/
2025-10-14T10:48:41.000Z,1001,49,NA,"Carabineros puede acompañar el cumplimiento de un régimen comunicacional y, con orden judicial expresa, debe hacerlo cumplir incluso ingresando al hogar.

Sin embargo, la ley, cuando se trata del cumplimiento del régimen comunicacional, simplemente no se respeta. Miles de niños y niñas siguen siendo privados del derecho a mantener vínculo con ambos progenitores, mientras las instituciones miran hacia otro lado.

Desde Fundación Crianza Compartida Chile denunciamos esta omisión sistemática del Estado y exigimos el cumplimiento efectivo de las resoluciones judiciales, el respeto por la corresponsabilidad parental y la protección del derecho de los hijos e hijas a una crianza con ambos padres presentes.

Revisa el capitulo completo en @radiohoycl con la conducción de @tiohoy

#FalsasDenuncias #radiohoy #LaMañanaEnLaHoy #CrianzaCompartida #relacióndirectayregular #carabineros",https://www.instagram.com/fundacion_crianza_compartida/reel/DPyW8HEgLX9/
2025-10-12T23:16:25.000Z,2146,155,NA,"🚨 Escribe PODCAST en los comentarios y te mando mi último episodio con @javierrebolledoesco 

Javier es periodista de investigación especializado en temas de violación sistemática de derechos humanos.

Es autor de números libros incluyendo La danza de los cuervos, Camaleón - doble vida de un agente comunista y más recientemente, Falsas denuncias, una investigación sobre padres acusados de abuso sexual. 

Conversamos del drama de las falsas denuncias y el impacto en los niños.

Gracias Javier por venir a verme, mi admiración por tu trabajo es enorme!",https://www.instagram.com/norellanaf/reel/DPui8MVjgqk/
2025-10-12T13:28:19.000Z,243,6,NA,"Cuando la separación no la supera la bendición…

Las investigaciones muestran que los niños y niñas no sufren por la separación en sí, sino por el conflicto no resuelto entre los padres. 

La evidencia científica es clara: lo que más impacta su bienestar emocional no es vivir en dos casas, sino vivir en medio de la tensión, el silencio o la lealtad dividida.

Desde Fundación Crianza Compartida Chile, recordamos que sanar una separación también implica cuidar el vínculo de nuestros hijos con ambos padres. La corresponsabilidad y la comunicación respetuosa no solo son derechos… son una forma de amor. 

#CrianzaCompartida #CorresponsabilidadParental #SaludEmocionalInfantil #Coparentalidad #FundaciónCrianzaCompartida",https://www.instagram.com/fundacion_crianza_compartida/reel/DPtfdL9gB4W/
2025-10-12T00:33:43.000Z,1748,167,NA,"🚨 Escribe PODCAST en los comentarios y te mando mi último episodio con @javierrebolledoesco 

Javier es periodista de investigación especializado en temas de violación sistemática de derechos humanos.

Es autor de números libros incluyendo La danza de los cuervos, Camaleón - doble vida de un agente comunista y más recientemente, Falsas denuncias, una investigación sobre padres acusados de abuso sexual. 

Conversamos del drama de las falsas denuncias y el impacto en los niños.

Gracias Javier por venir a verme, mi admiración por tu trabajo es enorme!",https://www.instagram.com/norellanaf/reel/DPsG-R0jkIp/
2025-10-12T00:31:31.000Z,325,28,NA,"@norellanaf entrevistó a @javierrebolledoesco Escobar en su Podcast y nombraron a dos papás que nunca más pudieron ver a sus hijos. 

David y Bernardo Subercaseaux son dos papás que fueron denunciados falsamente.  Bernardo Subercaseaux salió absuelto por la Corte Suprema y aún así nunca más volvió a ver a sus hijos .

Es urgente avanzar a la sanción a las #falsasdenuncias .

#fundacióncrianzacompartidachile #leytocornal #leyfalsasdenuncias",https://www.instagram.com/fundacion_crianza_compartida/reel/DPsGek-DK_U/
2025-10-11T15:24:09.000Z,1647,538,NA,"Carolina Pesce Ortega sigue defendiendo la falsa denuncia contra #jorgetocornal . 

Revisa el carrusel completo donde aparece una cita impresionante del libro Falsas Denuncias de @javierrebolledoesco donde el hijo mayor de Jorge Tocornal cuenta cómo fue el vínculo con su madre, Carolina Pesce .

Fuente @laterceracom 

#leyfalsasdenuncias #leytocornal #fiscalarmendáriz #angelvalencia",https://www.instagram.com/fundacion_crianza_compartida/p/DPrDK-hDeyN/
2025-10-11T00:48:26.000Z,2270,269,NA,"🚨 Escribe PODCAST en los comentarios y te mando mi último episodio con @javierrebolledoesco 

Javier es periodista de investigación especializado en temas de violación sistemática de derechos humanos.

Es autor de números libros incluyendo La danza de los cuervos, Camaleón - doble vida de un agente comunista y más recientemente, Falsas denuncias, una investigación sobre padres acusados de abuso sexual. 

Conversamos del drama de las falsas denuncias y el impacto en los niños.

Gracias Javier por venir a verme, mi admiración por tu trabajo es enorme!",https://www.instagram.com/norellanaf/reel/DPpj0ywDCy_/
2025-10-11T00:20:08.000Z,113,6,NA,"En el día mundial de la salud mental Fundación Crianza Compartida Chile y su equipo de salud mental y pericial quieren concientizar sobre la salud mental de los padres y madres .

En esta oportunidad @soytupsico_loga nos deja un mensaje 🤗

#saludmentalyemocional❤️ #fundacioncrianzacompartidachile #crianzacompartida #interferenciasparentales",https://www.instagram.com/fundacion_crianza_compartida/reel/DPpgmgxjOqR/
2025-10-10T16:33:50.000Z,174,7,NA,"En el día mundial de la salud mental Fundación Crianza Compartida Chile y su equipo de salud mental y pericial quieren concientizar sobre los beneficios de la crianza compartida y la copartícipación de ambos padres en la salud mental de toda la familia, especialmente en madres que comparten con los cuidados con el papá y en los hijos que conviven en tiempos equitativos con ambos padres y familias ♥️

En esta oportunidad @marcemondacac nos deja un mensaje 🤗

#saludmentalyemocional❤️ #fundacioncrianzacompartidachile #crianzacompartida #InterferenciasParentales",https://www.instagram.com/fundacion_crianza_compartida/reel/DPorEHmESAM/
2025-10-10T15:56:59.000Z,124,6,NA,"En el día mundial de la salud mental Fundación Crianza Compartida Chile y su equipo de salud mental y pericial quieren concientizar sobre los efectos negativos de las separaciones conflictivas y las prácticas de interferencias parentales en la salud mental de toda la familia. 

En esta oportunidad @ps_perito_caroval nos deja un mensaje 🤗

#saludmentalyemocional❤️ #fundacioncrianzacompartidachile #crianzacompartida #InterferenciasParentales",https://www.instagram.com/fundacion_crianza_compartida/reel/DPomvRLkb2x/
2025-10-10T13:54:05.000Z,75,4,NA,"Reconocemos y agradecemos profundamente el compromiso de Vanessa Ferrer Radovich ( @vanessaferrerradovic ) con las propuestas de Fundación Crianza Compartida Chile, y con nuestro proyecto infancia más justa y protegida 

Su apoyo impulsa iniciativas clave como:

Ley de Crianza Compartida, que promueve la corresponsabilidad real entre madres y padres.

Ley que reconoce la alienación parental como una forma de violencia intrafamiliar y maltrato psicológico infantil.

Ley contra las falsas denuncias, para resguardar el debido proceso y evitar desvinculaciones injustas. ( #Ley Tocornal) 

Porque cuando el compromiso es con la infancia, no hay colores ni ideologías, solo el deber de proteger lo más importante: los vínculos y el bienestar de nuestros hijos e hijas. 

#CrianzaCompartida #LeyCrianzaCompartida #VanessaFerrerRadovich #FundaciónCrianzaCompartidaChile #InfanciaPrimero #Coparentalidad #LeyContraLasFalsasDenuncias #LeyTocornal",https://www.instagram.com/fundacion_crianza_compartida/reel/DPoWWrFAOso/
2025-10-10T11:07:08.000Z,882,125,NA,"El salva tiene a los mejores papás ♥️

Flexibilidad para ambos lados, comprensión mutua , empatía y poner al centro siempre al hijo. 

Cuando una mamá pide un cambio en la relación directa y regular, casi siempre se entiende que lo hace por el bienestar de su hijo. Pero cuando es el papá quien lo solicita -por motivos igual de válidos-, muchas veces se le mira con desconfianza o se le exige justificar de más. 

La flexibilidad y la empatía deben existir para ambos lados, porque criar no es competir: es colaborar.

Desde Fundación Crianza Compartida Chile impulsamos la #LeyCrianzaCompartida, que busca equilibrar derechos y responsabilidades entre ambos padres, garantizando que hijos e hijas crezcan con la presencia y amor de su mamá y su papá ( o del papá y el papá o la mamá y la mamá o ambos cuidadores en familias homoparentales ) . 

Por una crianza colaborativa, coparental y corresponsable, donde el centro siempre sea la infancia. 

Créditos a @ salviloki 

¿Te sumas a esta iniciativa? Firma en el enlace de nuestra biografía ✍️⬇️

#LeyCrianzaCompartida #CrianzaCompartida #Coparentalidad #PerspectivaDeInfancia #FundaciónCrianzaCompartidaChile #CorresponsabilidadParental

#crianzacompartida #leycrianzacompartida #Coparentalidad #SalvaLoki #perspectivadeinfancia",https://www.instagram.com/fundacion_crianza_compartida/reel/DPoEbOdAK9g/
2025-10-09T11:48:15.000Z,41,1,NA,"La paz entre Hamas e Israel no es solo un acuerdo político: es una oportunidad para salvar la vida de miles de niños y niñas que hoy viven el horror de la guerra. Según UNICEF, más de 64.000 menores en Gaza han muerto o resultado heridos en los últimos años. 

Desde Fundación Crianza Compartida Chile recordamos que la infancia no tiene fronteras ni nacionalidad: cada niño y niña merece crecer en un entorno seguro, protegido y en paz. Porque la niñez, en cualquier parte del mundo, debe ser siempre lo primero.

#israël #palestina #gaza #paz #perspectivadelainfancia #acuerdodepaz",https://www.instagram.com/fundacion_crianza_compartida/p/DPll2aAgNA_/
2025-10-09T11:16:01.000Z,328,14,NA,"#pabloguisoni estuvo en Chile y dio una serie de entrevistas en distintos medios e instituciones. 

Les compartimos un extracto de la entrevista que dio Pablo al medio @biobiochile ( uno de los medios de comunicación e información más valorados del país ) . El entrevistador es #tomasmosciatti , uno de los pocos periodistas que es trending topic cada semana con sus comentarios e intervenciones , aparte del reconocimiento por su profesionalismo y preparación. 

En esta parte , Pablo Ghisoni habla del funcionamiento de la justicia que lo mantuvo en prisión preventiva y lo alejó de sus hijos injustamente. 

#pabloguisoni #FalsasDenuncias #perspectivadelainfancia #perspectivadejusticia #fundacioncrianzacompartidachile #biobiochile #leyfalsasdenuncias #leytocornal",https://www.instagram.com/fundacion_crianza_compartida/reel/DPlhPW7gDjS/
2025-10-09T01:15:38.000Z,557,41,NA,"Lo perdió todo por una falsa denuncia. 

En la entrevista de #tomasmosciatti presenta a #pabloguisoni. 

Pablo Ghisoni era médico, padre y tenía una vida relativamente normal… hasta que luego de una separación conflictiva y una escalada de denuncias, su ex pareja usó la temida bala de plata y lo acusó de abusar de sus propios hijos.

Sin pruebas, estuvo preso más de dos años en un hospital psiquiátrico y otros seis meses con arresto domiciliario.

Años después, su hijo rompió el silencio:
“Mi mamá me manipuló para mentir. Me enseñó qué decir y qué callar.”

El caso de Pablo no solo muestra el daño de una falsa denuncia: muestra cómo el sistema puede destruir a un inocente y romper la infancia de los propios hijos.

Desde Fundación Crianza Compartida Chile recordamos que toda denuncia debe investigarse con rigor y sin sesgos, porque detrás de cada historia hay familias, niñez y vidas reales.

#falsasdenuncias #CorresponsabilidadParental #leytocornal #perspectivadelainfancia #fundacioncrianzacompartidachile #leyfalsasdenuncias",https://www.instagram.com/fundacion_crianza_compartida/reel/DPkb9H1DPCP/
2025-10-08T21:51:20.000Z,105,1,NA,"Hace más de un siglo, una niña llamada Mary Ellen Wilson cambió la historia. Su testimonio de abuso y encierro fue tan brutal que el juez no tuvo palabras: la ley no contemplaba protección para los niños. Solo existían normas contra la crueldad animal.

Fue entonces cuando una mujer -Etta Wheeler- y un activista -Henry Bergh- rompieron el silencio, abriendo camino a la primera ley de protección infantil en el mundo.

En Fundación Crianza Compartida Chile, creemos que la historia de Mary Ellen no pertenece solo al pasado: nos recuerda que los niños, niñas y adolescentes no son propiedad de nadie, sino personas con derechos.

Nos recuerda que el abandono institucional, la negligencia y la violencia emocional también dejan huellas profundas. Y que cada vez que el Estado, la justicia o los adultos fallan en protegerlos, la historia se repite.

Por eso trabajamos para que ningún niño sea separado injustamente, ni silenciado, ni utilizado como medio de venganza en conflictos familiares. Porque proteger la infancia no es un gesto simbólico: es una responsabilidad ética y colectiva.

¿ Conocías el caso de maltrato infantil de Mary Ellen ?",https://www.instagram.com/fundacion_crianza_compartida/p/DPkGEcbkjRM/
2025-10-07T16:38:48.000Z,3560,281,NA,"Jorge Tocornal fue acusado de abuso sexual contra su hijo menory vi**ación contra su hijo mayor. Años después el hijo mayor se retractó , indicando que había sido manipulado por su madre -Carolina Pesce- para mentir contra su padre. 

Don Jorge Tocornal deja un legado de lucha y resiliencia para padres y madres que viven procesos de separaciones conflictivas y son desvinculados injustamente de sus hijos. 

#leytocornal #leyfalsasdenuncias #SeparacionesConflictivas #separacionesconhijos #jorgetocornal #fiscalarmendáriz",https://www.instagram.com/fundacion_crianza_compartida/reel/DPg7DaogBp5/
2025-10-07T11:59:23.000Z,759,29,NA,""" No me van a callar . Yo soy la voz de mi hijo "" . 

#fundacioncrianzacompartidachile #luchapaterna #padresymadres #maternidad",https://www.instagram.com/fundacion_crianza_compartida/p/DPgdiL2AHZ2/
2025-10-07T11:05:06.000Z,59,4,NA,"Nueva integrante del equipo de Salud Mental y Peritajes de Fundación Crianza Compartida Chile

Damos la bienvenida a Marcela Mondaca Contreras, psicóloga de Chillán ( sur de Chile ) con amplia trayectoria en crianza respetuosa, intervención con adolescentes, vulneración de derechos de NNA y consumo de sustancias. 

Marcela es Máster Internacional en Educación Emocional y Neurociencias, Certified Positive Discipline Educator Parent (PDA-USA) y perito psicólogo con experiencia en elaboración de informes periciales e intervenciones en diversas instituciones. Además, acompaña a padres y apoderados como monitora en procesos de acompañamiento parental en colegios. 

Hace un tiempo, Marcela participó en el Segundo Ciclo de Talleres de Crianza Compartida 2025, donde compartió parte de su experiencia y conocimientos sobre la importancia de una crianza basada en el respeto, la empatía y la corresponsabilidad. 

Se suma oficialmente al equipo profesional de nuestra fundación para seguir trabajando por infancias protegidas, vínculos sanos y familias corresponsables.

Sigue a Marcela en @marcemondacac . 

#FundaciónCrianzaCompartidaChile #CrianzaRespetuosa #SaludMental #EquipoProfesional #CorresponsabilidadParental #EducaciónEmocional",https://www.instagram.com/fundacion_crianza_compartida/reel/DPgWekBADGo/
2025-10-06T23:35:35.000Z,102,27,NA,"No todo lo que escuchas o ves es como se presenta, a veces las historias tienen muchos más matices. Tengo la claridad de que en mi profesión siempre mi foco estará en el bienestar superior de los niños y mi ética está muy alto pues la imparcialidad es algo primordial para hacer mi trabajo, recuerden en una historia siempre habrán dos caras de la moneda!",https://www.instagram.com/ps_perito_caroval/reel/DPfIE1jifCV/
2025-10-06T19:45:54.000Z,202,17,NA,"Claudia Casanga es directora de @hombresmaltratadoschile e integrante del equipo legal de Fundación Crianza Compartida Chile y participó en @miradiotvls .

Claudia ha trabajado el concepto de Sustracción Interparental donde uno de los padres sustrae al niño o niña de su centro de vida sin aviso previo y con el objetivo de impedir la comunicación del progenitor excluido con su hijo o bien para construir un nuevo centro de vida que le permita obtener ventaja ante la disputa del cuidado personal. 

#SustracciónDeMenores #Sustracción #impedimentodevinculos #HombresMaltratadosChile",https://www.instagram.com/fundacion_crianza_compartida/reel/DPesojwAalZ/
2025-10-06T18:23:38.000Z,195,17,NA,"¿Una ONG debería limitarse a ser un ente abstracto, sin equipo profesional ni intervención directa en la realidad social?

Todo lo contrario. Una fundación seria debe contar con un equipo interdisciplinario que proteja los derechos de niños, niñas y adolescentes, con perspectiva de justicia e infancia, y que entregue una defensa técnica sólida a sus usuarios orientada a promover acuerdos justos, corresponsabilidad parental y el interés superior del niño.

Porque mientras en el ámbito privado todavía hay abogados y peritos que estafan a los padres, cobran millones por informes de 5 páginas o abandonan causas, Fundación Crianza Compartida Chile demuestra que la intervención ética y profesional puede transformar vidas. 

Quienes promueven la desvinculación y las falsas denuncias tienen estudios jurídicos con una perspectiva clara y contactos con magistrados en tribunales y autoridades políticas. Como dijo un papá: "" cuando me presento en audiencia soy yo y mi abogado contra el sistema "". 

Seguimos más convencidos que nunca de que el camino es la organización del malestar y su orientación y enfoque hacia un trabajo serio y responsable. 

Agradecimientos a @ps_perito_caroval ,  @ritacastro_abogada y Natalia Cabezas .",https://www.instagram.com/fundacion_crianza_compartida/p/DPej3F7ksc2/
2025-10-06T12:56:42.000Z,108,2,NA,"Es mejor compartir que competir 

La #LeyCrianzaCompartida busca que hijos e hijas de padres separados convivan el mismo tiempo o tiempos equitativoa con su mamá o su papá, y que las decisiones sobre su bienestar se tomen por igual 

Porque la verdadera igualdad comienza en casa: en la corresponsabilidad, en el amor compartido y en la colaboración, incluso cuando los padres ya no están juntos. 💬

Sigamos construyendo una cultura de respeto, corresponsabilidad y protección a los niños, niñas y adolescentes. 💛

Foto tomada en Temuco, año 2025 (calle cercana al terminal de buses).

Estamos buscando un espacio en la zona para realizar un mural.

Si tienes algún dato o contacto, escríbenos a crianzacompartidachile.cl@gmail.com.

¿Te sumas a esta iniciativa? Firma en el enlace de nuestra biografía ✍️⬇️
🔗 https://chng.it/G5FmrLCmkR

#LeyCrianzaCompartida #CrianzaColaborativa #CorresponsabilidadParental #FundaciónCrianzaCompartidaChile #leytocornal",https://www.instagram.com/fundacion_crianza_compartida/p/DPd_TD9jX1T/
2025-10-06T01:04:08.000Z,513,32,NA,"Lo que para algunos puede ser anécdota para un papá impedido de contacto con sus hijos es una enorme victoria ✌️, una victoria para el vínculo con sus hijos . 

El papá relata así el encuentro con su hijo menor : 

""Para mayor chiste, mi hijo se acercó en varias oportunidades a donde yo estaba (en la mañana y ahora en la tarde) trataba de hablar conmigo pero no sabía cómo, así que me dedique a hacerlo reír, a la distancia de no mas de dos metros, hasta que me pregunto ""papa que haces aquí?"" Y le dije ""vine a ver el baile de tu hermana y el tuyo"" y se le hizo una sonrisa y se fue corriendo"".

También les deja un mensaje a los papás y mamás que actualmente luchan por defender o recuperar el vínculo con sus hijos:

""Se los dejo para que no bajen los brazos y no se asusten con cualquier acción, los que hemos demostrado nuestra inocencia no le tenemos miedo a estas acciones, ya que podemos demostrar con documento en mano la verdad de nuestra realidad y de como nos han desvinculado de nuestros hijos"". 

Grande papá ♥️ 🫶",https://www.instagram.com/fundacion_crianza_compartida/p/DPctwEVDDNW/
2025-10-05T22:24:37.000Z,147,6,NA,"Una denuncia falsa contra tus hijos/hijas es como si te fusilaran con las palabras. 

586 MIL incumplimientos de visitas en 2024 y este año se prevee una cifra récord de incumplimiento de la relación directa y regular por impedimento de contacto. 

Por los niños y niñas de hoy y los que vendrán. 

Apoya la sanción a todas las formas de interferencias parentales. 

#leyfalsasdenuncias #leytocornal #leycrianzacompartida #registrodeobstaculizadoresdevinculo",https://www.instagram.com/fundacion_crianza_compartida/reel/DPca9ZKgWoh/
2025-10-05T18:31:08.000Z,766,54,NA,"Carta al director del Dr. Otto Dörr Zegers, médico, psiquiatra y profesor chileno con más de 60 años dedicados a la psiquiatría, pionero en el estudio de la bulimia nerviosa y Premio Nacional de Medicina 2018. 

Esta figura destacada en el área de salud envió esta carta al director al diario @elmercuriocl_ donde escribe sobre la reciente muerte de don Jorge Tocornal Babra, su enfermedad -posiblemente provocada por una experiencia judicial injusta- y los antecedentes que el considera relevantes para afirmar la inocencia de Jorge Tocornal. 

"" Jorge Tocornal se mostró como un héroe y con su muerte incomprensible e injusta , como un mártir "" 

#Psiquiatría #Medicina #Chile #jorgetocornal",https://www.instagram.com/fundacion_crianza_compartida/p/DPcAxprEsMw/
2025-10-04T23:20:58.000Z,770,31,NA,"Lo que digan los demás es una opinión expresada desde su mundo interior, lo que son y lo que proyectan en ti . 

La verdad esta en cómo se relaciona tu hijo contigo cuando están a solas. 

Aguante papá 💪♥️

Aguante mamá ♥️💪

#fundacióncrianzacompartidachile #paternidad #maternidad #hijos",https://www.instagram.com/fundacion_crianza_compartida/reel/DPZ87LzAfHE/
2025-10-04T19:54:23.000Z,75,3,NA,"Feliz cumpleaños hija anónima, te desea tu papá desde la clandestinidad de la paternidad excluida.

Feliz cumpleaños niña de papi y feliz no-cumpleaños por todos los días que vendrán. 

Si te llega un regalo no fui yo , ha sido mi otro otro yo , un otro otro papá sin nombre y sin rostro . 

De tu papá X . 

Confirma la existencia de este papá y su deseo de volver a ver a su hija : Fundación Crianza Compartida Chile 

#papaenlucha #paternidad #hija",https://www.instagram.com/fundacion_crianza_compartida/reel/DPZks25gdt1/
2025-10-04T16:05:22.000Z,1031,279,NA,"Don #tomasmosciatti habla del caso de Don #jorgetocornal y la falsa denuncia que lo condenó judicial y socialmente 

QEPD #leyfalsasdenuncias ya .",https://www.instagram.com/fundacion_crianza_compartida/reel/DPZKgU2DSos/
2025-10-04T13:06:15.000Z,131,6,NA,"Cartas al Director @laterceracom

Falsas denuncias

1 OCTUBRE 2025

SEÑOR DIRECTOR:

La presidenta de la Asociación de Magistradas Chilenas envió una carta al presidente de la Corte Suprema objetando la participación de un miembro del máximo tribunal en el seminario “Falsas Denuncias”, organizado por la U. del Desarrollo.

Esta solicitud no solo vulnera la libertad de expresión del ministro, sino que pretende suprimir un debate esencial sobre un problema real y urgente. Dicha censura se alinea con una narrativa predominante que permea a toda la sociedad, incluyendo el Poder Judicial, promoviendo una perspectiva sesgada que obstaculiza un análisis serio, objetivo y equilibrado.

Los abusos sexuales generan víctimas irreparables; las falsas denuncias también. Silenciar esta discusión cercena el análisis crítico necesario para consolidar una justicia equitativa y transparente y ciega.

Magdalena Price

Abogada

https://www.latercera.com/cartas-al-director/noticia/falsas-denuncias/",https://www.instagram.com/fundacion_crianza_compartida/p/DPY2zPOAEch/
2025-10-03T13:34:49.000Z,320,33,NA,"Agradecemos a la Universidad del Desarrollo por abrir un espacio académico sobre falsas denuncias, pese a los intentos de boicot por parte de agrupaciones de juezas feministas. También a Isabel Warnier, Isabel Wigg y Javier Rebolledo, por poner su experiencia y conocimiento al servicio de la reflexión sobre un fenómeno que muy pocas veces ha sido abordado en Chile.

Como Fundación Crianza Compartida Chile, creemos que el sentido de estos encuentros también debe el diálogo abierto y la reflexión colectiva, donde no solo hablen los expertos, sino también quienes han sufrido este fenómeno en carne propia. Solo desde todas las miradas podremos construir caminos de verdad, justicia y conocimiento para la infancia y las familias.

En el seminario se produjo una situación tensa: un padre se encontró con la abogada de la contraparte que lo mantiene desvinculado de sus dos hijas. Esta abogada fue como público asistente. Queremos ser claros: en espacios donde se dialoga sobre fenómenos que afectan emocionalmente a madres y padres, niños y familias enteras no son bienvenidos profesionales que promueven falsas denuncias y mienten de manera consciente y abierta, porque esto significa revictimizar a los afectados. Estos espacios no son para limpiar la imagen de ningún profesional ni para hacer relaciones públicas. 

En la cuenta de @victorbm23 pueden conocer la historia vivida por este padre desde su punto de vista .

Al mismo tiempo, dejamos en claro que no compartimos que una situación particular y desagradable como la descrita se relacione con la organización del evento. Más allá de las expectativas de algunos padres, valoramos que un ministro de la Corte Suprema participe en una instancia que históricamente ha sido invisible en la sociedad. Eso es un avance, no un retroceso. La disputa de trincheras es comprensible entre adversarios pero no entre quienes comparten un sentir común. 

Finalmente, agradecemos a Pablo Ghisoni por estar presente en nuestro país y aportar en este tipo de instancias, y a las 200 personas que siguieron la transmisión en vivo, así como a todos los asistentes que con su presencia hicieron posible este espacio de encuentro y reflexión.",https://www.instagram.com/fundacion_crianza_compartida/p/DPWTnS6gOE3/
2025-10-03T11:52:08.000Z,77,3,NA,"Los celos entre adultos nunca deberían poner en jaque el derecho de la infancia a recibir amor. 

Cuando una madre biológica reconoce con gratitud que su hijo o hija también es querido por la pareja del papá, no pierde lugar: le está regalando más seguridad y más afecto a su hijo.

En Fundación Crianza Compartida Chile creemos que el amor no compite, se multiplica.

Y hoy invitamos a todas las madrastras a unirse a Tejiendo Familias, la primera comunidad de madrastras en Chile, porque también ellas son parte fundamental en la crianza compartida.

Agradecimientos a Kim por su tremendo aporte a la comunidad ( @seyfried_bleiholder) 

#tejiendofamilias #Madrastras #crianzacompartida #fundacióncrianzacompartida",https://www.instagram.com/fundacion_crianza_compartida/reel/DPWFqaFgNvp/
2025-10-03T00:49:54.000Z,1197,94,NA,"Nunca más en Chile debe existir un intento de censura y cancelación ante una problemática y fenómeno social y jurídico tan relevante y que afecta a tantos niños y adultos como lo son las falsas denuncias en litigios de familia o penal . 

#justiciavicariachile #abofem #vaniainspira #magistradaschilenas #macarenarebolledo #falsasdenuncias",https://www.instagram.com/fundacion_crianza_compartida/reel/DPU9iL1DNNz/
2025-10-02T18:02:47.000Z,307,33,NA,"Claudia Cassanga, abogada fundadora del estudio jurídico ""Hombres Maltratados Chile"" y colaboradora de ""Fundación Crianza Compartida"", se encuentra dando asesorías legales y gratuítas a papás que estén en procesos judiciales con #falsasdenuncias o separados injustamente de sus hijos.
La encuentran en la EXPO MINETRAN, en el estacionamiento del Mall La Serena hasta el 4 de Octubre.
Gracias Claudia por la instancia!

@hombresmaltratadoschile
@fundacion_crianza_compartida
@minetran.cl
#justiciaparademian",https://www.instagram.com/floresdelrock/reel/DPUOOG_j9bF/
2025-10-02T12:18:58.000Z,331,67,NA,"📖 Fragmento de la columna publicada en BioBioChile ✍️
Una respuesta a las gestiones de Machi y Abofem por intentar boicotear y censurar un espacio universitario en la Universidad del Desarrollo, cuyo tema es el debate sobre las falsas denuncias.

#falsasdenuncias #vinculosrotos #javierrevolledo",https://www.instagram.com/javierrebolledoesco/p/DPTnzIIDX72/
2025-10-02T11:59:07.000Z,16000,1621,NA,"Diego es un papá presente y corresponsable que ha sido desvinculado de forma forzosa y arbitraria de su hijo. 

Diego ha sido un padre activo y presente y sigue siéndolo porque el impedimento de contacto no define su paternidad. 

Una madre que obstruye el vínculo no define ña paternidad .

Un tribunal de familia que dilata la revinculación no define su paternidad. 

Diego nos deja el siguiente mensaje de poder paterno : 

¡La fuerza por un hijo debe ser equiparable al dolor de no tenerlo! 

#PaternidadConsciente #paternidadeativa #paternidadestoica #fundacioncrianzacompartidachile",https://www.instagram.com/fundacion_crianza_compartida/reel/DPTkricgNba/
2025-10-01T18:12:25.000Z,48,10,NA,"Nos escribe un papá : ""Volanteando en Municipidad de Rengo 🙏""

Triptico de corresponsabilidad en la educación y circular 0027 de la Superintendencia de Educación de Fundación Crianza Compartida Chile. 

¿Ya tienes tu guía de corresponsabilidad en la educación ?",https://www.instagram.com/fundacion_crianza_compartida/p/DPRrc8hCXl1/
2025-10-01T16:22:49.000Z,403,53,NA,"Las #FalsasDenuncias tienen víctimas y victimarios. 

Los hijos instrumentalizados están del lado de las víctimas siempre 🫶

#qepd don #jorgetocornal 

#leyfalsasdenuncias #leytocornal",https://www.instagram.com/fundacion_crianza_compartida/p/DPRe6TXEfIv/
2025-10-01T12:46:58.000Z,112,9,NA,"👵👦 ¿Los abuelos tienen derecho a ver a sus nietos aunque exista conflicto con los padres?

⚖️La Cámara de Apelaciones de Familia de Mendoza resolvió que sí ✅, siempre que no exista un riesgo grave para los niños.

👉 ¿Qué opinás? ¿Creés que los abuelos siempre deben mantener contacto con sus nietos?

Te leo en comentarios⬇️⬇️⬇️

Si necesitas asesoramiento legal, no dudes en contactarme!
📞+54 9 11 4916 1178
📧monicamarchisella@gmail.com
✨¡Gracias por visitar mi perfil

#abogada #abogadamediadora
#abogadadefamilia
#monicamarchisella #familia
#divorcios  #sucesiones #asesoramientolegal #nordelta #caba #interessuperiordelniño #vinculosfamiliares
#abuelosynietos",https://www.instagram.com/monicamarchisella/reel/DPRGIQnkRX_/
2025-10-01T11:21:30.000Z,22000,308,NA,"""Fracasado, inútil , papá macdonald de fin de semana, aportas una cag*** de plata, mi nueva pareja es más padre que tu mismo"" son algunos de los insultos que reciben los padres . 

Si alguna vez te dicen algo parecido y luego te toca estar con tu hijo y ves en él una mirada de admiración hacia ti , nunca jamás te creas un insulto parecido. 

Tú hijo es el único ser en el mundo quien puede juzgar tu paternidad. 

Ánimo papá 💪 lo estas haciendo bien . 

Créditos a Maxi Darco 

#PaternidadConsciente #papá #hijos",https://www.instagram.com/fundacion_crianza_compartida/reel/DPQ63TIAIxf/
2025-09-30T16:29:45.000Z,2856,357,NA,"#qepd don Jorge Tocornal, un hombre y un padre víctima de un sistema judicial que se negó hasta El último día a darle el reconocimiento de su inocencia. 

#leyfalsasdenuncias #jorgetocornal #leytocornal #falsadenuncia #falsaacusación",https://www.instagram.com/fundacion_crianza_compartida/reel/DPO6tkAkUVn/
2025-09-30T12:14:18.000Z,255,42,NA,"Valoramos los espacios de diálogo, como el Seminario sobre Falsas Denuncias organizado por la UDD. 

Esperamos que se multipliquen en distintas instancias y sin censura para avanzar hacia soluciones que erradiquen estas malas prácticas.

Fundación Crianza Compartida",https://www.instagram.com/fundacion_crianza_compartida/reel/DPOda4rDc21/
2025-09-30T02:03:40.000Z,249,47,NA,"Nos unimos al reclamo de la Vale ( @mamaymadrastra_ ) .

Los colegios no respetan la circular 27 de la @supereduc_cl .

A los docentes y equipo directivo de las escuelas les falta mucha capacitación en corresponsabilidad y procesos educativos con hijos de padres separados. 

Un padre o madre que pide recibir información sobre su hijo/a está pidiendo lo mínimo y no les están haciendo un favor. 

Todos y todas quienes vean vulnerados los derechos de corresponsabilidad y participación familiar en la vida educativa de sus hijos vayan a  denunciar en la página web de la Superintendencia de Educación. 

Deja el nombre de colegio que no cumple la Circular 27 y el decreto 327 👇",https://www.instagram.com/fundacion_crianza_compartida/reel/DPNVWyvjCtZ/
2025-09-29T11:15:56.000Z,838,149,NA,"9 de septiembre día Internacional contra las falsas denuncias en el mundo . 

28 de septiembre será el día de las víctimas de las falsas denuncias que no recibieron justicia en vida . 

QEPD 🙏🏿

Jorge Tocornal, exsubgerente general del banco BBVA y protagonista de uno de los casos judiciales más controvertidos de las últimas décadas en Chile, falleció este domingo 28 de septiembre de 2025, mientras enfrentaba un agresivo tumor cerebral. Tocornal tenía 67 años y su muerte ocurre justo cuando se encontraba tramitando un recurso de revisión ante la Corte Suprema para limpiar su nombre, luego de haber cumplido 9 años de cárcel por una denuncia de abuso sexual que fue desmentida posteriormente por el propio denunciante: su hijo mayor.

Fue en diciembre de 2005 que el exejecutivo fue detenido por la PDI tras una denuncia presentada por su exesposa, Carolina Pesce. Y tras un fallo dividido que fue anulado por la Corte Suprema, en abril de 2007 fue condenado a 13 años.

Tras su salida en libertad condicional, pasaron más de 2 años para que su hijo mayor afirmara que fue obligado a acusar a su padre con hechos falsos, incluso acusando manipulación de su madre.

Los restos mortales de exejecutivo bancario serán llevados a Los Ángeles para una misa el martes, donde luego serán enterrados en el Parque del Recuerdo.

En esta oportunidad les compartimos una entrevista que dio don Jorge Tocornal en @radio_13c junto al periodista @ivanvalenzuelau",https://www.instagram.com/fundacion_crianza_compartida/reel/DPLxp7mAJfC/
2025-09-29T10:39:34.000Z,770,51,NA,"Nuestras condolencias a la familia Tocornal. 

Ni un padre , ni un hombre merece morir sin el reconocimiento de su inocencia luego de ser víctima de una falsa denuncia.

#jorgetocornal #falsadenuncia #inocente",https://www.instagram.com/fundacion_crianza_compartida/p/DPKuGvtjHmp/
2025-09-27T21:20:06.000Z,191,5,NA,"Hoy mi voz es #TuVoz 
Vota Vanessa Ferrer Radovich diputada distrito 7 
i 83

#vanessaferrerdiputada #TuVoz #distrito7 #perspectivadeinfancia #crianzacompartida #falsasdenuncias #infanciaprotegida #i83",https://www.instagram.com/vanessaferrerradovic/reel/DPHtsmqCeRs/
2025-09-26T13:09:45.000Z,380,30,NA,"En Chile, el sistema de familia se desborda:
👉 586 MIL constancias de incumplimiento de visitas en 2024.
👉 Apenas 34 MIL causas ingresan a tribunales por relación directa y regular.
👉 Más de 110 MIL causas por vulneración de derechos de niños.

El incumplimiento del derecho de los hijos a ver a sus padres no es la excepción, ¡es la regla!
Un fenómeno masivo, repetido y silenciado que deja a miles de niños sin vínculos y a un sistema judicial colapsado.

¿Hasta cuándo normalizamos que los niños sean las principales víctimas de la separación de sus padres? 💔

Fuente : 

Datos Estadísticos de Carabineros de Chile.

Datos Estadísticos del Poder Judicial.",https://www.instagram.com/fundacion_crianza_compartida/reel/DPEQNZmAMcn/
2025-09-26T11:23:55.000Z,393,53,NA,"En este video, la abogada de familia y ex jueza Marcia Caimanque Carvajal ( @tu.espaciolegal ) reflexiona sobre una de las grandes contradicciones del sistema judicial de familia:

👉 La rapidez con que se sanciona el incumplimiento del pago de pensión de alimentos.

👉 La lentitud y falta de sanciones frente al incumplimiento de la relación directa y regular.

Con más de 15 años de trayectoria, Marcia combina su experiencia como litigante y como ex jueza de familia, lo que le otorga una visión integral: la aplicación de la norma y también el impacto humano que cada juicio deja en padres, madres e hijos.

🤝 Hoy forma parte del equipo legal colaborador de la Fundación Crianza Compartida Chile, donde buscamos construir una red de profesionales pro infancia que ofrezcan una defensa técnica sólida, con táctica y estrategia judicial, pero también con humanismo y empatía hacia las familias.

Bienvenida Marcia 🤗

#registrodeobstaculizadoresdevinculo #leycrianzacompartida #FundaciónCrianzaCompartidaChile #marciacaimanque",https://www.instagram.com/fundacion_crianza_compartida/reel/DPEEhU2gOHI/
2025-09-25T17:32:04.000Z,909,40,NA,"Si no distinguimos entre denuncias verdaderas y falsas, todo se confunde y se pierden recursos valiosos pata las verdaderas víctimas. 

Un padre puede ser alejado de su hija sin pruebas, y las verdaderas víctimas quedan sin protección. #FalsasDenuncias #Infancia #fundacióncrianzacompartidachile",https://www.instagram.com/fundacion_crianza_compartida/reel/DPCJCoPEY_-/
2025-09-25T11:21:03.000Z,111,3,NA,"En la fábula del envidioso y el ambicioso, un rey les ofreció cumplir un deseo: al ambicioso le daría el doble de lo que pidiera y al envidioso le concedería lo que quisiera, pero antes debía elegir y de lo que eligiera , le daría el doble al ambicioso. 

El envidioso, incapaz de tolerar que el otro recibiera más, pidió que le sacaran un ojo para que el otro perdiera dos. 

En Fundación Crianza Compartida Chile hemos visto cómo esta lógica se repite en los procesos judiciales de familia: no siempre se busca ganar, a veces se está dispuesto a perder con tal de que el otro pierda más. 

Detrás de esa estrategia de “perder-perder” no hay amor a los hijos ni sentido de justicia, sino patologías no tratadas o resentimientos no trabajados que terminan arrasando con la infancia. 

Cuando el foco deja de ser el bienestar de los niños y pasa a ser la destrucción del otro progenitor, la consecuencia es devastadora: hijos quebrados emocionalmente, familias destruidas y un sistema judicial sobrecargado. 

La verdadera justicia no se logra en el ojo por ojo, sino en construir caminos de corresponsabilidad y acuerdos sanos. Si esto no es posible, se logra con jueces valientes que no dudan en reconocer que existen un progenitor conflictivo y otro que busca acuerdos y que hay que favorecer el vínculo del niño con aquel que busca acuerdos. 

Esto es intervenir con valentía , sana crítica y perspectiva de infancia aunque vayas contra el consejo técnico, aunque vayas contra el curador ad litem. 

¿ Cuéntanos tu experiencia y si te causa sentido la fábula del envidioso y el ambicioso ?",https://www.instagram.com/fundacion_crianza_compartida/p/DPBfm5yAEf9/
2025-09-24T18:47:55.000Z,278,27,NA,"Así comienza la desvinculación parental.

A propósito de la situación que nos describe una madrastra que nos pide ayuda por interno.  Es importante aprender a detectar las red flags de las interferencias parentales y actuar de forma preventiva en protección del hijo sobretodo en un sistema donde el que miente primero y mejor , obtiene una ventaja primordial; obtiene el certificado de víctima a prori para el sistema judicial 

#impedimentodevinculos #leycrianzacompartida #maltratoinfantíl #vulneracióndederechos",https://www.instagram.com/fundacion_crianza_compartida/p/DO_t83nCSrh/
2025-09-24T11:42:24.000Z,155,5,NA,"En Borgen ( serie de Netflix) hay una escena potente:

Katrine Fønsmark, periodista y jefa de comunicaciones, está a punto de comenzar un conflicto legal con su ex pareja ( Kasper Juul) por diferencias en la crianza compartida y los celos hacia la nueva pareja.

Le pide a Birgitte Nyborg el dato de un abogado para lanzarse a la pelea judicial.
Pero Nyborg la frena en seco con una frase inolvidable:
👉 “¿ Tu hijo la pasa mal cuando esta en casa de su papá? ""

Directo al corazón. Porque muchas veces los conflictos entre adultos terminan desplazando lo esencial: los hijos , sua necesidades y el derecho de los niños a convivir con ambos padres.

En la Fundación Crianza Compartida Chile lo repetimos siempre:

Menos juicios, más acuerdos.
Menos estrategias para ganar, más esfuerzos para compartir.

Porque la infancia no se defiende en tribunales solamente, se cuida en casa también. 

Si la judicialización es inevitable, una buena estrategia judicial enfocada en las necesidades reales de los hijos y en una defensa técnica. 

¿ Qué opinas de esta escena ?

#CrianzaCompartida #Borgen #Corresponsabilidad #SeparacionesConflictivas",https://www.instagram.com/fundacion_crianza_compartida/reel/DO-8lBkDZa4/
2025-09-23T21:47:35.000Z,111,11,NA,"@schilling_sergio en su programa #Psicolocos habló sobre las posibles causas de la disminución en la tasa de natalidad en Chile y Latinoamérica.

Un punto que nos hizo mucho sentido tiene relación con lo que en la Fundación Crianza Compartida Chile venimos observando: madres y padres que, tras una separación conflictiva, se ven obligados a judicializar su vida familiar y muchas veces enfrentan el impedimento de vínculo con sus hijos. 

Estas experiencias no solo generan un profundo desgaste emocional y económico, sino que también influyen en la decisión de muchas personas de no volver a formar familia.

👉 ¿Qué opinas tú? ¿Crees que el sistema actual desincentiva la crianza y la corresponsabilidad?

#CrianzaCompartida #CorresponsabilidadParental #Familias #Infancia",https://www.instagram.com/fundacion_crianza_compartida/reel/DO9dHUZEh8i/
2025-09-23T17:54:16.000Z,269,15,NA,"Hoy mi voz es tu voz…🧒🏼👦🏽👶🏻👧🏻

#vanessaferrerdiputada #TuVoz #distrito7 #perspectivadeinfancia #crianzacompartida #falsasdenuncias #infanciaprotegida",https://www.instagram.com/vanessaferrerradovic/reel/DO9C6EECbjr/
2025-09-23T14:12:36.000Z,407,34,NA,#FalsasDenuncias y #saludmental,https://www.instagram.com/fundacion_crianza_compartida/p/DO8pprRDe6_/
2025-09-22T00:29:13.000Z,16000,923,NA,"Testimonio de una mujer que de niña fue una hija injustamente desvinculada de su padre .

No es justo que un niño o niña deba pasar por una situación así.  Detectamos esta forma grave de maltrato infantil. 

No más impedimento de vínculos ❌️

Contra toda forma de maltrato infantil intrafamiliar y social. 

#ImpedimentoDeVínculo #falsasdenuncias #violenciainfantil #NiñezMasProtegida #fundacióncrianzacompartidachile",https://www.instagram.com/fundacion_crianza_compartida/reel/DO4mXsRDNu9/
2025-09-21T14:36:10.000Z,225,20,NA,"Por @al3x.flores 

Kentucky marcó un precedente histórico en materia de corresponsabilidad parental.

En 2018 aprobó una ley que estableció la presunción legal de custodia compartida, es decir, los tribunales parten del supuesto de que lo mejor para los hijos es que ambos padres participen activamente en su crianza.

En 2021 reforzó este avance con una norma que presume la custodia temporal conjunta en los procesos de divorcio o separación, siempre que no existan riesgos de abuso o negligencia.

 ¿Qué significa esto en la práctica?

Que madres y padres ya no parten de una competencia desigual: la ley reconoce que los niños necesitan a ambos, y que el bienestar infantil no debe quedar atrapado en disputas judiciales prolongadas.

Desde Fundación Crianza Compartida Chile miramos estas reformas con atención. Nos muestran que es posible construir un sistema donde la separación de los padres no implique la separación de los hijos, poniendo en el centro la corresponsabilidad y el derecho de niños y niñas a mantener vínculos plenos con ambos progenitores.

Creemos que Chile puede avanzar en esa dirección.

La #LeyCrianzaCompartida busca que hijos e hijas de padres separados convivan el mismo tiempo con su mamá o papá, o que las decisiones respecto a ellos sean tomadas por igual. 🏡

Por una crianza colaborativa, coparticipativa y corresponsable.

¿Te sumas a esta iniciativa? Firma en el enlace de nuestra biografía ✍️⬇️

#LeyCrianzaCompartida
https://chng.it/G5FmrLCmkR",https://www.instagram.com/fundacion_crianza_compartida/reel/DO3iooOjVq5/
2025-09-19T14:17:11.000Z,133,13,NA,"🇨🇱 En estas Fiestas Patrias todo se llena de alegría, tradiciones y encuentro. Pero también es un tiempo de pausa, de descanso y de memoria.

La memoria de quienes ya no están con nosotros , por diferentes motivos, se siente profundamente en medio de la fiesta . @entremares_oficial lo cantó en “Desde que no estás presente”, una melodía que acompaña a muchas familias que sienten la ausencia en el corazón y la garganta.

En distintos rincones de Chile, hay quienes llevan su amor hasta las tumbas, donde con huasos y chinas danzan una cueca para quienes partieron, manteniendo viva la conexión con sus seres queridos.

Así lo expresa con amor y nostalgia Valentina Cares:

*""Hace un año estábamos bailando juntitas y hasta con porrazo incluido. Te recuerdo bailando apenas sonaba la música.

Hoy bailamos de nuevo juntitas pero tú estabas bailando desde el cielo. Hasta elevaste la cometa que te llevé, fuiste la mejor.

Te extraño más de lo que las palabras pueden decir. Un saludo al cielo, mi Piita (Pía Antonia) hermosa, cada día aquí junto a nosotros.""*

En Fundación Crianza Compartida Chile creemos que la memoria y la presencia se entrelazan en los vínculos más profundos. Estas fechas nos invitan a valorar el encuentro con nuestros hijos e hijas, a no dar por sentado los momentos compartidos y a recordar que el amor se celebra en vida, con ternura, respeto y corresponsabilidad.

Porque las tradiciones cobran sentido cuando las nuevas generaciones pueden vivirlas acompañadas, con ambos padres presentes.

#fundacióncrianzacompartidachile #chilenidad #entremares #ausencia #feliz18 #fiestaspatrias",https://www.instagram.com/fundacion_crianza_compartida/reel/DOyWh5kjRDb/
2025-09-17T13:28:11.000Z,46000,463,NA,"En Fundación Crianza Compartida Chile hemos vivido de cerca lo complejo que pueden ser las separaciones.

Algunas veces nos toca intervenir en procesos de alta conflictividad, donde el diálogo está roto, no se reconoce al otro como un legítimo otro y las interferencias parentales ya han marcado la relación. Allí, volver a poner en el centro el bienestar del hijo en común es difícil, pero no imposible.

Otras veces acompañamos separaciones sanas, donde desde el comienzo se prioriza al hijo y se construye una coparentalidad responsable, buscando acuerdos que permitan atravesar la separación de la mejor forma posible. En estos casos, lo importante es intervenir de manera preventiva, cuidando esa ruta y anticipando posibles conflictos futuros.

Porque creemos que toda separación puede transformarse en un camino de cuidado y corresponsabilidad, siempre que el foco esté en la infancia.

#fundacioncrianzacompartidachile #SeparacionesConflictivas #separacionesconhijos #divorcio #crianzacompartida #leycrianzacompartida",https://www.instagram.com/fundacion_crianza_compartida/reel/DOtHtoZADFD/
2025-09-16T13:59:05.000Z,309,34,NA,"Este relato anónimo lo compartió una #madrastra . Muchas gracias por confiarnos sus experiencias y dolores. 

¿ Qué hay detrás de una falsa denuncia contra un padre ? 

Lee el relato original en el enlace de nuestras historias. 

Si eres madrastra únete a nuestra comunidad de madrastras "" tejiendo familias "" , un espacio de conversación y reconocimiento entre madrastras en Chile .

#fundacióncrianzacompartida #tejiendofamilias #madresobstructoras #agresorasvicarias",https://www.instagram.com/fundacion_crianza_compartida/p/DOqkn1ujXIM/
2025-09-15T11:30:59.000Z,4757,92,NA,"🇨🇱 Esta semana celebramos nuestras #FiestasPatrias y es una gran oportunidad para recordar algo clave: los actos escolares y celebraciones son momentos para que ambos padres estén presentes.

👉 Esto requiere coordinación y corresponsabilidad entre progenitores, pero también el compromiso de los establecimientos educativos.
👉 Además, los empleadores deben dar los permisos necesarios para que madres y padres - con especial énfasis en los papás- puedan acompañar a sus hijos en estas instancias.

También es fundamental que el régimen comunicacional extraordinario incluya la semana de vacaciones que entregan los colegios, evitando conflictos y asegurando que los niños vivan estas fechas como lo que son: una fiesta y no un motivo de tensión.

Porque la crianza compartida encuentra su lugar en estas fechas:
✅️ Más corresponsabilidad
✅️ Más perspectiva de infancia
✅️ Más papás con permisos laborales
❌ Menos obstrucción de vínculos

Felices Fiestas Patrias, con más niñez y más familia

#feliz18 #fiestaspatrias #chilegram #chile #corresponsabilidadparental #fundacióncrianzacompartida",https://www.instagram.com/fundacion_crianza_compartida/reel/DOnvlR6gBnR/
2025-09-13T11:56:55.000Z,46,0,NA,"Jesus muñoz de @asoc__anavid estuvo presente en el Primer Conversatorio Internacional sobre Falsas Denuncias en Chile y nos habló de las consecuencias para los niños de crecer en hogares sin padre cuando son excluidos por una falsa denuncia. 

#FalsasDenuncias #chile #paratiiiiiiiiiiiiiiiiiiiiiiiiiiiiiii #fyp #paternidad",https://www.instagram.com/fundacion_crianza_compartida/reel/DOiqHG1gBYX/
2025-09-12T15:20:57.000Z,237,18,NA,"Tras un largo proceso judicial, la verdad finalmente salió a la luz y la justicia actuó en favor de la infancia.

En Fundación Crianza Compartida Chile creemos que ningún niño o niña debería esperar años para ver protegido su derecho al amor, al cuidado y a mantener vínculos con sus progenitores.

Nuestro compromiso es seguir trabajando por un sistema que ponga siempre a la niñez en el centro.

#CrianzaCompartida #JusticiaConPerspectivaDeNiñez #PerspectivaDeInfancia #FundaciónCrianzaCompartidaChile #FalsasDenuncias #falseacusations #secuestroparental

---",https://www.instagram.com/fundacion_crianza_compartida/p/DOgcudmgExH/
2025-09-11T20:28:41.000Z,72,1,NA,"Hoy, 11 de septiembre 2025, no te pierdas el Primer Conversatorio Internacional sobre Falsas Denuncias , abordando casos como el de Fernando Menéndez, atrapado en una red de acusaciones sin pruebas que han destrozado su vida familiar y reputación. 

Horario: 20:00 (Chile) / 18:00 (Perú)
 
Vía Zoom (enlace hoy para inscritos) 

Expositores:  Congresista @alejomunante :  Proyecto de Ley 11561 para sancionar falsas denuncias. 

Periodista @vanyathais
: Expone el caso Gaivão-Menéndez, cuestionando sesgos de género y narrativas infundadas. Vanya, ex-ATV+ y columnista de Expreso, defiende a Menéndez, señalando en lives (mayo-junio 2025) una “telaraña de mentiras” y abogando por justicia equitativa. 

Moderadora: @ps_perito_caroval perito judicial y presidente de Fundación Crianza Compartida Chile. 

Inscríbete en el enlace de nuestra bio.
 
¡Hoy enviamos el Zoom!  #ConversatorioInternacional #FalsasDenuncias #CasoGaivãoMenéndez",https://www.instagram.com/fundacion_crianza_compartida/reel/DOeauqMEmkB/
2025-09-11T11:30:00.000Z,98,6,NA,"Jueves 11 de septiembre 
🇵🇪 ( hoy ).

Expositores: 

Congresista Alejandro Muñante ( @alejomunante ) “Denuncias falsas destruyen familias: Proyecto de ley que sanciona denuncias falsas ley 11561”

Periodista Vanya Thais ( @vanyathais ) “Vínculos en disputa: Niños, fronteras y familia en el caso Gaivão-Meléndez”

Moderadora: Perito judicial Carolina Valenzuela ( @ps_perito_caroval )

Horario: 
18:00 horas Perú 🇵🇪 
20 horas de Chile 🇨🇱

Vanya Thais , periodista peruana especializada en comunicación política e imagen corporativa, ha sido conductora de ATV+ y columnista en Diario Expreso. Hoy trabaja en Estados Unidos como editora general de VotoCatólico y activista en concientización sobre el autismo, con un documental y un libro en preparación para 2027.

Carolina Valenzuela ( @Ps Carolina Valenzuela )  estará moderando el Conversatorio sobre falsas denuncias del día correspondiente a la mesa número 4 con representantes de Perú. 

El formulario de inscripción para el día correspondiente a Perú lo puedes encontrar en el enlace de nuestra biografía. 

Hoy se enviará el enlace de participación por zoom. 

https://docs.google.com/forms/d/e/1FAIpQLSfkKFoEpfaHe-Q5UQ2gRXfyNho7qVY2cCJ7mnlXY_1cmx3bvQ/viewform?usp=header

Nos vemos .

#conversatoriointernacional #falseaccusations #falsasdenuncias",https://www.instagram.com/fundacion_crianza_compartida/reel/DOddCmEAGkl/
2025-09-09T16:14:56.000Z,247,13,NA,"El vínculo no se rompe por sentencia, el amor resiste”.

Años atrás, Pablo Vranich solo tenía un norte: volver a abrazar a su hijo. Hoy, después de recorrer tribunales, noches sin dormir y audiencias interminables, sabe que luchar vale la pena. 

Abogado litigante, exprocurador matriculado de la Suprema Corte de Justicia de Argentina, presidente y fundador de Fundación Lazos, conductor del programa Tardes Psicolegales, conferencista y, sobre todo, orgulloso papá.

👉 Hoy estará presente en el Primer Conversatorio Internacional e Interdisciplinario sobre Falsas Denuncias en Chile, representando a Argentina en la Mesa N°2, a las 20:00 hrs (Chile).

No te lo pierdas.",https://www.instagram.com/fundacion_crianza_compartida/p/DOY0hTZgCQ9/
2025-09-09T13:15:28.000Z,803,55,NA,"""Falsas denuncias. Padres, madres e hijos que lloran por algo de justicia frente a un sistema en algunos casos podrido, que incluye a padres, abogados, terapeutas y ONGS. Todos unidos en desacreditar a uno de los progenitores sin importar lo que cueste"" 

Agradecemos al diputado @diputadourruticoechea por su intervención en el contexto del Día Internacional contra las Falsas Denuncias. 

🌍 Invitación al Primer Conversatorio Internacional sobre Falsas Denuncias – 8 al 11 de septiembre

Organiza: Fundación Crianza Compartida Chile 🇨🇱

📅 Del lunes 8 al jueves 11 de septiembre
🕒 Conexión vía Zoom (con inscripción previa)
🌍 En el marco del Día Internacional contra las Falsas Denuncias (9 de septiembre)

Durante cuatro jornadas contaremos con expositores de Chile, Argentina, España y Perú, provenientes del mundo del derecho, el periodismo, la psicología, la política y el peritaje judicial.

El objetivo es abrir un espacio de diálogo interdisciplinario e internacional que permita reflexionar sobre las consecuencias de las falsas denuncias, su impacto en las familias y en la infancia, así como los desafíos que enfrentamos para avanzar hacia soluciones más justas.

🔗 Para participar debes completar el formulario de inscripción en el enlace de nuestra biografía 

Las falsas denuncias por violencia de género y abuso deben tener sanciones equivalentes a la pena que habría recibido el falso denunciado. 🚫 Destruir la vida de una persona no puede ser un acto gratuito. Pongamos fin a esta injusticia con la #LeyFalsasDenuncias 🙌 ¡Firma la petición! 👉 https://chng.it/pF2fGQrtS5 vía @ChangeorgChile",https://www.instagram.com/fundacion_crianza_compartida/reel/DOYdrFNALn7/
2025-09-08T15:08:29.000Z,68,3,NA,"Primer Conversatorio Internacional e Interdisciplinario sobre Falsas Denuncias en Chile. 

Expositores de 4 países / Transmisión simultánea en nuestra plataforma de Facebook. 

Revisa la programación completa y sé parte de esta experiencia de conocimiento y aprendizaje global. 🌎

Inscripción en el link de la biografía:

Lunes 8 de septiembre Chile 🇨🇱 
Horario: 19 horas de 🇨🇱 19 horas de 🇦🇷.

https://docs.google.com/forms/d/e/1FAIpQLSfJfahdNWJdl3xULDGhqDl2N2L3Mg677kWENDKi-EhNvW676Q/viewform?usp=header

Expositores:
Periodista Javier Rebolledo, periodista: “Denuncias de abuso sexual a padres desde el análisis periodístico”

Abogada Isabel Warner: “Falsas denuncias de abuso sexual en litigios familiares: cómo compatibilizar la protección del niño con el respeto al debido proceso
 
Moderador: Vanessa Ferrer 

Martes 9 de septiembre 🇦🇷 
20:00 de 🇨🇱 20:00 de 🇦🇷 

https://docs.google.com/forms/d/e/1FAIpQLScmtGeLt8pqYpXRfMHm9IRb4zEWjcxhKdJX8DBx7YvhpK1rLA/viewform?usp=header

Expositores: 
Abogado Pablo Vranich “Los golpes que no se ven” 

Perito judicial Luciana Canziani “Falsas denuncias como herramienta de obstrucción y los desafíos de una re vinculación”

Moderadora: abogada Claudia Casanga

Miércoles 10 de septiembre 🇪🇸
Horario: 18:00 horas 🇪🇸 y 13:00 horas 🇨🇱 

https://docs.google.com/forms/d/e/1FAIpQLScihNA1IaPWeDhydP6zt9nd2Q37j8nXA19ZWMtPxulYy3z3Qg/viewform?usp=header

Expositores: 
Abogado Mateo Bueno “Denuncias falsas en materia de violencia de género en España”

Vicepresidente de Anavid Jesús Muñoz ”Datos de denuncias e informes sobre la violencia en parejas”

Moderador: abogado Francisco González 

Jueves 11 de septiembre 🇵🇪 
Horario: 18:00 horas Perú y 20 horas 🇨🇱

https://docs.google.com/forms/d/e/1FAIpQLSfkKFoEpfaHe-Q5UQ2gRXfyNho7qVY2cCJ7mnlXY_1cmx3bvQ/viewform?usp=header

Expositores: 
Congresista Alejandro Muñante “Denuncias falsas destruyen familias: Proyecto de ley que sanciona denuncias falsas ley 11561”

Periodista Vanya Thais “Vínculos en disputa: Niños, fronteras y familia en el caso Gaivão-Meléndez”

Moderadora: Perito judicial Carolina Valenzuela 

Organiza: Fundación Crianza Compartida Chile",https://www.instagram.com/fundacion_crianza_compartida/reel/DOWHZGzjWUR/
2025-09-08T12:37:17.000Z,88,0,NA,"Únete a la transmisión en vivo por Facebook Live en este link: https://www.facebook.com/share/1AynzE5EYx/

Te esperamos hoy a las 19:00 hrs.

#falsasdenuncias #crianzacompartida #vanessaferrerdiputada #infanciaprotegida #perspectivadeinfancia",https://www.instagram.com/vanessaferrerradovic/reel/DOV2VBLjcyG/
2025-09-07T04:06:40.000Z,6667,386,NA,"Seguramente viste el video viral: un juez entrando a un jardín de infantes, un niño, gritos y cámaras. Lo mostraron como un acto cruel… pero nadie contó la verdad detrás.

Durante 5 años, Alexandra Savio impidió el vínculo de Milo con su papá: solo 62 horas juntos, siempre bajo presión judicial. Inventó denuncias médicas, lo declaró falsamente discapacitado y convirtió cada visita en un escándalo.

La justicia agotó todas las instancias: mediaciones, advertencias, fallos confirmados. Ella nunca cumplió. Fue declarada culpable por obstrucción de vínculo, una forma de maltrato infantil.

El operativo estaba pensado para ser pacífico, pero la madre irrumpió con gritos y golpes. Incluso usó al niño para forzar una escena frente a las cámaras.

Hoy, por primera vez, Milo conoce a su papá, a su hermana y a sus abuelos. Hoy se le garantizan sus derechos.

👉 No creas todo lo que ves en redes: lo que parecía abuso judicial, fue en realidad el fin de un abuso contra un niño.

En Chile tenemos a una "" #madreprotectora "" que se hace pasar como víctima de ""violencia vicaria"" pero en verdad es una vulneradora grave de los derechos de sus hijos. 

Prontamente más información ℹ️ 

#falsasdenuncias
#ImpedimentoDeVínculo #agresorasvicarias #neuquen #violenciavicaria #vicariato #feminismo #justiciavicariachile #vania #vaniainspira",https://www.instagram.com/fundacion_crianza_compartida/reel/DOSBtaFDMtS/
2025-09-06T17:12:48.000Z,55,4,NA,"Muchas gracias a todos los expositores: 

@abogadobryanveliz 

@ps_perito_caroval 

@lic.canziani_luciana 

@soytupsico_loga 

@monicamarchisella

@clau.casanga de @hombresmaltratadoschile 

@marcemondacac 

Y también, un saludo especial a los integrantes de la comunidad de la crianza compartida en Chile. 

#tallergratuito #talleresdelacrianzacompartida #fundacioncrianzacompartidachile #crianzacompartida",https://www.instagram.com/fundacion_crianza_compartida/p/DORMwfuAFkp/
2025-09-04T01:55:20.000Z,39,2,NA,"PRIMER CONVERSATORIO INTERNACIONAL E INTERDISCIPLINARIO SOBRE FALSAS DENUNCIAS 

Claudia Casanga, abogada y mediadora familiar con diez años de experiencia, dirige el Centro de Defensa y Justicia para Hombres en Chile, abogando por la igualdad y los derechos de los padres. Tiene diplomaturas en Litigación Familiar y Prevención de Violencia. Magíster en Derecho Penal. Miembro colaboradora.de Fundación Crianza Compartida Chile 

Claudia estará moderando el Conversatorio del día 9 de Septiembre con invitados de Argentina. 

Organiza: Fundación Crianza Compartida Chile 🇨🇱

📅 Del lunes 8 al jueves 11 de septiembre
🕒 Conexión vía Zoom (con inscripción previa)
🌍 En el marco del Día Internacional contra las Falsas Denuncias (9 de septiembre)

Durante cuatro jornadas contaremos con expositores de Chile, Argentina, España y Perú, provenientes del mundo del derecho, el periodismo, la psicología, la política y el peritaje judicial.

El objetivo es abrir un espacio de diálogo interdisciplinario e internacional que permita reflexionar sobre las consecuencias de las falsas denuncias, su impacto en las familias y en la infancia, así como los desafíos que enfrentamos para avanzar hacia soluciones más justas.

🔗 Para participar debes completar el formulario de inscripción (link en la bio).

 Te invitamos a ser parte de esta conversación global y necesaria.

#fundacióncrianzacompartida #FalsasDenuncias #conversatorio #Chile #argentina
#perù
#españa #falselyaccused #falselyacussedday",https://www.instagram.com/fundacion_crianza_compartida/reel/DOKaIN7jOts/
2025-09-03T22:52:29.000Z,90,9,NA,"Minuto de cierre de Vanessa Ferrer Radovich (PDG), quien nos invita al primer conversatorio internacional e interdisciplinario sobre ""Falsas Denuncias"" para el 8 de septiembre vía zoom, ayer en un nuevo capítulo de #ContingenciaPolítica .

#Distrito7 #Valparaíso #GranValparaíso #ComPolValpo #Concón #ViñadelMar #Casablanca #Algarrobo #ElTabo #ElQuisco #Cartagena #SanAntonio #SantoDomingo #JuanFernández #IsladePascua",https://www.instagram.com/ftv_cl/reel/DOKE4nqiXZt/
2025-09-02T20:27:44.000Z,61,13,NA,"📣 NO TE PIERDAS EL PRIMER CONVERSATORIO SOBRE FALSAS DENUNCIAS

Conversatorio internacional e interdisciplinario sobre falsas denuncias 👇🏼
🗓️ 8 de septiembre - 19:00 hrs 🇨🇱 / 19:00 hrs 🇦🇷
🌐 Modalidad virtual - ZOOM
📑 Formulario de inscripción.

¡No te lo pierdas!
#falsasdenuncias #fundacióncrianzacompartidachile #conversatorioonline",https://www.instagram.com/vanessaferrerradovic/p/DOHP4x1EUMw/
2025-12-24T17:36:35.000Z,87,7,NA,NA,https://www.instagram.com/fun.puentes.2024/reel/DOHFhKLEULH/
2025-08-30T12:48:13.000Z,198,23,NA,"Confirmen los papás que han vivido este duelo 😥  Coméntanos la experiencia con tu hija pre adolescente y adolescente .

Créditos a @melisacastromx",https://www.instagram.com/fundacion_crianza_compartida/reel/DN-sypaAPiw/
2025-08-29T05:06:18.000Z,257,13,NA,"Resolver, duelar los procesos de separación, hacerse cargo como adultos, son temas en los que no se debe involucrar a los hijos.

#vanessaferrerdiputada #partidodelagente
#pdg #perspectivadeinfancia
#infanciaprotegida #crianzacompartida
#congreso #distrito7 #FrancoParisi2026",https://www.instagram.com/vanessaferrerradovic/reel/DN7S9lMjScZ/
2025-08-28T22:43:04.000Z,29,0,NA,"Si vas a regular relación directa y regular, cuidado personal, pensión alimenticia, cuidado compartido ➡️ mediación familiar pero también lo puedes hacer mediante transacción notarial. 

@coachjuridica estuvo presente en @radiohoycl junto a @tiohoy y esto nos dijo sobre la mediación familiar y la transacción. 

#mediaciónfamiliar #transaccion #cuidadocompartido #cuiadopersonal #pensionalimenticia #RelaciónDirectaYRegular #fundacioncrianzacompartidachile",https://www.instagram.com/fundacion_crianza_compartida/p/DN6nZflEoMq/
2025-08-28T22:07:27.000Z,143,9,NA,"✨La crianza compartida es un tema fundamental, sobre todo porque el bienestar de los niños debe ser siempre lo primero, independientemente de las circunstancias entre los padres. La idea de que los niños puedan seguir manteniendo una relación equilibrada y constante con ambos padres, aunque ya no estén juntos como pareja, es clave para su desarrollo emocional y psicológico.

Además, el tema  de las denuncias falsas es muy preocupante. Afecta no solo a los padres acusados injustamente, sino también a los propios hijos, quienes pueden sufrir las consecuencias de una situación tan delicada y compleja. @fundacion_crianza_compartida 

Agradecida de Carolina Valenzuela, presidenta de la fundación Crianza compartida por esta linda labor que realiza y por acompañarnos en  el programa @mariellagonzalezh 🫰🏻✨

#mariellacontigo #crianzacompartida #fundacioncrianzaconpartida #justiciaparalospadres #nomasdenunciasfalsas #infancia #regiondelbiobio #concepción",https://www.instagram.com/mariellacontigo/reel/DN6i8o1Ef8k/
2025-08-28T17:04:54.000Z,22,0,NA,"📅HOY
Jueves 28 de agosto – 🕖19:00 hrs 🇨🇱 
DIF HORARIA 🇦🇷🇧🇷🇺🇾 🕗20:00
Carolina Valenzuela ( @ps_perito_caroval ) , perito judicial y psicóloga clínica
Tema: Estilos de crianza y parentalidad.

@fundacion_crianza_compartida  Chile 🇨🇱
presenta el Segundo Ciclo de Talleres de la Crianza Compartida 2025

@lives_parlante_compartido_cc Un espacio de formación y acompañamiento con especialistas en derecho, psicología y parentalidad para comprender los desafíos actuales de la infancia y los procesos judiciales en familia.

#nomashijosrehenes
.
.
.
.
.

🗓️Programa restante:

Martes 2 de septiembre –🕖 19:00 hrs
Claudia Casanga, Directora de Hombres Maltratados Chile ( @hombresmaltratadoschile ) y abogada de @defensapenalhombreschile
Tema: Estrategias legales y emocionales para padres que viven procesos judiciales.

Jueves 4 de septiembre – 🕖 19:00 hrs (Chile) / 20:00 hrs (Argentina)
Luciana Canziani (@lic.canziani_luciani ) , perito
Tema: Falsas denuncias como herramienta de obstrucción y los desafíos de una revinculación.

Sábado 6 de septiembre – 10:30 hrs
Marcela Mondaca ( @marcemondacac ) , psicóloga y perito
Tema: Coaching parental: habilidades de los padres en la crianza de los hijos.

Todos los talleres se realizarán en modalidad online vía Zoom.

Inscripciones y más información en nuestras redes sociales oficiales .

Algunos talleres serán exclusivos para la comunidad de la crianza compartida , para hombres y mujeres . Otros serán abiertos a los seguidores de nuestras redes vía inscripción previa por formulario Google

#TalleresDeLaCrianzaCompartida
#EducaciónSinDiscriminación #educaciónparental #fundacióncrianzacompartidachile###",https://www.instagram.com/parenti_lucas/reel/DN5-NjYDm3S/
2025-08-27T21:25:51.000Z,77,4,NA,¿ Cuál debe ser la misión de un abogado de familia ? Por @coachjuridica abogada y coach jurídica . Integrante del equipo legal de Fundación Crianza Compartida Chile.,https://www.instagram.com/fundacion_crianza_compartida/p/DN35xG2EnwX/
2025-08-25T12:11:57.000Z,4315,418,NA,"En Chile, hoy el cuidado compartido solo es posible por acuerdo y en separaciones de baja conflictividad. Pero esta fórmula excluye a muchos niños cuyos padres viven situaciones donde el progenitor conviviente se niega a otorgar más tiempo al otro padre o madre o ejerce interferencias parentales, haciendo un uso abusivo del cuidado personal exclusivo.

La propuesta de Ley de Crianza Compartida 2.0 busca corregir esta desigualdad, permitiendo al juez establecer modalidades de cuidado compartido (alterno ,  indistinto o nido ) que aseguren la continuidad del vínculo y el bienestar integral de los hijos tras la separación.

En Fundación Crianza Compartida Chile trabajamos por un principio claro: los niños necesitan y merecen a ambos padres presentes.

#LeyCriianzaCompartida 2.0 

Créditos a @ Salviloki

@ley_crianza_compartida_oficial 

#cuidadocompartido #crianzacompartida #fundacióncrianzacompartida",https://www.instagram.com/fundacion_crianza_compartida/reel/DNxwejSwLYa/
2025-08-24T19:50:40.000Z,248,24,NA,"Compartimos la carta al director escrita por @cristcamposs , donde reflexiona sobre la respuesta social, política y mediática frente a la denuncia en su contra, marcada por la cultura de la cancelación y la presunción de culpabilidad avalada por instituciones como Fundación Para la Confianza ( @paralaconfianza ) y otros actores.

La Sexta Sala del tribunal de alzada resolvió por unanimidad (3 a 0) el sobreseimiento de Campos, estableciendo la prescripción de la causa y que su participación en los hechos no está probada.

En un Estado de Derecho debe regir el principio de presunción de inocencia y el príncipio indubio pro reo, que significa que “en caso de duda, a favor del acusado”. Garantiza que nadie sea condenado sin pruebas claras y suficientes, pues la carga de la prueba recae en quien acusa, no en el denunciado.

Pese a esto, frente a un sobreseimiento, la cultura de la cancelación desplaza sus líneas ideológicas hacia un estándar autoritario: el “Culpable No Probado”. Esto es antidemocrático, dictatorial y contrario a los fundamentos del derecho moderno, que no puede transformarse en una cacería de brujas, sino que debe garantizar siempre el debido proceso.

Por eso, urge avanzar en sanciones reales contra las falsas denuncias a través de la #LeyFalsasDenuncias . Las verdaderas víctimas no pueden seguir siendo confundidas con las falsas víctimas que usan de forma instrumental el sistema judicial. 

#FalsasDenuncias #leyfalsasdenuncias #falselyaccused #falselyaccusedday #9s",https://www.instagram.com/fundacion_crianza_compartida/reel/DNv_aVbZO6d/
2025-08-21T13:37:49.000Z,928,52,NA,"Paternidad biológica con presencia vs. La paternidad bio sin presencia 

Cualquier hombre puede tener un hijo, pero no todos pueden ser papá. 

👉 Están las paternidades biológicas sin presencia voluntaria, que eligen ausentarse.

👉 Y están las paternidades biológicas sin presencia forzada, donde el impedimento de vínculos aparta a los padres de sus hijos. ( aunque siguen siendo parte de la memoria emotiva de sus hijos)

Para los primeros, un llamado de atención y a la reflexión sobre la importancia de estar presentes;  a sanar , sanar la masculinidad herida, y si la reflexión no es suficiente, es hora de que el entorno familiar y amistades promuevan una paternidad presente y condenen el abandono a los hijos. 

Para los segundos, toda nuestra empatía, fuerza y comprensión. Ustedes merecen nuestro respeto y atención. 

Porque no existe un único modo de ejercer la paternidad: todas las paternidades con presencia son distintas y cada una aporta un valor único en la vida de los hijos. Repetimos : un padre ausente forzadamente sigue siendo un padre presente en la experiencia del niño impedido de contacto con su padre. 

Desde la perspectiva de la infancia -que siempre debe ser el centro-, lo fundamental es crecer con amor, acompañamiento y el derecho a mantener vínculo con ambos progenitores.

Ese es el compromiso de Fundación Crianza Compartida Chile.

Crédito a @felipecamusf

¿Qué significa para ti una paternidad con presencia?

#PaternidadConsciente #LeyCrianzaCompartida #padre #papaehijos #PaternidadActiva",https://www.instagram.com/fundacion_crianza_compartida/reel/DNnl395AzxD/
2025-08-20T12:56:05.000Z,52,17,NA,"⚖️ La Justicia protegió el derecho de comunicación de los niños:
👉 Ordenó terapia obligatoria a los padres y sanciones por incumplir el régimen.

El interés superior del niño, siempre primero.

Si necesitas asesoramiento legal, no dudes en contactarme!
📞+54 9 11 4916 1178
📧monicamarchisella@gmail.com
✨¡Gracias por visitar mi perfil

#abogada #abogadamediadora
#abogadadefamilia
#monicamarchisella #familia
#divorcios  #sucesiones #asesoramientolegal #nordelta #caba #derechodefamilia #interessuperiordelniño  #derechosdelniño  #comunicaciónfamiliar",https://www.instagram.com/monicamarchisella/reel/DNk90hpALgM/
2025-08-19T19:20:40.000Z,55,9,NA,"Los niños y adolescentes mantienen una postura de mucho interés respecto a los temas de familia sobre todo entendiendo el alto índice de separaciones que tenemos en nuestro país, es relevante concientizar y educar a las futuras generaciones de adultos que tendremos para que nuevamente la infancia sea lo principal, gracias a @liahona_granavenida",https://www.instagram.com/fundacion_crianza_compartida/reel/DNjE57ry0Mp/
2025-08-19T15:07:27.000Z,66,11,NA,Que importante es que los niños y adolescentes también nos conozcan gracias por la oportunidad,https://www.instagram.com/fundacion_crianza_compartida/reel/DNioFf_N0jc/
2025-08-17T22:16:02.000Z,115,9,NA,"Ser madrastra es un acto de amor pero también una experiencia  limite que rompe con los estigmas. 

""No somos las villanas de los cuentos, tampoco historias siempre alegres: somos mujeres que elegimos acompañar, cuidar y tejer familia desde un lugar distinto, pero igualmente legítimo"" dicen las madrastras de la comunidad. 

En Chile y el mundo, cientos de madrastras enfrentan conflictos de lealtad, miradas que juzgan, procesos judiciales e incluso falsas denuncias. Sin embargo, también construyen vínculos profundos, demostrando que la filiación no biológica existe y que el amor trasciende la sangre.

Desde Fundación Crianza Compartida Chile levantamos esta voz, porque sabemos que el tejido familiar no siempre se da en moldes tradicionales. 

Cuando una madrastra ( a veces mamá y madrastra ) queda fuera, el tejido se rompe. Cuando se la reconoce, la familia se fortalece.

Cada madrastra es un color único en este ovillo. 

El mensaje de ellas es potente ""Juntas, podemos crear una red segura, un espacio de cobijo y pertenencia"" 

Porque tejer familia también es reconocer que los lazos de amor son tan importantes como los biológicos.

Nuestro agradecimiento a las administradoras de la primera comunidad de madrastras. 

Kim ( @seyfried_bleiholder ) quien se motivó a dar el paso de formar esta comunidad aportando con su experiencia y el diseño. Sabemos lo que costó , todas las experiencias y dolores que hay detrás y por lo mismo , nuestro agradecimiento y admiración. 

A Vale ( @mamaymadrastra_ ) quien desde hace años forma parte de la comunidad de la crianza compartida y que ahora se une a esta hermosa iniciativa donde ella y su tribu son una voz potente en la experiencia de ser madrastra en Chile. 

Revisa el texto de invitación completo en este enlace + enlace de participación en el grupo ( previo filtro de la admin Kim ) 

https://fundacioncrianzacompartidachile.cl/2025/08/17/tejiendo-familia-nace-la-primera-comunidad-de-madrastras-en-chile/

#Madrastras
#comunidadelacrianzacompartida #comunidaddemadrastras #mamadrastra #Chile",https://www.instagram.com/fundacion_crianza_compartida/p/DNePjZySSvn/
2025-08-13T12:35:50.000Z,240,30,NA,"✈️ La Justicia dijo NO: una madre no podrá viajar al exterior con su hijo por más de dos meses para proteger el vínculo con el padre.
⚖️ El interés superior del niño siempre primero.

📌 Leé el caso completo y descubrí qué dice la ley sobre viajes al extranjero con menores.

Si necesitas asesoramiento legal, no dudes en contactarme!
📞+54 9 11 4916 1178
📧monicamarchisella@gmail.com
✨¡Gracias por visitar mi perfil

#abogada #abogadamediadora
#abogadadefamilia
#monicamarchisella #familia
#divorcios  #sucesiones #asesoramientolegal #nordelta #caba #autorizaciondeviaje #interessuperiordelniño #derechosdelniño",https://www.instagram.com/monicamarchisella/p/DNS5-3_A5Za/
2025-08-12T21:37:46.000Z,32,0,NA,"¡No te pierdas #LaMañanaEnlaHoy!, Tendremos los mejores invitados:

1.⁠ ⁠Jo Becker estará en los estudios de La Hoy.

2.⁠ Paola Sanadora, nos explica sobre ¿Por qué nos cuesta dejar el pasado?

3.⁠ Fundación Crianza Compartida, abordaran el tema de la Separación y daños en los niños

Conduce Tío Hoy, desde las 10:00 de la mañana solo por radiohoy.cl, canal 198 de Zapping y canal 649 de Binet",https://www.instagram.com/radiohoycl/p/DNRTNTPRz4H/
2025-08-11T19:25:30.000Z,112,8,NA,"Quieres ofrecer peritajes en tu causa judicial pero tienes temor que no exista voluntad de someterse al proceso evaluativo solicitado. Este dato no lo puedes dejar de considerar

Código procedimiento civil 
Artículo 238

Cuando se trate del cumplimiento de resoluciones no comprendidas en los artículos anteriores, corresponderá al juez de la causa dictar las medidas conducentes a dicho cumplimiento, pudiendo al efecto imponer multas que no excedan de una unidad tributaria mensual o arresto hasta de dos meses, determinados prudencialmente por el tribunal, sin perjuicio de repetir el apremio.

Agradecimientos a @ladefensoralegalcoach por aportar en el código de procedimiento civil que se debe usar para pedir estos apercibimientos

@fundacion_crianza_compartida siempre con el foco puesto en el bienestar de los niños !!",https://www.instagram.com/ps_perito_caroval/reel/DNOfMXdpEJ5/
2025-08-11T15:12:44.000Z,1018,98,NA,""" A mi mamá la perdoné hace tiempo. Hoy tenemos una relación de madre e hija que valoro y, desde el lado de mujer, he aprendido a comprenderla más allá de mi rol de hija. ""

"" De mi papá… me faltaría un video entero para contar. Es un hombre poderoso y resiliente, que vivió y aguantó mucho por mí cuando lo más cómodo habría sido dejarlo todo. Jamás vi ausencia, flojera o incumplimiento; nunca una gota de alcohol, siempre respeto hacia las mujeres. Leal, presente… mi inspiración para ser una buena madre cuando me toque. "" 

""Ojalá aquellas mujeres que intentan dañar a otro comprendan que, en ese camino, terminan vulnerando los derechos, emociones y vida de sus propios hijos ""

Fundación Crianza Compartida Chile
En este mes de la perspectiva de infancia recordamos que niños y niñas merecen siempre ser escuchados en los procesos que les afectan, pero jamás deben ser puestos en la posición de decidir lo que los adultos deben resolver con madurez y responsabilidad. Protejamos su bienestar y su derecho a vivir su infancia plenamente.

Agradecemos profundamente a Zaye Flores por enviar este poderoso mensaje a la sociedad. 

#leycrianzacompartida
#fundacioncrianzacompartidachile #PadresJudicializados #PadresSeparadoa #divorciosano #perspectivadelainfancia #CrianzaCompartida",https://www.instagram.com/fundacion_crianza_compartida/reel/DNOAb0iAFYy/
2025-08-11T00:02:11.000Z,1409,146,NA,"En 2012, el programa Aquí en Vivo (Mega) mostró una realidad que duele: algunas mamás y papás utilizan a sus hijos para vengarse de su expareja, sin ver el enorme daño emocional que esto provoca.

En 2013 llegó la Ley 20.680, que eliminó la preferencia materna y estableció que el cuidado personal se asigna a quien convive con el hijo, permitiendo, además, el cuidado compartido… pero solo si ambos padres están de acuerdo. 

Esa limitación es la que hoy queremos cambiar con la #LeyCrianzaCompartida, para que el cuidado pueda ser compartido incluso si uno de los padres se opone, evitando abusos en el ejercicio del cuidado exclusivo y garantizando la corresponsabilidad parental y la perspectiva de infancia.

En 2016, la Superintendencia de Educación dictó la Circular N°27, que reconoce el derecho de ambos padres a participar activamente en la educación de sus hijos, sin importar su estado civil ni con quién vivan principalmente los niños.

Desde Fundación Crianza Compartida Chile reafirmamos que la infancia no debe ser campo de batalla. La venganza entre adultos nunca puede estar por encima del derecho de un niño o niña a mantener vínculos plenos, sanos y estables con ambos padres.

Mientras tanto, nos seguimos haciendo la misma pregunta en el año 2025. 

¿ Por qué Nancy , una madre o un padre insistirá, luego de ver el daño provocado a su hijo y la emoción del reencuentro con el progenitor excluido , en separarlos ? 

#LeyCrianzaCompartida #ImpedimentoDeVínculo #registrodeobstaculizadoresdevinculo #leyfalsasdenuncias #perspectivadelainfancia #MaltratoInfantil",https://www.instagram.com/fundacion_crianza_compartida/reel/DNMZWTBJ5Sh/
2025-08-09T15:15:21.000Z,8326,713,NA,"🚫 Una falsa denuncia puede destruir una familia en horas.

 ""La mamá de mis hijos fue denunciada por su hija de 12 años por abusos y maltratos. El tribunal tardó 2 años en aplicar una medida cautelar. A mí, en cambio, en 1 solo día me impusieron una orden de alejamiento. El sistema no es parejo, y esa es la realidad. Debo intentar por lo menos limpiar mi nombre y demostrar que nunca les haría daño a mis hijos. Esto solo lo hicieron para hacerme daño a mí"" dice Victor Briones. 

Esto es violencia institucional. 

Esto es desigualdad y discriminación. 

Y los que más sufren son los niños y niñas., los hijos de Victor. 

En Fundación Crianza Compartida Chile trabajamos para que la voz de la infancia sea protegida, para que el trauma no se normalice y para que ningún padre o madre inocente pierda a sus hijos por manipulaciones o venganza.

📹 Escucha su historia.

#LeyFalsasDenuncias #registrodeobstaculizadoresdevinculo #librofalsasdenuncias  #JavierRebolledo",https://www.instagram.com/fundacion_crianza_compartida/reel/DNI4OKzNEnm/
2025-08-08T16:26:35.000Z,59,48,NA,"Muchas veces se cree que con el cuidado compartido no hay que pagar pensión alimenticia … pero la justicia cada cierto tiempo nos recuerda que el bienestar de los hijos prima por sobre el interés adulto . 

En este caso, aunque el tiempo de cuidado era similar ( aunque en la práctica la madre se llevaba una carga mental y física mayor ) , los ingresos no lo eran, y eso marcó la diferencia.

El derecho alimentario es de los hijos, y ambos padres deben aportar según sus posibilidades.

Desliza para conocer los detalles del fallo y por qué es clave entender que cuidado compartido NO IMPLICA dejar de pagar pensión alimenticia. 

Un mito promovido desde agrupaciones pro corresponsabilidad y por parte de agrupaciones feministas opositoras al cuidado compartido. 

#crianzacompartida #derechosdelainfancia #PensiónAlimenticia #InterésSuperiorDelNiño #fundacióncrianzacompartida #chilegram #cuidadocompartido #leycrianzacompartida",https://www.instagram.com/fundacion_crianza_compartida/p/DNGcanWsmbq/
2025-08-07T16:09:16.000Z,63,11,NA,#DerechosDeLosPadres #DerechosDeLaInfancia #educacioninfantil #SuperintendenciaDeEducación #colegio,https://www.instagram.com/fundacion_crianza_compartida/p/DND1pAoMh3l/
2025-08-06T12:55:50.000Z,83,5,NA,"📲Sharenting sin consentimiento: la Justicia protegió a un niño cuya imagen era usada por su madre en redes sociales.

👉🏻Guardá este caso como referencia.
👉🏻Dejame tu comentario⬇️⬇️⬇️

Si necesitas asesoramiento legal, no dudes en contactarme!
📞+54 9 11 4916 1178
📧monicamarchisella@gmail.com
✨¡Gracias por visitar mi perfil

#abogada #abogadamediadora
#abogadadefamilia
#monicamarchisella #familia
#divorcios  #sucesiones #asesoramientolegal #nordelta #caba #sharenting #identidaddigital #derechosdelniño",https://www.instagram.com/monicamarchisella/p/DNA6tMpgAMz/
2025-07-31T16:48:52.000Z,1184,119,NA,"Hoy son los alegatos en la Corte Suprema por el caso de #falsadenuncia de #jorgetocornal . La justicia puede llegar tarde pero debe llegar más aún  en el actual estado de salud de la víctima de falsa denuncia. 

#cortesuprema #JavierRebolledo ##LibroFalsasDenuncias #leyfalsasdenuncias #registrodeobstaculizadoresdevinculo #fundacioncrianzacompartidachile",https://www.instagram.com/fundacion_crianza_compartida/p/DMx4mxjsyrr/
2025-07-27T22:02:37.000Z,239,11,NA,"#AlienaciónParental y #conflictodelealtades en el caso de #juanarivas ( una falsa víctima de un falso concepto que es la #ViolenciaVicaria ) 

Post en honor a la lucha de #francescoarcuri , un padre que pese a tener a la clase política , medios de comunicación y agrupaciones por la #ViolenciaVicaria y #violenciadegenero en contra , y habiendo vivido una historia semejante de sustracción parental y manipulación psicológica con su hijo mayor, supo sobreponerse y persistir en la defensa del bienestar de su hijo Daniel . 

Primer audio corresponde al año 2019 donde Daniel ( hijo menor de Francesco Arcuri) indica que la madre y el entorno de la madre (agrupaciones de violencia vicaria) lo inducen a decir que el padre lo maltrata .

Segundo video corresponde a la presente semana, cuando Francesco va a retirar a su hijo al Punto de Encuentro Familiar luego de que Juana Rivas lo retuviera por más de 10 meses, no permitiéndole retornar con su padre a Italia, donde ha tenido la residencia habitual durante toda su vida.  En el video se ve como el niño es presionado por su madre a hablar en público rodeado de personas extrañas y medios de comunicación. 

El Viernes recién pasado por fin se efectuó la entrega de Daniel a su padre . Por fuentes directas se confirma que la entrega se hizo sin mayores complicaciones y que el niño se demoró 20 minutos en volver a reconectar afectivamente con su padre. 

La madre será acusada nuevamente por el delito de sustracción de menores , delito por el cual ya había sido condenada y, posteriormente, indultada por el gobierno de #pedrosánchez y por presión directa de @i_montero_

#maltratopsicológico
#ViolenciaInstitucional
#SustracciónDeMenores #ManipulaciónAfectiva #InterferenciasParentales",https://www.instagram.com/fundacion_crianza_compartida/p/DMoJVGdStbG/
2025-07-24T15:53:23.000Z,98,8,NA,"Para acabar con la confusión de ciertas personas e instituciones hacemos esta Declaración de Principios . 

La crianza compartida debe ser un traje a la medida del hijo , no del papá qué quiere vengarse de la madre ni al revés. 

La crianza compartida es un derecho del niño y son los padres y el sistema judicial los encargados de garantizar el cumplimiento de ese derecho bajo condiciones de bienestar para todos los integrantes del sistema familiar principalmente del niño/a. 

""Pedimos que los niños y niñas sean realmente puestos en el centro de las decisiones, asegurando su derecho a mantener vínculos significativos con ambos progenitores. Esto implica también que padres y madres puedan transitar los procesos judiciales con garantías de presunción de inocencia, debido proceso y sin ser objeto de discriminación o sesgos, reconociendo que su salud mental es parte fundamental del bienestar infantil"". 

#crianzacompartida #LeyCrianzaCompartida #Coparentalidad #cuidadocompartido #ViolenciaIntrafamiliar",https://www.instagram.com/fundacion_crianza_compartida/p/DMfwsWasn_-/
2025-07-24T01:51:23.000Z,15,0,NA,"Miles de niños y niñas en Chile están siendo privados injustamente del contacto con uno de sus padres.

Falsas denuncias, decisiones arbitrarias y un sistema que no protege el vínculo familiar están destruyendo infancias.

En Fundación Crianza Compartida Chile trabajamos por una causa urgente:

✅ Proteger el derecho de hijos/as a mantener una relación sana y estable con ambos progenitores y crecer con una vida libre de violencia. 

✅ Promover una crianza corresponsable, basada en la colaboración y el bienestar infantil.

✅ Exigir sanciones efectivas frente a las falsas denuncias que rompen vínculos esenciales.

📣 Hacemos un llamado a la ciudadanía:

Es momento de exigir a los candidatos a diputados, senadores y presidencia que actúen con responsabilidad.

La infancia no puede seguir esperando.

✍️ Firma aquí y súmate al cambio:
🔗 https://chng.it/G5FmrLCmkR

Agradecimiento especial a @crebolledoh_oficial por la linda entrevista 🤗💕

#InfanciaPrimero #CrianzaCompartida #CorresponsabilidadParental #fundacioncrianzacompartidachile #leycrianzacompartida #leyfalsasdenuncias",https://www.instagram.com/fundacion_crianza_compartida/reel/DMeN9tHsE7e/
2025-07-23T22:42:38.000Z,204,20,NA,"La crianza compartida no es una talla única.

Es un traje que debe confeccionarse a la medida de cada niño y niña, respetando su historia, su mundo emocional y su derecho a crecer con el amor y la presencia activa de ambos progenitores.

No se trata de lo que los adultos desean, sino de lo que la infancia necesita.

El conflicto entre los padres puede dificultar la coparentalidad tras una separación, pero justamente por eso es fundamental que los adultos vuelvan a poner en el centro a sus hijos: sus tiempos, sus vínculos, su bienestar.

Desde Fundación Crianza Compartida Chile impulsamos un modelo centrado en el interés superior del niño, donde las decisiones se tomen con base en su cuidado, no en el ego o el enfrentamiento.

Porque la niñez no espera.

Merece soluciones que la escuchen, la protejan y fortalezcan sus vínculos.

Y cuando ambos padres han estado presentes en la vida de sus hijos, mantener esa presencia tras la separación suele ser lo más beneficioso para ellos.

#CrianzaCompartida #InfanciaPrimero #InterésSuperiorDelNiño #DerechosDeLaInfancia #FundaciónCrianzaCompartidaChile",https://www.instagram.com/fundacion_crianza_compartida/p/DMd6u6JSOPt/
2025-07-23T19:07:07.000Z,29,1,NA,"Muchos niños hoy sienten miedo, ansiedad y frustración al enfrentarse a la presencialidad: al colegio, a los vínculos reales, al mundo que no se puede pausar ni silenciar como una pantalla.

El psicólogo Xavier Guix lo advierte: estamos criando generaciones que, por exceso de virtualidad, carecen de herramientas para habitar el mundo real. No se trata de culpar, sino de comprender que este nuevo escenario nos desafía como madres, padres y adultos responsables.

La compensación no está en evitarles el malestar, sino en enseñarles a atravesarlo. Acompañarlos, darles palabras, ayudarlos a poner nombre a lo que sienten, y sobre todo, enseñarles que no están solos.

👣 Educar hoy es formar emocionalmente, es enseñar a vivir y no solo a sobrevivir.

#XavierGuix #AnsiedadInfantil #CrianzaConsciente #PadresPresentes #NiñezHoy #EducaciónEmocional #FundaciónCrianzaCompartida",https://www.instagram.com/fundacion_crianza_compartida/p/DMdiEXzy-d3/
2025-07-22T16:53:30.000Z,50,6,NA,"¡No te pierdas #LaMañanaEnlaHoy!, Tendremos los mejores invitados:

1. Fundación Crianza Compartida, que nos enseñaran sobre el Rol de la Madrastras.

2. Carolina Ayala, Directora Social de Fundación Sin Barreras, nos contará los detalles sobre el proyecto “Cuidame y Te Cuido”.

3. Cari Monteci, presenta su single “Quiero” en su versión acústica.

Conduce Tío Hoy, desde las 10:00 de la mañana solo por radiohoy.cl, canal 198 de Zapping y canal 649 de Binet.

#radio #chile #matinal #radiohoy",https://www.instagram.com/radiohoycl/p/DMat-9DxtDH/
2025-07-22T13:29:09.000Z,953,49,NA,"Sin más que agregar 👏 felicitaciones a ti , a tu pareja , a la familia que te apoya . 

Las #FalsasDenuncias deben ser penalizadas porque simplemente se está usando el aparato legal ,  judicial y mediático para destruir vidas y para romper los vínculos de los padres/madres con sus hijos . 

Las falsas denuncias son un obstáculo para el libre ejercicio de la parentalidad. 

#bastadefalsasdenuncias",https://www.instagram.com/fundacion_crianza_compartida/p/DMaWmNmsbKE/
2025-07-22T12:45:41.000Z,599,26,NA,"¿ Qué fue lo que más te dolió de la separación ? 

#separacionesconhijos #SeparacionesConflictivas #SeparacionSanas #divorcio #fundacioncrianzacompartidachile #Coparentalidad #PaternidadConsciente",https://www.instagram.com/fundacion_crianza_compartida/p/DMaRnzSgGT_/
2025-07-21T13:01:48.000Z,39,0,NA,"El rol educador de los padres también es un rol de facilitadores de la experiencia del aprendizaje. 

#Educación #niños #padresymadres #FamiliasQueAcompañan #platon #xavierguix",https://www.instagram.com/fundacion_crianza_compartida/p/DMXurECsyGP/
2025-07-19T16:51:22.000Z,41,6,NA,"Fortalecer habilidades parentales es un camino posible, incluso después de vivir experiencias difíciles.

En Fundación Crianza Compartida Chile creemos que la resiliencia —esa capacidad de adaptarse, aprender y seguir adelante frente a la adversidad— es una herramienta poderosa para madres, padres y cuidadores comprometidos con el bienestar de sus hijos e hijas.

A través de procesos de acompañamiento psicológico, acompañamos el desarrollo de habilidades parentales conscientes, centradas en el respeto, la contención emocional y el vínculo seguro.

Pero ningún proceso de crianza debería vivirse en soledad. Por eso, promovemos la construcción de redes de apoyo, tanto primarias (familia, amigos) como secundarias (escuelas, centros de salud, organizaciones sociales), que nos permitan crear entornos protectores, colaborativos y más humanos para criar.

Porque criar en red también es criar con amor.

#CrianzaCompartida #CorresponsabilidadParental #ResilienciaFamiliar #FundaciónCrianzaCompartidaChile",https://www.instagram.com/fundacion_crianza_compartida/p/DMS_WqJM9Wr/
2025-07-17T19:12:46.000Z,62,12,NA,"¿Por qué se creó la perspectiva de género? ♂️♀️
 
La perspectiva de género nació en los años 70 al alero del feminismo, como una herramienta para analizar y enfrentar las desigualdades que han afectado a las mujeres. Su objetivo fue visibilizar relaciones de poder, roles impuestos y formas de violencia estructural en todos los ámbitos, incluido el judicial.

⚖️ En los tribunales de familia, esta mirada buscó inicialmente proteger a las mujeres en contextos de violencia o vulnerabilidad. Pero hoy, su aplicación muchas veces se ha vuelto parcial o ideologizada, generando un conflicto con otra mirada fundamental: la perspectiva de infancia.

👶 El principio de interés superior del niño queda a menudo subordinado a una interpretación rígida de género, que asume automáticamente que proteger a la madre es proteger al niño. Esto invisibiliza a padres activos, afecta el derecho del niño a mantener relaciones significativas con ambos progenitores, y legitima prácticas injustas como las falsas denuncias o el impedimento de vínculo.

🌐 Lo paradójico es que la misma ONU, en sus definiciones oficiales, reconoce que la perspectiva de género debe incluir también las problemáticas que afectan a los hombres, como los estereotipos de la masculinidad, la exclusión en roles de cuidado y la discriminación en el acceso a justicia familiar pero la clase política y judicial de los diferentes países no lo hacen. 

📢 Desde Fundación Crianza Compartida Chile impulsamos una mirada más justa, equilibrada y centrada en la infancia, donde ninguna ideología se anteponga al bienestar real de los niños y niñas.

Dejamos encuesta : 

💬 ¿Puede una perspectiva que nació para reparar desigualdades terminar produciendo nuevas formas de injusticia?

#CrianzaCompartida #InterésSuperiorDelNiño #PerspectivaDeGénero #DerechosDeLaInfancia #Corresponsabilidad #FeminismoCrítico #TribunalesDeFamilia",https://www.instagram.com/fundacion_crianza_compartida/p/DMOF8g7SzCK/
2025-07-16T23:44:21.000Z,38,1,NA,"Juana Rivas y la falsa #ViolenciaVicaria : cuando la desobediencia se disfraza de protección a la infancia. 

Juana Rivas fue condenada por sustracción de menores en 2018 tras negarse a devolver a sus hijos a Italia, donde residía el padre con custodia legal. La justicia le redujo la pena y hasta recibió un indulto parcial, pero volvió a repetir la misma conducta en 2024: retuvo nuevamente a su hijo menor en España, desobedeciendo fallos firmes de tribunales españoles e italianos.

Su historia no es la de una víctima judicial, sino la de una madre que ha incumplido sistemáticamente la ley y ha usado la denuncia como estrategia. 

Varios de los cargos que ha presentado contra el padre han sido archivados por falta de pruebas, mientras ella sigue desoyendo resoluciones judiciales.

📌 Hoy, los tribunales ordenaron que entregue al niño el 22 de julio de 2025. Porque los derechos de los niños no pueden quedar atrapados en la narrativa ideológica de los adultos.

En Fundación Crianza Compartida Chile promovemos el pleno respeto a los derechos de niños, niñas y adolescentes y su derecho a ser odio en los procesos judiciales así también entendemos que el derecho a expresar su opinión no debe estar obstaculizado por las prácticas de interferencia parental de una de los progenitores.

En este post le damos voz a quien no la ha tenido en los medios de comunicación hegemónicos , #francescoarcuri , quien por resolución judicial , actualmente, detenta el cuidado personal de su hijo menor pero que no ha logrado hacerlo efectivo por ser víctima de sustracción parental por parte de #juanarivas .

Fe de erratas: el apellido del padre es "" Arcuri "" no "" Ancuri "". 

#JusticiaInfantil #CustodiaCompartida #SustracciónDeMenores #JuanaRivas #FundaciónCrianzaCompartidaChile #CorresponsabilidadParental #DerechosDelNiño",https://www.instagram.com/fundacion_crianza_compartida/p/DML-l3XyYpo/
2025-07-16T13:14:10.000Z,132,8,NA,"👧 Cuando los conflictos entre padres afectan a sus hijos, la Justicia puede intervenir.

📌 En un caso reciente, la Cámara ordenó que ambos progenitores asistan a terapia para proteger el bienestar emocional de su hija.

⚖️ El interés superior del niño está por encima de todo.

❓Qué opinas de este fallo?
👉🏻Dejame tu comentario⬇️⬇️⬇️

Si necesitas asesoramiento legal, no dudes en contactarme!
📞+54 9 11 4916 1178
📧monicamarchisella@gmail.com
✨¡Gracias por visitar mi perfil

#abogada #abogadamediadora
#abogadadefamilia
#monicamarchisella #familia
#divorcios  #sucesiones #asesoramientolegal #nordelta #caba #derechodefamilia #interessuperiordelniño",https://www.instagram.com/monicamarchisella/p/DMK4G2zA2Ju/
2025-07-15T14:49:29.000Z,67,1,NA,"Por @valensinfiltro_ 

No se dice “eres un buen padre”, se dice ... 

A propósito del caso de #chinasuarez y #benjaminvicuña aparece la mirada reflexiva de #pampita y el foco en los hijos y el vínculo real con su padre. 

#coparentalidad #crianzacompartida #fundacioncrianzacompartidachile",https://www.instagram.com/fundacion_crianza_compartida/p/DMIeOdqsnNh/
2025-07-14T21:22:29.000Z,37,0,NA,"Chile lidera la tasa de divorcios en Latinoamérica y atraviesa una transformación silenciosa pero profunda en sus hogares. Cada vez hay más familias fragmentadas, menos vínculos estables y una infancia que crece en medio del individualismo y la desconexión.

👶 ¿Quién sostiene a los niños cuando los lazos se rompen y las redes de apoyo desaparecen?

Desde la Fundación Crianza Compartida Chile, alertamos sobre los efectos invisibles de esta nueva realidad: aumento de hogares monoparentales, conflictos judicializados, y niños que pierden contacto con uno de sus padres, muchas veces sin justificación real.

Es urgente repensar la corresponsabilidad parental y construir comunidades que pongan a la infancia en el centro. Porque los niños no pueden crecer solos. 🧸❤️

#CrianzaCompartida #InfanciaPrimero #CorresponsabilidadParental #Chile #Divorcio #Soledad #NiñezInvisible #FundaciónCrianzaCompartida",https://www.instagram.com/fundacion_crianza_compartida/p/DMGmZ_yyeXr/
2025-07-14T15:20:13.000Z,156,10,NA,"Las falsas denuncias afectan tanto a hombres como a mujeres, pero se expresan distinto según el género.

Al hombre se le asocia con el estereotipo del agresor potencial. A la mujer, se le castiga si no encarna el modelo de “madre abnegada y perfecta”. 

En ambos casos, el sistema responde más a prejuicios que a hechos.

👶 ¿Y la infancia? Sigue siendo la más perjudicada. 

Desde Fundación Crianza Compartida Chile, trabajamos por un enfoque libre de sesgos, donde lo central sea siempre el bienestar de niños y niñas y su derecho a mantener vínculos con ambos padres.

#CrianzaCompartida #InfanciaPrimero #NiñezSinSesgos #FalsasDenuncias #CorresponsabilidadParental #fundacioncrianzacompartidachile #leyfalsasdenuncias
#librofalsasdenuncias",https://www.instagram.com/fundacion_crianza_compartida/p/DMF88l6s5Fl/
2025-07-11T13:38:06.000Z,70,22,NA,"En tu caso, , ¿cuánto se ha demorado tribunal de familia en resolver tus escritos por los incumplimientos de la relación directa y regular del progenitor/progenitora obstaculizador del vínculo?

¿ Te han aceptado los apremios solicitados y después de cuantos incumplimientos de la RDR ? 

¿ Cuáles apremios te han aceptado ? 

¿ Te han aceptado la solicitud de compensación de días ? .

Revisa el programa completo en @radiohoycl con la conducción de @tiohoy . 

#tribunaldefamilia #incumplimiento #vulneraciondederechosdelosniños #DerechosDeInfancia #RadioHoy",https://www.instagram.com/fundacion_crianza_compartida/p/DL-C4GsMg7N/
2025-07-11T12:36:41.000Z,43,2,NA,"¿La #lealtad es más potente que el amor? 

¿ Por cuál te inclinas tú ?",https://www.instagram.com/fundacion_crianza_compartida/p/DL972T6g9mB/
2025-07-10T22:29:35.000Z,42,2,NA,"Los abuelos tienen el derecho a demandar relación directa y regular con sus nietos pero los regímenes comunicacionales que les otorgan es mucho más escaso que el fe los progenitores no convivientes..

La #LeyCriianzaCompartida también incluye la posibilidad de que los abuelos puedan pasar tiempos significativos con sus nietos. 

#fundacioncrianzacompartidachile #abuelos #abuelas #leyhijitocorazón #leyabuelos",https://www.instagram.com/fundacion_crianza_compartida/p/DL8a54CSApy/
2025-07-10T17:45:22.000Z,564,58,NA,"#reflexión sobre #FalsasDenuncias .

¿ Qué opinas ? 

Pongamos fin a las Falsas Denuncias con la #LeyFalsasDenuncias - ¡Firma la petición! https://chng.it/pF2fGQrtS5 vía @changeorg_chile",https://www.instagram.com/fundacion_crianza_compartida/p/DL76YM-pFbF/
2025-07-10T13:52:08.000Z,48,0,NA,"Fraude de paternidad

¿Puede un hombre criar con amor a un hijo durante años… y luego descubrir que no es su padre biológico?

¿Y qué hace el Estado cuando eso ocurre?

¿ Alguien es sancionado y cómo se repara el daño emocional en el padre y el niño / a afectados ? 

Hace un tiempo fuimos invitados al programa Injusticia, conducido por la abogada Francisca Ogalde ( @franciscaogalde.cl ), para hablar sobre el fraude de paternidad: una forma de vulneración que aún no tiene una respuesta adecuada en nuestro sistema legal.

Desde la Fundación Crianza Compartida Chile, creemos que la verdad importa. Y que ningún padre o niño debiese construir vínculos sobre la base del engaño.
 

#FraudeDePaternidad #CrianzaCompartidaChile #JusticiaFamiliar #examenadn #FundaciónCrianzaCompartidaChile #fraudepaternal #impugnación",https://www.instagram.com/fundacion_crianza_compartida/p/DL7fsCmMcNA/
2025-07-09T20:14:23.000Z,41,7,NA,"La importancia de la #visitadomiciliaria en procesos de evaluación de habilidades parentales en familias judicializadas por Carolina Valenzuela ( @ps_perito_caroval ) . 

Se viene prontamente la segunda parte del taller de #habilidadesparentales y el segundo ciclo de #talleresdelacrianzacompartida . 

Atentos / as . 

#fundacioncrianzacompartidachile #perspectivadelainfancia #peritajespsicológicos",https://www.instagram.com/fundacion_crianza_compartida/p/DL5moxQyGuE/
2025-07-09T12:11:10.000Z,148,3,NA,"La estética de la culpa: ser inocente no da likes, parecer víctima s ( por Marco Bravo ) Artículo completo en el enlace en nuestras historias. 

#falseaccusations #FalsasDenuncias #presunciondeinocencia #nietsche #leyfalsasdenuncias #estética",https://www.instagram.com/fundacion_crianza_compartida/p/DL4vVl0AdQb/
2025-07-08T12:55:28.000Z,330,24,NA,"Sobre el caso #benjaminvicuña y #chinasuarez y la forma de responder a la #violenciadigital y #ViolenciaInstrumental de tu ex pareja. 

¿ Qué tipo de acusaciones hizo tu ex pareja por redes sociales luego de que no accediste a sus solicitudes extra judiciales y sin pensar en el bienestar de tus hijos ?",https://www.instagram.com/fundacion_crianza_compartida/p/DL2O5zcAwUd/
2025-07-08T02:13:41.000Z,150,11,NA,"Los papás demandan cuidado personal luego de una larga historia de interferencias parentales y para proteger los derechos de sus hijos. 

Este es el caso de @carlos_yanez_mad quien solo llegó a demandar el cuidado personal de sus hijos como forma de protegerlos del daño al cual estaban siendo expuestos y luego de un largo historial de interferencias parentales. 

¿Te perdiste la intervención de Fundación Crianza Compartida Chile en @radiohoycl ? 

Enlace de la sección disponible en nuestras historias con la conducción de @tiohoy y la intervención de @ps_perito_caroval 

https://youtu.be/XVsNlQe0VrQ?si=f5YHRDEtCr7Mmmqi",https://www.instagram.com/fundacion_crianza_compartida/p/DL1GKq3M_gr/
2025-07-07T23:32:29.000Z,85,17,NA,"❌ “No kids”: la exclusión infantil que no queremos ver

Lo que parece una moda —restaurantes sin niños, espacios “childfree”, discursos que los ridiculizan o los convierten en decoración— es en realidad una forma sofisticada de exclusión social.

Desde Fundación Crianza Compartida Chile alertamos sobre cómo el adultocentrismo borra la voz de la infancia:

👂 No se les escucha.

⚖️ No se les considera en decisiones que los afectan.

💬 Y en casos judiciales mediáticos, su voluntad es manipulada o ignorada.

Los niños no sobran. Nos están faltando como sociedad.

#NoKids #DerechosDeInfancia #Adultocentrismo #NiUnaInfanciaMenos #CrianzaCompartidaChile #PerspectivaDeInfancia #AutonomíaProgresiva #FundaciónCrianzaCompartidaChile",https://www.instagram.com/fundacion_crianza_compartida/p/DL0zA-_yzK7/
2025-07-07T18:36:31.000Z,153,14,NA,"Jueces de vacaciones o estudiando fuera del país ( como la hija del ex ministro de la Corte Suprema Sergio Muñoz , jueza que fallaba causas judiciales desde Italia ) mientras, supuestamente, se encontraban con licencia médica por enfermedad . 

Este puede ser el motivo por el cual te suspendieron una audiencia en tribunal de familia . 

88 jueces de la República de Chile salieron del país con licencia médica vigente . 

Todos los días los usuarios de tribunales de familia nos hacen llegar sus experiencias. Particularmente, cuando han sido citados a una audiencia en tribunal de familia y se la suspenden por falta de personal judicial y , principalmente, porque el juez o jueza titular de la causa está con LICENCIA MÉDICA. 

Nos quedamos con la pregunta que plantea el periodista #tomasmosciatti : ¿ Dará el @pjudicialchile una señal de transparencia y procederá a la sanción y eventual destitución de aquellos funcionarios que usaron de forma fraudulenta las licencias médicas? 

Déjanos tu opinión y/o experiencia al respecto y cómo te has visto afectado por las licencias médicas y ausencias laborales de magistrados y magistradas. 

#magistrados #licenciasmedicas #contraloría #dorothypérez #derechodefamilia",https://www.instagram.com/fundacion_crianza_compartida/p/DL0R2QnScPl/
2025-07-04T01:05:05.000Z,58,4,NA,"La Otra Lucha Materna no es visible para el Ministerio de la Mujer ( @minmujeryeg ) ni para ciertos feminismos que, en lugar de proteger el vínculo entre madres e hijos, han optado por profundizar la polarización de género.

Mientras muchas mujeres luchan por una crianza justa, por mantener a sus hijos fuera del conflicto, por construir vínculos sanos con el otro progenitor, el sistema les da la espalda. Porque no caben en el molde de víctima. Porque no militan el odio. Porque no instrumentalizan el dolor.

👁‍🗨 El sistema judicial en familia opera bajo sesgos: sospecha del padre por ser hombre y desconfía de la madre que no rompe con él o que elige el caminode la libertad y el desarrollo personal. El prejuicio no es neutro, pero tampoco justo. Varía según el género, pero perjudica a todos.

💬 Esta es La Otra Lucha Materna: la de madres que quieren justicia sin venganza, cuidado compartido sin castigo, y que entienden que los derechos de los niños no se garantizan desde el conflicto, sino desde el respeto mutuo.

📣 Es hora de que el Estado y sus instituciones escuchen a todas las mujeres. También a las que creen en la corresponsabilidad y que no teniendo el cuidado personal de sus hijos sufren la #ViolenciaInstrumental de sus ex parejas por intermedio del vínculo que tienen con sus hijos. 

#violenciainstitucional #crianzacompartida #fundacioncrianzacompartidachile #leycrianzacompartida #leyfalsasdenuncias #FalsasDenuncias #alienaciónparental #impedimentodevinculos #LaOtraLuchaMaterna #feminismo #igualdadantelaley",https://www.instagram.com/fundacion_crianza_compartida/reel/DLqq1gnsauw/
2025-07-03T19:52:05.000Z,233,51,NA,"En muchas causas de familia, la intervención de los curadores ad litem deja una profunda frustración: no entrevistan al niño, no detectan las vulneraciones, no representan su voz. Lo expresó con claridad @abogada.valdivieso en su video y lo confirmamos por experiencia propia.

Pero también existen excepciones que merecen ser visibilizadas.

Hoy queremos reconocer el trabajo serio y comprometido de la curadora que interviene en la causa de una niña que lleva años pidiendo vivir con su papá, y que ha enfrentado vulneraciones constantes bajo el cuidado materno.

Cuando un niño o niña habla con claridad, es deber de los adultos escuchar, proteger y actuar.

A estas profesionales que hacen la diferencia, todo nuestro respeto y reconocimiento.

La decisión final es de la jueza.  Esperemos que actúe con justicia y no con sesgo de género. 

#CuradorAdLitem #InfanciaPrimero #CuidadoCompartido #justiciafamiliar #FundaciónCrianzaCompartida",https://www.instagram.com/fundacion_crianza_compartida/p/DLqHUP-SzzR/
2025-07-02T01:20:29.000Z,104,10,NA,"Falsas denuncias contra padres de abuso y vi***ción por Vanessa Ferrer Radovich ( @vanessaferrerradovic ) . 

La falsa denuncia de ASI en contexto de separaciones conflictivas es conocida como la ""bala de plata"" cuando se busca anular al progenitor no conviviente y sacarlo completamente de la vida de los hijos. 

Hasta ahora , en Chile y toda #latam , no se había hablado de este fenómeno psico-jurídico que afecta a miles de familias y niños judicializados. 

Y todo indica que cada vez tomará las fuerza la temática hasta alcanzar un sistema institucional que permita la prevención y sanción de esta forma de conducta delictiva .

#FalsasDenuncias #LeyFalsasDenuncias #impedimentodevinculos #fundacióncrianzacompartida #CrianzaCompartida #NiñasNiñosYAdolecentes",https://www.instagram.com/fundacion_crianza_compartida/reel/DLliarSMZqP/
2025-07-01T16:37:15.000Z,200,16,NA,"Maritza Grobier ( @ladefensoralegalcoach ) realizó un taller de coaching legal para padres y este fue uno de los mensajes que dejó al finalizar. 

¿ Alguien te ha dicho o te ha hecho sentir que no eres importante en la vida de tus hijos ? 

¿ Alguien te ha dicho o hecho sentir que eres prescindible y cualquier otra persona puede ejercer tu rol ? 

Si fue así : NO LO CREAS . 

Tan importante como tener padres sanos para que los hijos crezcan en un ambiente amoroso y libre de violencia es abrir espacios de corresponsabilidad y copartícipación real en la vida de los hijos para los Buenos Padres Presentes .

#talleresdelacrianzacompartida #fundacioncrianzacompartidachile #maritzagrobier #equipoparental #PaternidadConsciente #desarrollópersonal #coaching",https://www.instagram.com/fundacion_crianza_compartida/p/DLknbgysNXc/
2025-06-30T17:05:48.000Z,66,14,NA,"Recientemente, se ha conocido que la actriz Mane Swett ( @maneswett ) no ha podido establecer comunicación con su hijo en Estados Unidos, ni siquiera para saludarlo por su cumpleaños, debido al traslado arbitrario de ciudad del padre . 

Desde Fundación Crianza Compartida Chile manifestamos nuestra profunda preocupación por este tipo de situaciones, donde el vínculo entre un niño y uno de sus progenitores se ve interrumpido sin justificación clara , vulnerando el derecho del niño a mantener relaciones significativas con ambos padres.

Estos hechos nos invitan a reflexionar con seriedad sobre las interferencias parentales y sus consecuencias invisibles. Cuando uno de los progenitores tiene la facultad fáctica de facilitar ( o impedir)  el contacto con el otro, incluso en una fecha tan significativa como un cumpleaños, no solo se transgrede un derecho humano básico: se produce un daño emocional difícil de reparar.

Recordamos que el interés superior del niño no puede usarse como argumento abstracto o arbitrario. Implica preservar los lazos afectivos, promover la estabilidad emocional y garantizar su desarrollo en un entorno libre de manipulaciones y exclusiones.

La infancia no puede ser rehén de conflictos entre adultos.

Créditos a @ceci.gutierrez

#ManeSwett #DerechosDeLaInfancia #CrianzaCompartida #InterferenciaParental #FundaciónCrianzaCompartidaChile #LaOtraLuchaMaterna #madresimpedidas",https://www.instagram.com/fundacion_crianza_compartida/reel/DLiEAqHAzOb/
2025-06-30T15:44:33.000Z,91,1,NA,"¿Qué tan desesperado debe estar un niño para convertirse en el único defensor del vínculo con su padre o madre excluido?

Hay hijos que resisten el impedimento de vínculos. Que no se rinden ante la alienación parental. Que, a pesar de todo, no olvidan.

Pero no debería ser su carga.
No debería ser su lucha.
No debería ser su responsabilidad defender el amor que el sistema judicial les quita.

Hace poco, en Los Andes, una niña pidió ser escuchada. Pero ni la jueza ni la consejera técnica la oyeron. Mientras tanto, la madre sigue manipulando. Y el tribunal se calla y posterga la audiencia .

⚠️ Cada día que pasa, es el sistema el que permite ( y por tanto, valida ) el daño.

Desde Fundación Crianza Compartida Chile preguntamos:

¿Hasta dónde va a llegar este abandono institucional disfrazado de “protección”?

👧🧒 La infancia necesita justicia real.
La justicia debe dejar de ser cómplice de las interferencias parentales. 

#InfanciaOlvidada #CrianzaCompartida #AlienaciónParental #VulneraciónSilenciosa #JusticiaFamiliar #FundaciónCrianzaCompartida #InterferenciasParentales",https://www.instagram.com/fundacion_crianza_compartida/p/DLh8mqPsgbs/
2025-06-30T14:39:14.000Z,73,7,NA,"¿Cómo saber si elegiste a la pareja equivocada para acompañar el proceso de crianza de tus hijos como padre o madre separado?

No toda relación de pareja es buena para una familia. Compartir la vida con alguien no garantiza que esa persona será una buena madrastra o padrastro.

Florinda Meza ( conocida por su papel de Doña Florinda en El Chavo del 8 ) dijo en una entrevista que Roberto Gómez Bolaños tenía “siete grandes defectos”, refiriéndose a sus seis hijos y su exesposa.

Una frase que revela un profundo desprecio por el rol de ese padre, su historia y su vínculo familiar.

💔 Gómez Bolaños había terminado una relación amorosa, no su rol como padre. Pero la hostilidad hacia su pasado familiar demuestra lo que muchas veces ignoramos: algunas parejas no están dispuestas a respetar ni integrar la paternidad o maternidad del otro.

En Fundación Crianza Compartida Chile, creemos que el bienestar de los niños y niñas debe estar siempre por sobre cualquier vínculo romántico. No se trata solo del amor entre adultos, sino de construir entornos seguros, afectivos y respetuosos para crecer.

👀 Si tu pareja:

Minimiza o invisibiliza a tus hijos

Compite por tu atención

Los trata con frialdad o autoritarismo

No respeta su mundo emocional

…es momento de preguntarte si esa relación suma o resta a tu paternidad o maternidad.

 Cuando eliges pareja, también eliges a quién dejarás entrar en la vida emocional de tus hijos. Y eso marca una diferencia en su historia.

#FundaciónCrianzaCompartidaChile #madrastras #padrastro #PaternidadConsciente #chespirito #parejas #corresponsabilidad",https://www.instagram.com/fundacion_crianza_compartida/p/DLhz34QsJjA/
2025-06-30T01:22:15.000Z,88,4,NA,"🎙️ Una historia de amor, lucha y paternidad.
Carlos Yañez es un papá que lo ha dado todo por sus hijos. En este capítulo de Una Mañana en @radiohoycl, nos comparte su testimonio lleno de fuerza, dolor y esperanza.

👨‍👧‍👦 Su historia refleja a miles de padres que siguen firmes, a pesar de todo.

🎧 Conduce @tiohoy
📺 Mira el episodio completo aquí 👉 https://youtu.be/XVsNlQe0VrQ?si=zyi6uhoZvZ5WWsSF

#PaternidadPresente #CrianzaCompartida #PadresQueLuchan #FundaciónCrianzaCompartidaChile #RadioHoy #CarlosYañez #DerechosDeInfancia #historiasqueinspiran",https://www.instagram.com/fundacion_crianza_compartida/p/DLgZ69fMV-l/
2025-06-29T23:43:08.000Z,29,0,NA,"@andreaguacci1 envía un saludo a Fundación Crianza Compartida Chile . 

Muchas gracias Andrea y a todas las personas que te acompañan en este camino de concientización y búsqueda de sanciones a las #FalsasDenuncias . 

#FundaciónCrianzaCompartidaChile #falseaccusations #falsasacusaciones #CrianzaCompartida #leycrianzacompartida #leyfalsasdenuncias",https://www.instagram.com/fundacion_crianza_compartida/reel/DLgOLlYy0bW/
2025-09-30T07:29:55.000Z,21,2,NA,"La alineación parental afecta a hijos y padres por igual y  crean traumas que a veces son imposibles de superar, hay que pensar primero en los hijos antes de hablar mal del progenitor no custodio solo por hacer daño, estás dañando a tu hij@ también.
#violenciavicaria 
#padresalejados 
#alienacionparental 
#violenciadomestica
#padres 
#hijas 
#hijos
#madres 
#invisible",https://www.instagram.com/invisiblemlg/reel/DLevOzmqeOX/
2025-06-27T23:30:25.000Z,128,8,NA,"¿Cuál es el mayor miedo de un padre o madre al ser judicializado?

¿Que no le crean? ¿Que lo separen de su hijo sin pruebas? ¿Que el sistema lo silencie?

El temor más profundo no es solo a un fallo injusto, sino a la pérdida del vínculo, al olvido forzado, a una infancia vivida sin uno de sus pilares.

Desde la Fundación Crianza Compartida Chile se acompaña a familias que enfrentan la desvinculación parental, la alta conflictividad judicial y las falsas denuncias.

Se trabaja por un sistema que proteja los vínculos sanos, respete la corresponsabilidad y ponga a la infancia en el centro.

La infancia no puede ser usada como campo de batalla.

Puedes ver en programa completo en el siguiente enlace ➡️ https://youtu.be/XVsNlQe0VrQ?si=o8uzzacmtluXns7E

#CrianzaCompartida #InfanciaPrimero #JusticiaFamiliar #NoMásDesvinculación #FundaciónCrianzaCompartidaChile",https://www.instagram.com/fundacion_crianza_compartida/p/DLbDhvDy75e/
2025-06-27T16:59:55.000Z,87,8,NA,"¿Son los padrastros un factor de riesgo en el maltrato infantil?

La pregunta puede incomodar, pero es necesaria. Diversas investigaciones internacionales han observado que los cuidadores no biológicos, particularmente padrastros y madrastras, podrían representar un mayor riesgo de maltrato físico y abuso en comparación con progenitores biológicos. Uno de los estudios más citados, realizado por Daly y Wilson (1985), identificó que el riesgo de abuso severo aumenta significativamente en contextos donde hay adultos no biológicos al cuidado de los niños. Investigaciones más recientes, como la de Gavin Nobes (2019), confirman este riesgo, aunque lo ajustan a una probabilidad entre 6 y 16 veces mayor.

Pero ¿qué hacemos con esta información? ¿Estigmatizamos a las familias reconfiguradas?

Desde la Fundación Crianza Compartida Chile, promovemos una crianza respetuosa, libre de violencia, sin importar el género ni el rol familiar de quien la ejerza. Valoramos la diversidad de formas familiares, incluyendo las familias reconstituidas donde la figura del padrastro o madrastra puede representar un vínculo significativo y amoroso para niños y niñas.

Reconocer que pueden existir situaciones de mayor vulnerabilidad no significa negar el valor de esos vínculos, sino más bien fortalecer la vigilancia, la prevención y el apoyo a estas familias, poniendo siempre en el centro el bienestar de la infancia.

La diversidad familiar no es el problema. La violencia, venga de donde venga, sí lo es.

📌 Nuestro compromiso: infancia protegida, vínculos sanos, crianza libre de violencia.

#InfanciaPrimero
#perspectivadelainfancia #padrastros #madrastra #familiasensambladas",https://www.instagram.com/fundacion_crianza_compartida/p/DLaWQ5ascFE/
2025-06-27T12:42:47.000Z,17,2,NA,"🎥 Si hoy fuera tu último día… ¿qué te dolería no haber hecho?

Tal vez habrías hecho ese llamado.
Tal vez habrías pedido perdón.
Tal vez habrías luchado con más fuerza por estar con tu hijo o hija.
O simplemente, habrías querido tener un día más para abrazarles.

En la Fundación Crianza Compartida Chile acompañamos a madres, padres y familias que enfrentan procesos difíciles, dolorosos, a veces injustos…

Pero que, a pesar del cansancio, siguen aquí, amando, esperando y resistiendo.

Hoy te invitamos a hacerte una pregunta sencilla, pero profunda:

Si este fuera tu último día, ¿de qué te arrepentirías?

¿Qué vínculo soñaste construir con tu hijo o hija?

¿Qué pasos podrías dar hoy para acercarte a eso?

Porque el tiempo no siempre espera.
Y porque muchas veces el amor necesita valentía, pero también presencia.

Estás a tiempo. Todavía estás a tiempo.

#CrianzaCompartida #InfanciaConAmbosPadres #FundaciónCrianzaCompartidaChile #TiempoConSentido #AmorPresente #FamiliasQueResisten #corresponsabilidadparental",https://www.instagram.com/fundacion_crianza_compartida/p/DLZ5axmgFD2/
2025-06-26T18:05:02.000Z,60,3,NA,"¿ Qué son las interferencias parentales? Responde @ps_perito_caroval 

¿ Te perdiste la sección de Fundación Crianza Compartida Chile en @radiohoycl con la conducción de @tiohoy ? No te preocupes 😉 Te compartimos el enlace en nuestras historias. 

#InterferenciasParentales
#alienacionparental
#ImpedimentoDeVínculo #sustraccióndemenores #sustitucionparental #fundacioncrianzacompartidachile",https://www.instagram.com/fundacion_crianza_compartida/p/DLX5gGUp4sl/
2025-06-26T13:12:42.000Z,263,11,NA,"Ser padre presente no te hace menos hombre. Te hace más humano, más valiente, más necesario.

Mientras algunos aún miden la masculinidad por el dinero que se gana afuera, otros entendimos que el verdadero valor también está en lo que se construye dentro del hogar.

Desde la Fundación Crianza Compartida Chile defendemos el derecho de niñas y niños a crecer con ambos padres activos. Y también el derecho de los hombres a ejercer su paternidad sin prejuicios, sin vergüenza, sin ser tratados como menos por elegir estar.

Porque cuidar no es rendirse. Es resistir.
Es amar.
Es transformar.

Créditos a @ctrl.alt.del.team

#CrianzaCompartida #PaternidadPresente #MasculinidadesPositivas #InfanciaPrimero #fundacióncrianzacompartidachile",https://www.instagram.com/fundacion_crianza_compartida/p/DLXX-EBssG-/
2025-06-26T01:42:19.000Z,41,3,NA,"¿Cuál es el mayor miedo que has sentido como padre?

Esta pregunta marcó un momento clave en el taller realizado por la abogada y coach Maritza Grobier ( @ladefensoralegalcoach ). La respuesta que más se repitió fue tan dolorosa como reveladora:
👉 “Que no me crean. Que el sistema judicial no escuche mi verdad.”

En Fundación Crianza Compartida Chile sabemos que este miedo no es aislado. Es el reflejo de un sistema que muchas veces invalida, silencia y sospecha por defecto del rol paterno, incluso cuando hay amor, compromiso y presencia.

💬 Por eso, Maritza les dedicó unas palabras a esos padres que luchan cada día por ejercer su derecho a cuidar y a criar .

📣 En Chile urge una transformación profunda del sistema judicial de familia. Una que reconozca la corresponsabilidad real y ponga al centro el derecho de niños y niñas a mantener vínculo con ambos padres.

#CrianzaCompartida #CorresponsabilidadParental #NoEstásSolo #FundaciónCrianzaCompartidaChile #JusticiaFamiliar #PadresPresentes #ReformaUrgente #VínculoParental #LaOtraLuchaPaterna",https://www.instagram.com/fundacion_crianza_compartida/p/DLVu5chS9W7/
2025-06-25T18:25:25.000Z,272,46,NA,"💔 Cuando el amor por un hijo no tiene precio 💔

Mane Swett vendió dos departamentos para seguir luchando judicialmente por su hijo, retenido por el padre en Estados Unidos desde 2023. Más de 160 millones de pesos destinados no al lujo, sino a la esperanza de volver a abrazarlo.

Porque cuando un hijo está lejos —por decisiones ajenas, por sistemas lentos o injustos—, una madre o un padre es capaz de entregarlo todo: su tiempo, su salud mental, su estabilidad económica… todo, por justicia y por amor.

🧷 En cada causa de familia hay una historia invisible de sacrificios. No todas son públicas. No todas tienen voz. Pero todas merecen ser escuchadas.

Fuerza @maneswett #LaOtraLuchaMaterna , la lucha de aquellas madres que lo dan todo por recuperar el vínculo con sus hijos. 

📣 La infancia no puede esperar. La justicia tampoco.

#CrianzaCompartida #InfanciaPrimero #JusticiaFamiliar #ManeSwett #fundacióncrianzacompartidachile",https://www.instagram.com/fundacion_crianza_compartida/p/DLVXCf9JGCc/
2025-06-25T14:05:38.000Z,42,3,NA,"Vanessa Ferrer Radovich ( @vanessaferrerradovic ) impartió un taller para los integrantes de Fundación Crianza Compartida Chile. 

En este taller los papás y mamás pudieron aprender - entre otras cosas - cuándo y cómo objetar una liquidación de deuda de pensión alimenticia. 

#tallergratuito #talleresdelacrianzacompartida #fundacioncrianzacompartidachile #vanessaferrer #pensionalimenticia #liquidacióndeudas",https://www.instagram.com/fundacion_crianza_compartida/p/DLU5TXesvKe/
2025-06-25T13:42:12.000Z,266,32,NA,"👦🏻👨‍👩‍👦 El derecho del niño a estar con ambos padres es prioridad.
La justicia de Mendoza intervino para que un niño pueda recuperar el vínculo con su padre, luego de que su entorno materno lo obstaculizara.

👉🏻Proteger la relación padre-hijo es clave para su bienestar.

❓Qué opinas de este fallo?
👉🏻Dejame tu comentario⬇️⬇️⬇️

Si necesitas asesoramiento legal, no dudes en contactarme!
📞+54 9 11 4916 1178
📧monicamarchisella@gmail.com
✨¡Gracias por visitar mi perfil

#abogada #abogadamediadora
#abogadadefamilia
#monicamarchisella #familia
#divorcios  #sucesiones #asesoramientolegal #nordelta #caba #derechosdelniño #interessuperiordelniño #responsabilidadparental #bienestarinfantil",https://www.instagram.com/monicamarchisella/p/DLU2oEsAJDX/
2025-06-25T12:52:55.000Z,109,2,NA,"Es tan importante que los hijos se sientan vistos 🤗 y tan importante como eso es permitirles amar y compartir su vida con ambos padres ☝️♥️

#PaternidadConsciente
#corresponsabilidadparental #fundacioncrianzacompartidachile #hijos 

Créditos a @ellibrodedago",https://www.instagram.com/fundacion_crianza_compartida/reel/DLUwT9oMUiY/
2025-06-25T00:59:55.000Z,353,46,NA,"Estar en una fiesta, pero no puede disfrutar del todo. ¿ Te ha pasado ? 

Cuando un padre es separado injustamente de su hijo, la culpa aparece incluso en los momentos de alegría.

Piensa en su hijo, en lo que no comparte, en lo que se está perdiendo. Y duele.

Esto no es raro, es cotidiano. Le pasa a miles de padres en Chile y el mundo quienes, sin haber cometido ninguna falta, han sido apartados de sus hijos por decisiones judiciales lentas, sesgadas o manipuladas.

La desvinculación parental no es solo un conflicto familiar: es una forma de violencia invisibilizada, que vulnera el derecho de los niños a mantener contacto con ambos progenitores.

En Fundación Crianza Compartida Chile trabajamos para que estas historias no se repitan. Por una justicia que proteja el vínculo y por una infancia libre de interferencias.

#InterferenciasParentales #FalsasDenuncias #ImpedimentoDeVínculo #alienacionparental #violenciainfantil #DerechosDeInfancia",https://www.instagram.com/fundacion_crianza_compartida/p/DLTfZDCpD1p/
2025-06-24T22:27:53.000Z,10,0,NA,"¡No te pierdas #LaMañanaEnlaHoy!, Tendremos los mejores invitados:

1.⁠ El comediante Simón “El Jipi” Valdivia que presenta su gira humorística en Santiago

2.⁠ Nos visita la Fundación Crianza Compartida Chile que nos enseña sobre la obstrucción parental.

Conduce Tío Hoy, desde las 10:00 de la mañana solo por radiohoy.cl, canal 198 de Zapping y canal 649 de Binet",https://www.instagram.com/radiohoycl/p/DLTN_iaRdGY/
2025-06-24T21:08:49.000Z,49,5,NA,"#FraudeDePaternidad 

📌 Fraude de paternidad también es violencia
Cuando un niño crece con una identidad construida sobre una mentira, no solo se vulnera el derecho de ese hombre a la verdad y a la justicia, también se afecta gravemente el derecho a la identidad del niño o niña.

Desde la Fundación Crianza Compartida Chile, creemos que toda persona tiene derecho a saber de dónde viene, quién es su verdadero padre y a construir vínculos basados en la verdad, no en el engaño.

El fraude de paternidad no es un “error registral”, es una forma de violencia institucional y familiar que debe ser visibilizada y abordada con perspectiva de infancia , corresponsabilidad parental y derecho a la verdad. 

#DerechoALaIdentidad #FraudeDePaternidad #CrianzaCompartida #CorresponsabilidadParental #NiñezPrimero #fundacióncrianzacompartidachile",https://www.instagram.com/fundacion_crianza_compartida/p/DLTE8QGyGKr/
2025-06-24T18:09:52.000Z,44,3,NA,"A los hombres también les duele, pero pocos los escuchan.

Se les exige ser fuertes, resolverlo todo, no quebrarse. Pero ¿quién los sostiene cuando colapsan?

Pedirle a un hombre que sea vulnerable mientras lo corriges, minimizas o lo tratas como hijo, no es apoyo. Es repetir el mismo sistema que después criticamos.

 La salud mental masculina también es un asunto colectivo. Dejemos de romantizar al hombre que “aguanta solo” y empecemos a construir redes que lo abracen sin juzgar.

Video de Melina Aparicio ( @apariciomeli ) 

#HombresTambiénSufren #JusticiaEmocional #fundacióncrianzacompartidachile #crianzacompartidachile #MasculinidadConsciente #hombresmerecenempatía #PadresJudicializados",https://www.instagram.com/fundacion_crianza_compartida/p/DLSwdsnpTeK/
2025-06-24T14:39:03.000Z,24,6,NA,"¿ Cuál debiera ser la orientación de los programas de @servicioproteccion en intervención con familias y niños judicializados? Comenta @ps_perito_caroval

Comenta y comparte ♥️

#vulneracióndederechos #impedimentodevinculos #falsasdenuncias #crianzacompartida #fundacioncrianzacompartidachile",https://www.instagram.com/fundacion_crianza_compartida/p/DLSYVmBseJc/
2025-06-24T14:00:05.000Z,57,4,NA,#madrastras #Madres #hijastros #fundacioncrianzacompartidachile #coparentalidad #derechosdelosniños,https://www.instagram.com/fundacion_crianza_compartida/reel/DLSTTwNsq1E/
2025-06-24T04:06:46.000Z,439,45,NA,"Francisco Ghisoni, hijo de Pablo Ghisoni, toma la palabra en el Congreso argentino para contar una verdad incómoda: su madre denunció falsamente a su padre. Años de dolor, violencia instrumental y lucha para finalmente encontrar un punto de esperanza y visibilizar cómo las falsas denuncias también destruyen la infancia.

Pablo fue víctima del sistema, de un relato manipulado y de una justicia que tardó demasiado. Su hijo hoy da testimonio, no solo como hijo, sino como sobreviviente del silencio impuesto.

Gracias por compartir el video. Tu mirada ayuda a que estas historias no se repitan.

El video final fue cedido por @mariajosebianchicalendino quien vivió en primera persona este momento de sincronía, descubrimiento y sanación a través de la lectura de su libro. 

#FalsasDenuncias #CorresponsabilidadParental #DerechoInfancia #FranciscoGhisoni #PabloGhisoni #crianzacompartida",https://www.instagram.com/fundacion_crianza_compartida/p/DLQwQ9Qyp_V/
2025-06-23T20:30:16.000Z,41,3,NA,"Fui derivado a un programa por una causa de protección y, durante el proceso, me enteré de que ocurrían nuevas vulneraciones de derechos hacia mi hijo. 

¿ Qué hago ? Responde @rita_castro_32 

#medidasdeprotección #vulneraciondederechosdelosniños #DerechosDeInfancia #fundacioncrianzacompartidachile",https://www.instagram.com/fundacion_crianza_compartida/p/DLQbvGTS8t8/
2025-06-23T15:16:21.000Z,71,6,NA,"#consejos de #pensiónalimenticia para evitar ser un #deudoralimentario involuntario . 

#PensiónAlimenticia #corresponsabilidadeconómica #fundacióncrianzacompartidachile",https://www.instagram.com/fundacion_crianza_compartida/p/DLP30CLsY07/
2025-06-23T12:10:37.000Z,103,11,NA,"En Perú comienza la tramitación de la #leyfalsasdenuncias y un padre entrega un relato desgarrador . 

#FalsasDenuncias #impedimentodevinculos #presuncióndeinocencia #perù",https://www.instagram.com/fundacion_crianza_compartida/reel/DLPiicdgnwe/
2025-06-21T14:00:29.000Z,94,9,NA,"Claudia Casanga de @hombresmaltratadoschile participó en el reportaje sobre #FraudeDePaternidad realizado por la periodista @catarramirez en el medio @eldesconcierto .

Hoy sortearemos 5 giftcard de atención jurídica con Claudia Casanga entre los asistentes de la actividad presencial en @rancholaesperanza.cl . 

#fundacioncrianzacompartidachile #hombresmaltratadoschile '#rancholaesperanza #MesDelPadre #fraudepaternal #fraudedeidentidad",https://www.instagram.com/fundacion_crianza_compartida/p/DLKljn-MOuD/
2025-06-21T12:30:39.000Z,43,8,NA,"🤚 #LaOtraLuchaMaterna no es un caso aislado. Es el reflejo de una realidad cada vez más visible: madres que, sin tener el cuidado personal de sus hijos, sufren impedimentos injustificados de contacto.

Como Nathy, hay muchas. Y detrás de cada madre o padre desvinculado, hay un niño o niña creciendo sin una de sus figuras fundamentales.

En Fundación Crianza Compartida Chile trabajamos por una sociedad que entienda que las interferencias parentales no tienen género. La desvinculación parental duele, lastima y deja huellas profundas en la infancia.

👣 No más exclusiones. No más silencios. La infancia necesita a sus dos padres presentes.

📢 Súmate, comparte, visibiliza. Hablemos de #CorresponsabilidadParental y construyamos juntos una nueva mirada sobre el vínculo familiar.

#FundaciónCrianzaCompartida #InfanciaPrimero #CorresponsabilidadParental #DesvinculaciónParental  #NoMásImpedimentosDeContacto",https://www.instagram.com/fundacion_crianza_compartida/reel/DLKbMArM3SI/
2025-06-20T21:47:37.000Z,28,1,NA,"¿ Qué ven los programas de @servicioproteccion cuando evalúan a padres y familias aglutinadas? 

En el taller realizado por EstefanyRiquelme ( @soytupsico_loga ) perito integrante de Fundación Crianza Compartida Chile se abordó un tipo de estructura familiar llamada Familia Aglutinada y aquí profundizamos un poco más. 

En Fundación Crianza Compartida Chile®️ hemos observado que, en causas judicializadas, el sistema de protección suele identificar a las familias aglutinadas como estructuras de riesgo, especialmente en informes periciales. 

Si , de riesgo ( hemos visto informes donde las profesionales sin entrevistar a involucrados o personas nombradas en informes sugieren medidas cautelares como suspensión de régimen comunicacional a abuelos o limitación en los tiempos de visitas a padres no convivientes ) 

 Una familia aglutinada es aquella donde los límites entre sus miembros están poco definidos. Se espera lealtad desmedida, hay control emocional y poca autonomía entre generaciones.

📋 En las evaluaciones se detectan patrones como: 

ℹ️ Varios adultos asumiendo funciones parentales sin coordinación.
ℹ️ Sobreinvolucramiento en las decisiones de niñas, niños y adolescentes.
ℹ️ Dificultades para permitir y respetar vínculos con ambos cuidadores.

Estas dinámicas, si no se acompañan adecuadamente, pueden afectar el desarrollo emocional y la construcción de relaciones saludables.

⚠️ La intervención no debería centrarse en castigar la estructura familiar, sino en ordenar los roles, establecer límites funcionales y favorecer una convivencia que permita relaciones claras, seguras y respetuosas para todos sus integrantes evitando el sesgo en la intervención y no colocando como primera opción la desvinculación o suspensión de RDR 

#FamiliaAglutinada #EvaluaciónPericial #SistemaDeProtección #psicologiasistêmica #vinculossaludables #prm #ppf #dce #aft",https://www.instagram.com/fundacion_crianza_compartida/p/DLI2NANS8SV/
2025-06-20T13:47:33.000Z,281,15,NA,"La youtuber , activista y escritora @valensinfiltro_  estuvo presente en el Congreso Interdisciplinario sobre Alienación Parental y Violencia Familiar y aprovechamos de preguntarle : ¿ Por qué cree que la alienación parental debe ser considerada una forma de violencia intrafamiliar ? 

También les dejó un saludo 👋 a todos ustedes. 

Agradecimientos a @ceap.argentina por la organización del evento. 

#alienaciónparental #ManipulaciónAfectiva #manipulaciónpsicológica",https://www.instagram.com/fundacion_crianza_compartida/p/DLH_RBxs0BQ/
2025-06-20T12:42:11.000Z,52,1,NA,"🔍 Efectos positivos de un cambio de cuidado personal en causas de protección
Con @rita_castro_32 | Abogada Fundación Crianza Compartida Chile ®️

Cuando un niño, niña o adolescente vive una situación de vulneración grave de derechos —como dormir bajo un puente, exposición al consumo problemático de drogas, a  producción de contenido sexual, abuso, agresiones físicas o violencia psicológica— no basta con considerar el cambio de cuidado personal como una ""medida excepcional"".

📍 Proteger de verdad significa intervenir cuando el entorno del cuidador principal pone en riesgo el sano y pleno desarrollo del niño, especialmente si además se suman conductas como el impedimento de contacto, la sustracción parental, los cambios arbitrarios de domicilio o el intento de borrar al otro progenitor de la vida del hijo.

Mantener el statu quo por una supuesta “estabilidad” es perpetuar el daño.

⚖️ En esta intervención, nuestra abogada expone de manera clara y objetiva por qué un cambio de cuidado personal puede ser una medida de protección real y urgente para restituir derechos y restablecer vínculos seguros.

#CuidadoPersonal #ProtecciónInfantil #CrianzaCompartida #DerechosDeLaInfancia #FundaciónCrianzaCompartida",https://www.instagram.com/fundacion_crianza_compartida/p/DLH3yKpgUan/
2025-06-19T18:34:40.000Z,790,79,NA,Pongamos fin a las Falsas Denuncias con la #LeyFalsasDenuncias - ¡Firma la petición! https://chng.it/pF2fGQrtS5 vía @changeorg_chile,https://www.instagram.com/fundacion_crianza_compartida/p/DLF7U7lp7EU/
2025-06-19T18:13:35.000Z,97,9,NA,"Natalia Cabezas es integrante del equipo legal de Fundación Crianza Compartida Chile y una profesional comprometida con la perspectiva de infancia y el interés superior de los niños y niñas en situación de vulneración de derechos. 

#medidadeproteccion #fundacioncrianzacompartidachile #interessuperiordelniño #perspectivadelainfancia",https://www.instagram.com/fundacion_crianza_compartida/p/DLF46odJYg-/
2025-06-19T16:05:11.000Z,236,13,NA,"Se entiende que los ex se peleen porque pueden desear sostener un vínculo…
Pero cuando hay hijos, ese deseo es también de reconocimiento. A través del conflicto muchos padres y madres comunican : "" estoy aquí "" , "" me descartaste como hombre o como mujer pero sigo siendo el padre o madre de nuestro hijo "" . 

Cuando una pareja se separa y hay hijos/as en común, muchas veces el conflicto no gira en torno al amor que terminó, sino al anhelo profundo de seguir siendo reconocidos como madres o padres presentes.

💬 No es que quieran volver. Lo que muchas veces quieren es que su rol como cuidadores no desaparezca con la ruptura.

Desde la Fundación Crianza Compartida Chile®️, trabajamos para que ese derecho al reconocimiento y a la corresponsabilidad parental no dependa del vínculo de pareja, sino del vínculo construido históricamente con sus hijos. 💛

#CrianzaCompartida #CorresponsabilidadParental #InfanciaPrimero #DerechosDeLosNiños #PadresSeparados #MadresSeparadas #reconocimientoparental #PadresSeparadoa",https://www.instagram.com/fundacion_crianza_compartida/p/DLFqOJ4M3ze/
2025-06-19T13:19:55.000Z,63,2,NA,"💛 Porque toda madre y padre que lucha por sanar merece una nueva oportunidad..

#fundacioncrianzacompartidachile #Revinculación #reparacion #hijos #madres #maternidad",https://www.instagram.com/fundacion_crianza_compartida/p/DLFXTvXs55X/
2025-06-18T22:13:00.000Z,168,27,NA,"Reflexión desde Fundación Crianza Compartida Chile®️

La reciente exposición mediática del conflicto entre Juan Pablo Sáez (@juanpablosaezactor ) y su ex pareja visibiliza una realidad dolorosa: cuando los adultos se enfrentan, muchas veces quienes más sufren son las niñas y niños.

Escuchar frases como “no te elegí” o “eres el peor papá” en boca de una niña de 12 años nos remueve profundamente. Más aún cuando el lenguaje utilizado parece adultizado, lo que ha llevado a varios a preguntarse si hay un adulto detrás de sus palabras.

🤕 En nuestra experiencia, esto puede ser reflejo de violencia instrumental, donde se utiliza la voz del hijo o hija como arma en la disputa. O también puede ser el resultado de una niña atrapada en medio de una batalla emocional, expresando un malestar que no le pertenece, producto de la exposición constante al conflicto entre sus padres.

👧 La infancia no debe ser parte del conflicto.
Nuestro llamado es claro: protejan a sus hijas e hijos.
💬 Fomenten el diálogo, acudan a mediación, y no conviertan a los niños en mensajeros del dolor adulto.

Criar no es ganar discusiones.
Criar es construir puentes.
Y el foco debe estar siempre en su bienestar, no en la exposición pública de los conflictos.

👂 Que la voz de la niña sea escuchada, pero nunca instrumentalizada.
👶 Que su derecho a ser niña, a sentirse segura y protegida, esté por sobre todo.

#CrianzaCompartida #InfanciaPrimero #ProtejamosLaInfancia #NoMásViolenciaInstrumental #JuanPabloSáez #ConflictosFamiliares #FundaciónCrianzaCompartidaChile",https://www.instagram.com/fundacion_crianza_compartida/reel/DLDvRJ4yQtZ/
2025-06-17T16:11:27.000Z,61,1,NA,"¿Se puede tenerlo todo y sentirse vacío por dentro?

Hace algunos años, un padre con una vida aparentemente estable —éxito profesional, reconocimiento social, buena situación económica— tomó una decisión trágica: se lanzó desde el balcón de su departamento, ubicado en uno de los barrios más acomodados da LA, EEUU. 

No fue una decisión impulsiva. Fue el desenlace de años de desconexión con su hijo, tras una separación conflictiva que rompió el vínculo y cerró las puertas al diálogo y a la reparación.

Lo hizo al día siguiente del Día del Padre.

No era pobreza material: era soledad, dolor y ausencia de sentido.

Porque cuando a un padre se le impide ejercer su rol, algo profundo se quiebra por dentro.

Desde Fundación Crianza Compartida Chile, levantamos la voz por todos los padres y madres que han sido alejados injustamente de sus hijos.
Porque la salud mental también importa.
Porque la paternidad necesita ser protegida, valorada y respetada.

📢 Que nunca más el amor por un hijo se transforme en una condena silenciosa.
📢 Hablemos de paternidad, salud mental y reparación.

Charla @lewishowes

#CrianzaCompartidaChile #PaternidadPresente #DesvinculaciónParental #SaludMental #JusticiaFamiliar #PadresSeparados #DíaDelPadre #lewishowes",https://www.instagram.com/fundacion_crianza_compartida/reel/DLAggBlsFtd/
2025-06-16T14:39:14.000Z,127,2,NA,"¿Sabías que puedes pedir tus vacaciones en el mismo periodo que las de tus hijos e hijas?

Post rnfocdo en derechos laborales de padres convivientes y no convivientes con sus hijos.

Cuéntanos tu experiencia con el uso y aplicación de esta normativa en tu trabajo 👉 

¿ Crees que se debiera avanzar en la inclusión de padres o madres separados en toda ley que favorezca el vínculo y la parentalidad positiva con los hijos ?",https://www.instagram.com/fundacion_crianza_compartida/p/DK9x_8SMXpS/
2025-06-15T17:56:32.000Z,171,15,NA,"¡Feliz día del padre!
Hoy no solo celebramos a los padres. Hoy recordamos que los padres son imprescindibles para la vida de sus hijos. 

A los papás presentes, activos, amorosos, que cada día luchan por estar, por cuidar, por construir vínculos sanos con sus hijos e hijas: gracias por sostener con ternura una paternidad comprometida y transformadora.

Y también, con fuerza y respeto, abrazamos a todos los padres que han sido injustamente separados de sus hijos e hijas. A quienes enfrentan el dolor de la desvinculación, de la sospecha injusta, del juicio social que los reduce y deshumaniza. Sabemos que no es la ausencia de amor lo que los aleja, sino un sistema que muchas veces no los escucha, no los entiende, ni los respeta como cuidadores legítimos.

En este Día del Padre, levantamos un mensaje claro:
👉🏽 La paternidad importa.
👉🏽 Los padres también sienten, también sufren, también luchan.
👉🏽 Ser papá no es un privilegio: es un derecho y una responsabilidad que merece ser valorada.

Desde Fundación Crianza Compartida Chile creemos en una paternidad basada en el amor, la corresponsabilidad, la empatía y la justicia. 

Seguiremos trabajando para que ningún niño o niña crezca privado injustamente del amor de su padre.

A cada papá que sigue amando, esperando y resistiendo:
¡Feliz Día del Padre!
Tu lucha también es amor.

#DíaDelPadre #CrianzaCompartida #PaternidadPresente #PaternidadDesvinculada #HumanizarLaPaternidad",https://www.instagram.com/fundacion_crianza_compartida/reel/DK7jbFkpQqy/
2025-06-14T21:29:30.000Z,85,7,NA,"Libros imprescindibles en tu biblioteca: 

1. Interferencias parentales : EXPERIENCIAS DESDE EL DERECHO DE FAMILIA Y LA PSICOLOGÍA FORENSE. 

2. Falsas Denuncias: una investigación de padres denunciados de abuso sexual. 

Participación de Fundación Crianza Compartida Chile con representación de @ps_perito_caroval
en el programa #lamentedetrasdelamarca con la conducta de @crebolledoh_oficial

¿ Ya leíste ambos libros ? 

#InterferenciasParentales #Alienaciónparental #impedimentodevinculos #FalsasDenuncias #fundacioncrianzacompartidachile",https://www.instagram.com/fundacion_crianza_compartida/reel/DK5WvzKyL_C/
2025-06-14T14:45:26.000Z,355,33,NA,"Las falsas denuncias por violencia de género y abuso deben recibir penas equivalentes a la pena que hubiera recibido el falso denunciado . Destruir la vida de una persona no puede ser un acto gratuito #LeyFalsasDenuncias 🙌

Nuestros agradecimientos a @ocultocracia por abordar esta temática que hoy en día tiene a cientos de niños y niñas víctimas de falsas denuncias expuestos a procesos judiciales violentos y sin perspectiva de infancia. 

¿ Estás  de acuerdo ?",https://www.instagram.com/fundacion_crianza_compartida/reel/DK4oQyVsLD1/
2025-06-13T19:22:40.000Z,42,0,NA,"Fundación Crianza Compartida Chile con representación de integrantes del Equipo Legal se hizo presente en @radiohoycl .

Se estuvo hablando de las medidas de protección y vulneración de derechos a niños, niñas y adolescentes. 

#medidasdeprotección #vulneraciondederechosdelosniños #vulneracióndederechos #impedimentodevinculos #fundacioncrianzacompartidachile",https://www.instagram.com/fundacion_crianza_compartida/reel/DK2jaHPy-dB/
2025-06-13T15:04:46.000Z,19,1,NA,"Hoy en @radiohoycl estará presente el equipo legal de Fundación Crianza Compartida representado por Rita Castro y Natalia Cabezas.

#fundacioncrianzacompartidachile #equipolegal",https://www.instagram.com/fundacion_crianza_compartida/p/DK2GXxuMmim/
2025-06-13T13:36:29.000Z,285,13,NA,"¿Qué daña más el rendimiento escolar? ¿El divorcio o el conflicto entre padres?

Por #fundacióncrianzacompartidachile 

Déjanos tu opinión o experiencia. 

¿ Crees que el Estado debe implementar programas de prevención de separaciones conflictivas y acompañamiento a familias en conflicto ?",https://www.instagram.com/fundacion_crianza_compartida/p/DK18bmngCvG/
2025-06-12T14:15:24.000Z,192,1,NA,"Si eres mamá y estás pasando por un mal momento, este consejo es para ti .

Créditos a Valila 🦥

#consejos #maternidadereal #LaOtraLuchaMaterna #madresimpedidas",https://www.instagram.com/fundacion_crianza_compartida/reel/DKzaMbyMza7/
2025-06-12T01:07:17.000Z,209,19,NA,"@crebolledoh_oficial habla de #FalsasDenuncias y la experiencia de una persona conocida. 

#FalsasDenuncias #falselyacussedday #JavierRebolledo #LibroFalsasDenuncias",https://www.instagram.com/fundacion_crianza_compartida/reel/DKyBnACpINB/
2025-06-11T13:17:06.000Z,64,7,NA,"⚖️ Un fallo que pone en el centro la voz de los más chicos.
Aunque había un acuerdo previo, los hijos se negaron a volver con su mamá. 
👉🏻La Corte decidió respetar lo que ellos sienten y piensan. 🧠💬👧👦

❓Qué opinas de este fallo?
👉🏻Dejame tu comentario⬇️⬇️⬇️

Si necesitas asesoramiento legal, no dudes en contactarme!
📞+54 9 11 4916 1178
📧monicamarchisella@gmail.com
✨¡Gracias por visitar mi perfil

#abogada #abogadamediadora
#abogadadefamilia
#monicamarchisella #familia
#divorcios  #sucesiones #asesoramientolegal #nordelta #caba #derechosdelniño #interessuperiordelniño",https://www.instagram.com/monicamarchisella/reel/DKwwkQ8gFzn/
2025-06-11T12:15:35.000Z,100,1,NA,"💔 Cuando el amor termina: La lógica del descarte

Cuando el amor termina, no solo muere una historia: se quiebra una verdad compartida, una construcción de dos que transformaba la manera en que veíamos el mundo. Pero hoy, muchas rupturas se viven con la lógica del consumo: descartamos al otro cuando ""ya no sirve"", como si pudiéramos elegir y cambiar afectos como si fueran productos.

Alain Badiou, el filósofo francés, lo dice así: 

""¿Por qué habría de exponerme al sufrimiento de la aceptación de la totalidad del otro? Lo mejor sería extraer de él lo que mejor corresponde a mis intereses inmediatos y mis gustos y desechar el resto. El amor está amenazado porque se lo distribuye en rodajas.""

La lógica del descarte aparece en el encuentro pero también en la finalalización de un encuentro cotidiano o el final del la relación de pareja. 

Cuando tratamos al otro como desechable, vaciamos el amor de su dimensión más social, ética y transformadora. Lo convertimos en un contrato de satisfacción inmediata, sin memoria ni responsabilidad.

Desde Fundación Crianza Compartida Chile, creemos en otra forma de terminar. En separaciones sanas, donde el respeto no muere con el amor. Porque cuando hay hijos e hijas, el compromiso no se disuelve: se transforma. El amor puede acabarse, pero la corresponsabilidad permanece.

Separarse no significa desechar. Significa transformar-se , adaptar-se , re-posicionarse con responsabilidad desde uno como individuo, ante lo que alguna vez fue un mundo construido entre dos.

Psicólogo_corazonroto®
💔superar una ruptura 

#SeparaciónResponsable #separacionesconhijos #separacionessanas #divorcio #DivorcioConAmor",https://www.instagram.com/fundacion_crianza_compartida/reel/DKwpSETAQ1J/
2025-06-10T22:27:26.000Z,94,14,NA,"Hoy participamos de un diálogo con @oficina.diputadacordero donde expusimos sobre la problemática de las denuncias falsas en Chile: una mirada penal desde la experiencia del Centro Jurídico de Hombres Maltratados Chile, junto a @fundacion_crianza_compartida para los proyectos de ley:

🔹 Boletín 17562-18, que modifica la Ley 20.066 para sancionar la falsa denuncia de hechos constitutivos de violencia intrafamiliar.

🔹 Boletín 17532-07, que busca modificar el Código Penal para tipificar el delito de denuncia falsa en materia sexual.

Sin duda alguna, desde la perspectiva de la praxis penal y el ejercicio diario en tribunales, se ha evidenciado como fenómeno preocupante: el uso instrumental del derecho penal a través de las denuncias falsas, especialmente en contexto de conflictos familiares y rupturas de parejas. Esta realidad ha sido sistemáticamente expuesta por nuestro Centro.

Algunas de nuestra estadisticas:

📌 el 60% de las
denuncias se produce en el contexto inmediato de la separación conyugal o
disputas por la custodia de los hijos.

📌 En el 38% de esos casos, el Ministerio
 Público ha determinado la inexistencia del hecho o ha cerrado la investigación
 por falta de antecedentes que permitan sostener la imputación.

📌 Cerca del 12% de los casos, se ha podido acreditar la falsedad de la denuncia
 mediante pruebas como grabaciones, testimonios de testigos presenciales y
 contradicciones flagrantes.",https://www.instagram.com/hombresmaltratadoschile/p/DKvKbc1sVxL/
2025-06-10T16:13:10.000Z,139,26,NA,"Cuando pidan un régimen comunicacional acotado ( porque llevan tiempo sin poder ver a sus hijos por motivo de la obstrucción de vínculos u otros y la contraparte se niega a acceder a mas tiempo de convivencia) , incluyan desde el inicio una cláusula de aumento progresivo del mismo.
⠀
No obstante, si luego de un tiempo cumpliendo dicho régimen sienten que su hijo o hija les demanda más tiempo, pueden solicitar una nueva mediación familiar. Y si la mediación se frustra, pueden volver a pedir una modificación de la relación directa y regular ante el tribunal.
⠀
No se queden con lo primero que les diga un estudiante en práctica de la @cajval_oficial o un abogado sin perspectiva de infancia, Infórmense, exijan sus derechos y busquen respaldo.
⠀
#NoMásDesvinculación ✊
Comparte esta información con quien lo necesite.",https://www.instagram.com/fundacion_crianza_compartida/p/DKuf-zYMcKb/
2025-06-10T12:30:39.000Z,1247,115,NA,"📢 Proyecto de Ley contra Denuncias Falsas en Violencia Intrafamiliar
Las denuncias falsas no solo afectan a personas inocentes, también saturan el sistema judicial, retrasan la atención de casos reales y generan desconfianza en las instituciones.

🇪🇸 En España, sancionar estas prácticas ha permitido proteger mejor a las verdaderas víctimas. 

En 🇨🇱 Chile, se propone modificar la Ley N° 20.066 para sancionar a quien denuncie falsamente con conocimiento de la inexistencia de hechos constitivos de violencia intrafamiliar. 

👥 Este proyecto, apoyado por los diputados:

@camilaflores_o
@diputadohenryleal
@mariseka
@dra.marialuisacordero
@karenmedina_diputada
@ruben_oyarzof
@vivianadelgadodiputada

busca fortalecer la integridad del sistema, proteger a las víctimas reales y evitar el uso malicioso del sistema de protección.

#DenunciasFalsas #JusticiaParaTodos #CorresponsabilidadParental #Ley20066 #Chile #leyfalsasdenuncias",https://www.instagram.com/fundacion_crianza_compartida/p/DKuGceTgGQ8/
2025-06-10T12:05:59.000Z,517,1,NA,"No se trata solo de dinero. Se trata de PRESENCIA.

Muchos padres aún creen que “darlo todo” por sus hijos significa solo trabajar más y aportar dinero ( que ya es muchísimo y muy importante) Pero el verdadero “todo” no se mide en plata , se mide en TIEMPO, CUIDADO y AMOR.

La sociedad, el Estado , el gobierno y hasta las empresas han reforzado la idea de que el rol del padre es solo económico. Pero eso está cambiando, porque hay una nueva generación de padres que lo está haciendo distinto.

💥 Darlo todo es estar ahí. 💥 Es cambiar pañales, ir a reuniones del jardín o colegio, abrazar cuando hay miedo, cocinar juntos, escuchar, contener y ser parte del día a día.

Para las empresas y el Gobierno de turno ✅️ 

Los padres no podrán darlo todo si no se abren a la corresponsabilidad parental real avanzando en políticas internas en las empresas y políticas públicas desde el Poder Ejecutivo y Poder Legislativo que abran espacios de copartícipación de los padres en la vida diaria de sus hijos. 

💬 A los #BuenosPadresPresentes: ¡Sigamos transformando las paternidades en sinónimo de cuidado, contención y presencia real! 💪👨‍👧‍👦

Por una #CrianzaCompartida real. Por un verdadero derecho a cuidar:
👉 #LeyCrianzaCompartida
👉 #PostNatalPaterno18Semanas
👉 #fueropaternal 
👉 #transversalización del enfoque integral que incluya a los hombres y sus problemáticas en la formulación de todas las políticas públicas ♂️",https://www.instagram.com/fundacion_crianza_compartida/reel/DKuDn9ygTUT/
2025-06-10T02:08:55.000Z,166,13,NA,"Invitación a aportar al documental sobre falsas denuncias ( se recibirán aportes hasta fin de mes ) 

Querida comunidad,

Desde la Fundación Crianza Compartida Chile junto a Marco Bravo integrante de @cineticofilms y de nuestro Equipo de Acción y Organización Territorial  queremos invitarles a colaborar con un aporte voluntario destinado exclusivamente a cubrir los gastos de traslado y estadía relacionados con la realización de la última parte de un documental sobre falsas denuncias y sus consecuencias en la vida de padres, madres e hijos.

Este proyecto busca visibilizar una realidad urgente, sensibilizar a la ciudadanía y promover los cambios que tanto necesitamos en el sistema de justicia de familia.

Tu apoyo es fundamental.

Si resuenas con nuestras ideas, acciones y propuestas, te agradecemos desde ya cualquier colaboración que puedas realizar. Para efectos de transparencia y orden contable, te pedimos que al momento de realizar tu transferencia, indiques en el mensaje o motivo de pago:
“Aporte voluntario documental”

Datos de transferencia:
Nombre: Fundación Crianza Compartida Chile
RUT: 65.220.224-1
Correo electrónico: crianzacompartidachile.cl@gmail.com
Banco: Banco Estado
Tipo de cuenta: Chequera Electrónica
Número de cuenta: 024470081356

Gracias por ser parte activa del cambio que nuestros niños y niñas necesitan.

Con cariño,
Equipo Fundación Crianza Compartida Chile",https://www.instagram.com/fundacion_crianza_compartida/reel/DKs-0kjsE_E/
2025-06-09T19:15:52.000Z,303,34,NA,"Ser madrastra y pareja de un padre judicializado en Chile 🤗

#Madrastras ##elartedesermadrastra ##mamadrastra",https://www.instagram.com/fundacion_crianza_compartida/p/DKsQFvlSriL/
2025-06-09T15:14:44.000Z,87,10,NA,"En el día internacional de las #madrastras te invitamos a leer la entrevista realizada a @elartedesermadrastra autora del libro El arte de ser madrastra. 

En este carrusel te compartimos algunos extractos de la entrevista. 

En el Día Internacional de la Madrastra, desde Fundación Crianza Compartida Chile valoramos a quienes ejercen este rol con amor, respeto y presencia, construyendo vínculos significativos sin reemplazar lo anterior. Ser madrastra también es formar familia desde el cariño elegido.",https://www.instagram.com/fundacion_crianza_compartida/p/DKr0f0zsC4o/
2025-06-09T02:32:37.000Z,125,11,NA,"Mundos opuestos: 

¿ Te ha pasado ? Se avanza más rápido por el acuerdo entre los padres que por la intervención de los programas. 

Que se multipliquen los acuerdos enfocados en el bienestar emocional de los hijos . 🥰

#revinculación #InfanciasProtegidas #NiñezMasProtegida #crianzacompartida",https://www.instagram.com/fundacion_crianza_compartida/p/DKqdR_tsv5p/
2025-06-12T10:41:12.000Z,116,15,NA,"¿ Por qué denunciar las falsas denuncias ayuda a las verdaderas víctimas ? 

Invicta

Invicta cuenta la historia de la niña Valentina, a quien, su madre y su abuela,le han hecho creer que su padre murió cuando ella era un bebé. Cambiándose de casa, realizando denuncias falsas, o asociándose coninstituciones tendenciosas, madre y abuela han ido tejiendo una jaula entorno a la niña, de manera de impedirle totalmente el contacto con su padre. No obstante, una pulsión intuitiva, incesante, le hace a la niña sentir lapresencia de éste, mediante sueños o por medio de los dibujos que ella hacedía a día, sin parar. El padre, a su vez, quien nunca cejó en la recuperación desu hija, buscándola todos estos años tras la separación, ha logrado llevar a lamadre ante un tribunal de familia. Esto desata un despliegue de artimañasjudiciales por parte de la madre y la abuela junto a profesionales corruptos. La niña y su padre, deberán enfrentar esta obstrucción tan arbitraria,amparados en el derecho que, simplemente, otorga el vínculo parental.

06 JUN al 15 JUN

Invicta

Sala Rubedo

Avenida Independencia 1995, Santiago, 

Independencia, Chile

Viernes 06 al Domingo 15 de Junio 2025, 20:00 - 22:00 hrs. (GMT-04:00)

Contacto y Reservas

Ig: 

@invictateatro
@citrinitas 
@salarubedo

Wsp:
+569 - 7 330 25 97

Gmail:
encitrinitas@gmail.com
invictateatro@gmail.com
salarubedo@gmail.com

#FalsasDenuncias #invicta #citrinitas #TeatroChileno",https://www.instagram.com/fundacion_crianza_compartida/reel/DKp_SVuyGgt/
2025-06-08T20:03:48.000Z,52,3,NA,"💔 Cuando te arrebatan a un hijo, también te arrebatan la voz.

Pero hay quienes deciden transformar ese dolor en acción. Eso es Invicta.

Una obra de teatro, sí.

Pero, sobre todo, un acto profundo de lo político, como lo entendía Hannah Arendt: un espacio donde las personas se reúnen, hablan , actúan…
y donde @citri_nitas se atreve a mostrar lo que muchos quieren esconder. 

Todos se hacen parte de la historia de Valentina y su padre . 

⚖️ Invicta denuncia el silencio forzado de madres y padres separados de sus hijos.

Expone como se hacen las falsas denuncias, el impedimento de vínculos, y un sistema judicial de familia que muchas veces falla.

🙌 Acompañar esta obra es mucho más que ir al teatro. Es decir: yo veo, yo creo, yo no me quedo indiferente. 

🔊 Tu presencia también es un acto de manifestación pública. 

Te esperamos. 

HOY función a las 19 horas.  Entradas disponibles en @ticketpluscl

📍#invicta #CrianzaCompartida #FalsasDenuncias #JusticiaParaLaInfancia #NoMásSilencio #HannahArendt #TeatroChileno",https://www.instagram.com/fundacion_crianza_compartida/reel/DKpv4aiSjCs/
2025-06-08T17:04:09.000Z,141,10,NA,"🚨 Las falsas denuncias no solo rompen vínculos entre padres e hijos. También golpean con fuerza a toda la familia que los rodea. Madres, abuelos, hermanos y madrastras quedan atrapados en un sistema que castiga sin pruebas.

Hoy, Vale (@mamaymadrastra_ ) comparte su testimonio: su pareja y padre de su hijo fue víctima de dos falsas denuncias y no solo sufre el padre denunciado falsamente sino toda la familia. 

¿ Alguien ha pensado en los vínculos rotos entre hermanos ?

💔 ¿Cuántas infancias más deben verse dañadas antes de actuar?

Es momento de levantar la voz. Pongamos fin a esta injusticia.

✍️ Firma la petición por la #LeyFalsasDenuncias:
👉 https://chng.it/pF2fGQrtS5
Vía @ChangeorgChile",https://www.instagram.com/fundacion_crianza_compartida/reel/DKpVd2LMOP0/
2025-06-08T14:31:03.000Z,181,5,NA,"👨‍👩‍👧‍👦 Coparentalidad y corresponsabilidad parental: ¿son lo mismo?
Aunque suelen usarse como sinónimos, no lo son.

🔹 Coparentalidad: se enfoca en el vínculo entre los adultos para criar juntos, desde el respeto, la coordinación y el bienestar del niño o niña.

🔹 Corresponsabilidad parental: es el principio que garantiza que ambos padres compartan de forma equitativa los deberes y derechos en la crianza.

💡 Una mira desde las necesidades del niño/a , la otra desde la distribución justa de los roles y actividades parentales 

Créditos a Carolina Castilla

#CrianzaCompartida #Coparentalidad #CorresponsabilidadParental #InfanciaPrimero #ParentalidadPositiva",https://www.instagram.com/fundacion_crianza_compartida/reel/DKpKgv3MQQL/
2025-06-06T16:51:03.000Z,221,20,NA,Sobre las declaraciones de @aelizaldes ministro del actual Gobierno de @gabrielboric,https://www.instagram.com/fundacion_crianza_compartida/p/DKkRIv0Ah_u/
2025-06-06T12:30:18.000Z,64,3,NA,"Invicta

Invicta cuenta la historia de la niña Valentina, a quien, su madre y su abuela,le han hecho creer que su padre murió cuando ella era un bebé. Cambiándose de casa, realizando denuncias falsas, o asociándose coninstituciones tendenciosas, madre y abuela han ido tejiendo una jaula entorno a la niña, de manera de impedirle totalmente el contacto con su padre. No obstante, una pulsión intuitiva, incesante, le hace a la niña sentir lapresencia de éste, mediante sueños o por medio de los dibujos que ella hacedía a día, sin parar. El padre, a su vez, quien nunca cejó en la recuperación desu hija, buscándola todos estos años tras la separación, ha logrado llevar a lamadre ante un tribunal de familia. Esto desata un despliegue de artimañasjudiciales por parte de la madre y la abuela junto a profesionales corruptos. La niña y su padre, deberán enfrentar esta obstrucción tan arbitraria,amparados en el derecho que, simplemente, otorga el vínculo parental.

06 JUN al 15 JUN

Invicta

Sala Rubedo

Avenida Independencia 1995, Santiago, 

Independencia, Chile

Viernes 06 al Domingo 15 de Junio 2025, 20:00 - 22:00 hrs. (GMT-04:00)

Contacto y Reservas

Ig: 

@invictateatro
@citrinitas 
@salarubedo

Wsp:
+569 - 7 330 25 97

Gmail:
encitrinitas@gmail.com
invictateatro@gmail.com
salarubedo@gmail.com",https://www.instagram.com/fundacion_crianza_compartida/reel/DKjyeuYgY1F/
2025-06-05T23:08:55.000Z,98,2,NA,"Javier Rebolledo @javierrebolledoesco escritor de “Falsas Denuncias” en programa UN CAFÉ ☕️ de @altavision__tv 

#falsasdenuncias #javierrebolledo #vanessaferrerdiputada #partidodelagente #pdg #perspectivadeinfancia #infanciaprotegida #leycrianzacompartida",https://www.instagram.com/vanessaferrerradovic/reel/DKiXUrSP2wv/
2025-06-05T19:05:48.000Z,381,37,NA,"En este punto @karol_lucerov toca un tema abordado por estudios críticos de la masculinidad y el movimiento masculinista: la renuncia a la paternidad en casos de #FraudeDePaternidad.

Muchos hombres siguen obligados a pagar pensión por hijos que el ADN demuestra que no son suyos.

#fraudedepaternidad #fraudedeidentidad",https://www.instagram.com/fundacion_crianza_compartida/p/DKhjA6vs8if/
2025-06-05T13:23:46.000Z,620,5,NA,"El poder de los rituales compartidos con los hijos👨‍👧‍👦

En medio de la rutina, los rituales cotidianos entre madres, padres e hijos se transforman en anclas de presencia y memoria emotiva. 

Puede ser una caminata al colegio, una canción antes de dormir, cocinar juntos o ese abrazo silencioso antes de despedirse. Pequeños gestos que, con el tiempo, se vuelven huellas imborrables en la historia emocional de nuestros hijos.

Desde la Fundación Crianza Compartida Chile, creemos que esos momentos sostenidos en el tiempo son parte esencial del derecho de los niños y niñas a contar con ambos padres en su vida, más allá de la convivencia o las diferencias.

👣 ¿Cuál es tu ritual con tu hijo o hija?
Cuéntanos en los comentarios. Quizás ese pequeño momento es más grande de lo que imaginas.

#CrianzaCompartida #PresenciaActiva #RitualesDeAmor #CorresponsabilidadParental #derechoamamaypapa

Créditos a @mariaroberts",https://www.instagram.com/fundacion_crianza_compartida/reel/DKhT7quAH4o/
2025-06-05T12:31:53.000Z,23,1,NA,"🎭 Hoy a las 19:00 hrs en #ParlanteCompartido presentamos un episodio especial dedicado a la obra @invictateatro. Conversaremos con su director Claudio Altamirano, de la compañía @citri_nitas, y con las actrices que dan vida a esta potente puesta en escena.

""Invicta"" no es solo una obra de teatro: es un grito de denuncia frente a un sistema judicial que falla, una protesta contra la corrupción institucional y la negligencia de quienes debieran proteger a la infancia. La obra aborda el impedimento de vínculos parentales y expone cómo se vulnera el bienestar de niños y niñas cuando se favorece al progenitor que abusa del cuidado personal.

📺 Conéctate hoy a las 19:00 horas en nuestro canal de YouTube y sé parte de esta conversación imprescindible.

No te lo pierdas.

Tema : Reflejos de @guerrillerokultoficial",https://www.instagram.com/fundacion_crianza_compartida/p/DKhOro0Aif7/
2025-06-05T05:20:29.000Z,465,124,NA,"¿Por qué el feminismo se opone a una ley de Crianza Compartida?

Javier Rebolledo en el programa UN CAFÉ ☕️ de @altavision__tv 

#falsasdenuncias #javierrebolledo #vanessaferrerdiputada #partidodelagente #pdg #perspectivadeinfancia #infanciaprotegida #leycrianzacompartida",https://www.instagram.com/vanessaferrerradovic/reel/DKgdF26gHxQ/
2025-06-04T22:06:10.000Z,240,5,NA,#MesDelPadre #Paternidad #CrianzaCompartida #leycrianzacompartida,https://www.instagram.com/fundacion_crianza_compartida/p/DKfrm7iy2cn/
2025-06-04T16:00:08.000Z,133,21,NA,"“Solo quiero ver a mi hijo”: padre denuncia reiterado incumplimiento del régimen comunicacional por parte de la madre

Por Fundación Crianza Compartida Chile

Fabián Huerta, padre de un niño de 2 años, denuncia públicamente el incumplimiento sistemático del régimen comunicacional por parte de la madre de su hijo, quien se niega a permitirle el contacto, a pesar de resoluciones judiciales y de su constante esfuerzo por mantener el vínculo con el menor.

“Me presento, soy Fabián Huerta, papá de P.A. Mi hijo tiene 2 años y a la fecha solo dos veces he logrado verlo, porque la madre se niega por el solo y puro hecho de que yo no quiero nada con ella. Me exige verlo solo con ella y en su propiedad”, relata Huerta en un testimonio difundido en redes sociales.

El padre señala que incluso ha regularizado voluntariamente el tema de pensión alimenticia, ya que la madre no quiso hacerlo. “El tema de pensión está en regularización porque yo busqué e inicié el proceso. A la fecha, ella se encuentra con multa y posibilidad de arresto”.

El video que acompaña esta publicación fue grabado un sábado —día en que corresponde la visita— y muestra cómo Fabián llega en su vehículo particular, donde cada semana incluye una silla retráctil para bebés, con la esperanza de compartir tiempo con su hijo. Sin embargo, nuevamente la entrega no se concreta.

“He ido cada sábado con la ilusión de que me lo entregue, y esa ilusión se desvanece al llegar. Siempre sale con una excusa distinta. El Juzgado ni Carabineros hacen algo ante esto. Solo pido ver a mi hijo. Llegamos a tribunales y aún así no se logra nada”.

Casos como el de Fabián no son aislados. Padres y madres en todo Chile denuncian obstáculos reiterados al contacto con sus hijos, lo que vulnera el derecho fundamental de los niños a mantener vínculos con ambos progenitores.

¿ Qué solución darán las autoridades políticas a esta situación de maltrato infantil donde se le impide a los hijos convivir con ambos padres y familias ? 

Las multas no están inhibiendo esta conducta delictiva, la orden de arresto no se está aplicando .

#ImpedimentoDeVínculo #MesDelPadre #leycrianzacompartida #falsasdenuncias #crianzacompartida",https://www.instagram.com/fundacion_crianza_compartida/reel/DKfBuWfsU88/
2025-06-04T14:18:24.000Z,183,7,NA,"El baile de Kuma y su hija Bonney: un recuerdo de paternidad y lucha. 

En una de las escenas más conmovedoras del anime One Piece, vemos a Kuma, gravemente herido, al borde de la muerte. En ese momento , lo único que queda en su mente es el recuerdo de su hija Bonney… y el baile de Nika, un momento de ternura compartido entre ambos en el pasado.

- Papá, ¿bailamos como Nika?
Y él, sin dudar, acepta. Baila torpemente, pero con amor. Sonríe. Está presente. Ese instante breve, casi invisible para el mundo, es lo que permanece cuando todo parece perdido.

La escena se hace inolvidable en el presente cuando Bonney le pregunta:
- Papá… tú soñabas con liberar al mundo… ¿vas a liberarme a mí también?

Esa pregunta, esa mirada, ese recuerdo, han tocado profundamente a miles de padres que han visto en Kuma su propio anhelo: dar lo mejor de sí, incluso cuando todo alrededor se derrumba. El video se ha vuelto viral no solo por la animación, sino por el mensaje: el amor de un padre, aunque silenciado, sobrevive en la memoria, en un gesto, en un baile.

Desde Fundación Crianza Compartida Chile, en este Mes del Padre, vemos en esta escena mucho más que una tendencia. Vemos la representación de tantos hombres que, incluso frente al dolor, la distancia o la incomprensión, guardan como fuerza vital el vínculo con sus hijos e hijas.

Este baile es un grito silencioso, un recuerdo persistente, una forma de decir “estuve contigo y luchare por seguir siendo parte de tu vida, hasta volverte a ver , hasta liberarte "" .

#kuma #bailedekuma #oncepiece #PaternidadConsciente #MesDelPadre #díadelpadre",https://www.instagram.com/fundacion_crianza_compartida/reel/DKe08D6M3Qx/
2025-06-04T18:39:10.000Z,105,3,NA,"Un Café ☕️ con Vanessa Ferrer Radovich 

Miércoles 4 de Junio 20:30 horas por @altavision__tv 
INVITADO: JAVIER REBOLLEDO @javierrebolledoesco",https://www.instagram.com/vanessaferrerradovic/reel/DKdmr6PNW8x/
2025-06-03T15:08:39.000Z,280,12,NA,"Cuando se trata de materias tan sensibles, como son los abusos contra menores, siempre es bueno conocer la validez de las cifras que se presentan en el debate público.

Más que evitar el debate democrático y respetuoso, en estas materias debemos hacer un llamado a la transparencia y a la verificación de las cifras antes de ser difundidas.",https://www.instagram.com/javierrebolledoesco/p/DKcXCDiN-RD/
2025-06-03T14:10:16.000Z,500,51,NA,"VIDEO REENCUENTRO
📍 Después de un año, una hija vuelve a abrazar a su padre.

En este Mes del Padre, desde la Fundación Crianza Compartida Chile queremos visibilizar una realidad que muchos prefieren callar: el daño que sufren los hijos e hijas cuando se les impide tener contacto con su papá. La desvinculación parental no solo vulnera a los padres, sino que deja heridas profundas en la infancia.

💔 “Toda la lucha después de un año… nunca bajé los brazos por ustedes. Nunca dejen de luchar por sus hijos. Vale la pena”, dice emocionado Charly Cortez, protagonista de este reencuentro, que representa a cientos de padres que enfrentan obstáculos injustos para seguir presentes en la vida de sus hijos.

Tras la separación, Charly fue acusado falsamente y apartado de sus hijas durante un año. “La madre me hizo la vida imposible después de la separación y mintió con denuncias falsas”, denuncia. A pesar de todo, nunca se desvinculó del todo:
🧡 “Hace meses que hablaba con ellas por videollamada. Ellas saben que nunca quise separarme y que lucho día a día para estar siempre con ellas.”
💸 “Nunca dejé de darles dinero, y cada vez que llaman y necesitan, respondo. Eso no quita que estuvo muy mal dejarme lejos de sus vidas por un año.”

Charly reconoce su privilegio de haber podido costear una defensa legal, pero advierte:
⚠️ “Yo pude solventar gastos de abogado, pero hay muchos padres que no pueden contra un sistema que defiende sin pruebas a las mujeres.”

Desde la Fundación seguimos exigiendo un sistema justo, que escuche a ambos progenitores y, sobre todo, que garantice el derecho de niños y niñas a mantener una relación sana y continua con su papá.

👨‍👧 Este reencuentro es un símbolo de esperanza, pero también un llamado urgente a revisar las prácticas judiciales que normalizan la desvinculación parental.

#CrianzaCompartida #MesDelPadre #DerechoAAmarAmbosPadres #NoMásFalsasDenuncias #InfanciaPrimero #ReencuentroEmocionante",https://www.instagram.com/fundacion_crianza_compartida/reel/DKcQU_Egx4X/
2025-06-03T11:54:24.000Z,72000,239,NA,"💔 En este video, una niña recita su poema en la escuela... hasta que, de pronto, se detiene. No veía a su papá.

Solo cuando logra encontrarlo entre el público, su expresión cambia: se siente segura, vista, acompañada. Y así, continúa feliz su presentación.

Este momento nos recuerda algo esencial: la presencia de ambos padres importa profundamente en la vida de los hijos.

Desde Fundación Crianza Compartida Chile, observamos con preocupación cómo algunos establecimientos han optado por eliminar la celebración del Día del Padre, no por falta de valorización solamente sino por dificultades reales para compatibilizar horarios de los papás con los actos escolares o por miedo a herir sensibilidades. 

En lugar de buscar alternativas que permitan y fomenten la participación paterna —como programar actividades en horarios compatibles con las jornadas laborales—, se prefiere cancelar la celebración, invisibilizando el rol de los padres.

La paternidad se construye también en esos pequeños grandes momentos. Que ningún niño tenga que dejar de recitar su poema porque no ve a su papá en la sala.

#CrianzaCompartida #PresenciaPaterna #Infancia #FundaciónCrianzaCompartidaChile #CorresponsabilidadParental #PaternidadPresente",https://www.instagram.com/fundacion_crianza_compartida/reel/DKcAkURA2vH/
2025-06-02T13:05:14.000Z,180,7,NA,"¿Qué pasa cuando un padre no está?
Generalmente, se piensa en el abandono: padres que se desentienden, que no cumplen con sus responsabilidades afectivas ni económicas, que simplemente desaparecen. Y sí, ese tipo de ausencia existe. Pero no es la única.

También hay ausencias por causas ajenas a la voluntad del padre:
🔹 Padres que han fallecido, dejando un vacío irremplazable.
🔹 Padres migrantes que se ven obligados a dejar a sus hijos para buscar un mejor futuro para ellos.
🔹 Padres encarcelados, muchos de los cuales también crecieron sin una figura paterna.

Pero hay una ausencia de la que poco se habla:
📍 La ausencia forzada.

Padres que quieren estar presentes, pero son apartados de la vida de sus hijos por decisión de la madre o la familia materna. Padres víctimas de falsas denuncias de violencia intrafamiliar, de género o abuso infantil, que deben esperar meses o incluso años para lograr una revinculación. Padres que sufren el secuestro parental, el boicot sistemático al régimen comunicacional establecido judicialmente.

Los motivos para impedir el contacto con los hijos son variados y repetitivos:
❌ “Está enfermo hoy”,
❌ “Tiene una actividad justo el día que te toca”,
❌ “No quiere ir contigo”,
❌ O simplemente no lo entregan.

Todo eso mientras se instala un relato para que los niños comiencen a rechazar injustificadamente a su papá.

Las constancias por incumplimiento del régimen comunicacional se cuentan por cientos de miles al año.
Y detrás de cada padre que hoy no puede ver a su hijo, hay uno, dos o más niños creciendo sin su figura paterna, en un sistema que no se hace cargo.

Esto también es una pandemia silenciosa.

👉 Si te importa la infancia, la equidad parental y la verdad, comparte este mensaje.
Hablemos de lo que nadie quiere hablar.

Crédito a @tuttletwinstv_es

#leycrianzacompartida -#impedimentodevinculos #falsasdenuncias #derechosdelosniños #LeyFalsasDenuncias #PadreEHija #PadresJudicializados #padresdivociados #paternidadactiva #padresausentes #abandonoparental",https://www.instagram.com/fundacion_crianza_compartida/reel/DKZd4T-AEx0/
2025-06-01T19:50:24.000Z,423,41,NA,"¿Cuánto cuesta ver a un hijo?
No hablamos solo de lo emocional , que ya es enorme, , sino también de lo económico.

Ayer, una mamá nos contaba que cada vez que viaja para ver a su hijo, debe recorrer más de 2.000 kilómetros entre Iquique y la Región del Biobío. Calcula que, en un solo día, gastará alrededor de $130.000 en pasajes de avión o bus, transfer, estadía, alimentación y actividades para compartir con su hijo.

Lo mismo ocurre con un papá que viaja 800 km desde Santiago a Pucón. No hay tiempo para llevar a los niños a su casa y devolverlos el mismo día, así que deben hospedarse cerca del lugar donde viven, asumir el costo de un hostal o alojamiento, además de seguir cumpliendo cada mes con el pago de la pensión alimenticia.

Hay papás ( y también mamás)  que lo dan todo por sus hijos: dinero, tiempo, esfuerzo, compromiso emocional y afectivo.

Pero ¿qué hay detrás de estos casos?
Muchas veces, estos trayectos son consecuencia de cambios arbitrarios de domicilio, donde uno de los progenitores se lleva a los niños a otra ciudad sin avisar ni informar al otro. Incluso hay quienes, después de que el padre o madre decide mudarse para estar cerca de los hijos, vuelven a cambiar a los niños de región.

Esto genera un daño profundo en el vínculo parental y deja a los niños en una situación de secuestro parental no reconocido ni sancionado por nuestras leyes.

💬 ¿Hasta cuándo vamos a seguir permitiendo esto?
📢 Necesitamos visibilizar este problema y exigir una legislación que impida el traslado arbitrario de niños y niñas, que proteja el derecho a mantener contacto con ambos padres, y que sancione estas prácticas.

✊ Comparte esta historia.
🔁 Difunde este mensaje.
👁‍🗨 Hagamos visible lo que tantos padres, madres y niños están viviendo en silencio.

#CrianzaCompartida #SecuestroParental #DerechosDeLosNiños #CorresponsabilidadParental #LeyCrianzaCompartida #cambioarbitrariodedomicilio #leyfalsasdenuncias",https://www.instagram.com/fundacion_crianza_compartida/p/DKXtr6vyqXI/
2025-06-01T18:35:06.000Z,125,12,NA,"Ley de Crianza compartida ahora. Justicia con perspectiva de infancia. 💛

#falsasdenuncias #javierrebolledo #vanessaferrerdiputada #partidodelagente #pdg #perspectivadeinfancia #infanciaprotegida",https://www.instagram.com/vanessaferrerradovic/reel/DKXk31TvS-Q/
2025-06-01T17:20:17.000Z,262,23,NA,"¿Te imaginas no poder hablar con tu hijo durante meses o incluso años… y que nadie te ayude para que se produzca el reencuentro ?

Este es el mensaje de Rodrigo A. Orellana Cuadra para su hija. Un mensaje de amor lanzado al mar digital, con la esperanza de que algún día ella lo escuche ( Puedes buscarlo en TikTok para ayudar a difundir su historia ) 

Cuando un padre es separado de sus hijos, mantener algún tipo de contacto, aunque sea simbólico, se vuelve fundamental.

Muchos intentan mantenerse presentes a pesar de todo: piden información en el colegio, preguntan por su salud. Aunque muchas veces no reciben respuesta, debido a las restricciones de la ley de derechos del paciente y la privacidad de datos, no dejan de intentarlo. Cada acción es una forma de decir: “Aquí estoy, sigo siendo tu papá.”

Otros graban videos y los suben a redes sociales, esperando que el algoritmo los haga llegar a sus hijos. Son saludos de cumpleaños, palabras de aliento, pequeños recordatorios de que no los han olvidado.

Algunos escriben una bitácora de paternidad: correos a una cuenta privada donde guardan recuerdos, sentimientos y todo lo que no pudieron decir. Con la esperanza de que un día, sus hijos puedan leerlos y entender lo que realmente pasó.

Este mensaje no es solo para su hija. Es para todos.

Como sociedad, no podemos seguir normalizando que un padre amoroso sea excluido de la vida de sus hijos.

Los niños tienen derecho a ambos padres.
Y los padres, a seguir siendo parte de sus vidas.

Comparte este video. Difunde este mensaje.
Puede ser la chispa que encienda un reencuentro.

#CrianzaCompartida #DerechoALosHijos #NiUnaInfanciaSinPapá #leycrianzacompartida #leyfalsasdenuncias #ImpedimentoDeVínculo #FalsasDenuncias",https://www.instagram.com/fundacion_crianza_compartida/reel/DKXZ0ugghVL/
2025-05-31T23:26:54.000Z,383,24,NA,"Necesitamos perspectiva de infancia en los Tribunales de Familia. Cualquier otra daña a nuestros niños, niñas y adolescentes.

#falsasdenuncias #javierrebolledo #vanessaferrerdiputada #partidodelagente #pdg #perspectivadeinfancia #infanciaprotegida",https://www.instagram.com/vanessaferrerradovic/reel/DKVhStmvuiD/
2025-05-31T17:40:06.000Z,223,15,NA,"La Corporación de Asistencia Judicial leva dos meses en paro . 

Recordar que las caj atienden solamente a las familias que pertenecen al 50 % más vulnerable de la población. 

Antes del paro ya existían problemas graves en el funcionamiento de la Corporación de Asistencia Judicial . Ahora los problemas se han agravado con el paro y la crisis es profunda pero hay algo de lo que no se habla : el daño emocional en las familias que no están recibiendo asesoría y representación legal y el daño en aquellos niños y niños que no están recibiendo la debida defensa de curador ad litem. 

Cientos de niños desprotegidos por un paro de trabajadores. 

Mientras tanto en Fundación Crianza Compartida Chile (con mucho menos recursos que las Cajs del país) seguimos ayudando a las familias de Chile. 

@pjudicialchile @afunpro @cajval_oficial @afunbiobio @asocfuncaj @cajbiobio @afucajta",https://www.instagram.com/fundacion_crianza_compartida/reel/DKU41w2AgMD/
2025-05-31T15:31:54.000Z,114,0,NA,"Manifiesto por la Infancia: Contra todas las formas de maltrato infantil

En Fundación Crianza Compartida Chile, no tenemos dobles discursos: el maltrato a los niños y niñas no se justifica, no se minimiza y no se maquilla.

Cuando un niño sufre, no sirve usar palabras difíciles ni excusas de adultos. La mirada adultocéntrica, esa que pone las emociones, deseos y heridas del adulto por delante, no protege a la infancia. Solo calma el ego de quien no quiere asumir su responsabilidad.

Hay quienes usan a los niños para hacer política, para ganar likes en redes sociales o para mantener su guerra personal con su ex pareja. Hay quienes, por amor ciego, por orgullo, por miedo o por costumbre, prefieren seguir peleando entre adultos antes que sanar a sus hijos.

Pero si no proteges a tus hijos del maltrato —ya sea físico, emocional o psicológico—, también eres responsable del daño, aunque no seas quien lo provoca directamente. Porque permitirlo, callarlo o mirar hacia otro lado es ser cómplice del dolor de tus hijos.

Entonces, ¿cuál debiera ser el objetivo principal de un padre o una madre desvinculado?

Volver a vincularse. Volver a mirar a sus hijos a los ojos. Volver a abrazarlos, a escucharlos, a jugar con ellos. Volver a ser ese papá o mamá que acompaña, que educa, que cuida con amor y con límites sanos.

El objetivo no es vengarse, no es atacar a la ex pareja, no es ganar una batalla legal o pública.
El verdadero objetivo es mucho más profundo: sanar los vínculos familiares, reparar el daño emocional, reconstruir la confianza y permitir que cada niño o niña crezca sabiendo que es amado y protegido por ambos padres, incluso si están separados.

En Fundación Crianza Compartida Chile no respondemos a partidos políticos ni a intereses personales.

Nuestra única perspectiva es la perspectiva de infancia. 

Nuestro único compromiso es con la infancia.

Nuestro único partido es el de los niños y niñas y sus derechos.

Nuestra única causa es la de una crianza compartida, respetuosa y libre de violencia.

#DerechosDeInfancia #niunainfanciamenos #DerechoAFamilia #Manifiesto",https://www.instagram.com/fundacion_crianza_compartida/p/DKUrC9hAdWL/
2025-05-30T12:10:09.000Z,181,3,NA,"""No hay fuerza más poderosa que el amor entre un padre y su hija.""

Este video no es solo un momento de baile… es un testimonio vivo del vínculo que transforma vidas. Es la alegría sencilla y profunda de estar presente, de compartir, de acompañar con ternura.

Ella, mi niña linda, mi bastión, mi inspiración. Con su sola existencia me da fuerzas cada día. Su risa me recuerda por qué vale la pena luchar por relaciones sanas, por una crianza basada en el amor, el respeto y la presencia.

Este baile es un símbolo: de conexión, de confianza, de un lazo que se fortalece en cada pequeño gesto. Porque cada abrazo, cada mirada, cada instante compartido… es una semilla de bienestar para nuestros hijos e hijas.

💛 Que ningún niño o niña crezca sin el amor activo de ambos padres.
💛 Que la corresponsabilidad parental sea una realidad, no una excepción.

Invitamos a todas las familias a creer en la crianza compartida como un acto de amor y justicia.
Compartamos este video para recordar lo esencial: la infancia necesita vínculos sanos, no batallas.

Créditos a @Johnsary👑
""Quiero estar a tu lado hasta el fin de mis días 👑#viral #paratii #padres #hija #mundo 

#CrianzaCompartida #InfanciaPrimero #PadresPresentes #CorresponsabilidadParental #VínculosSanos",https://www.instagram.com/fundacion_crianza_compartida/reel/DKRveO7A-Gx/
2025-05-29T21:17:16.000Z,733,77,NA,"Lo que busca una Falsa Denuncia es la destrucción del vínculo, y esto lamentablemente se logra

A pesar de los intentos de organizaciones ligadas a abogados poderosos como fundación para la confianza por silenciar este tema, numerosas personas llegan a la misma conclusión: todos conocemos a alguien a quien le ha pasado. 

Así ha quedado plasmado por periodistas, parlamentarios que van desde el Partido Comunista, hasta el Partido Republicano. Esta es una realidad que no puede ser oculta. 

Dip. Marisela Santibañez y Dip. Camila Flores trabajan transversalmente en un proyecto para acabar con las falsas denuncias, porque como dice Marisela, quienes realizan esta práctica, son delincuentes, y deben pagar por ello.",https://www.instagram.com/javierrebolledoesco/p/DKQJPcFST-D/
2025-05-29T12:10:22.000Z,2034,128,NA,"¿Te imaginas ver a tu hijo solo 50 días al año?

No es porque no quieras estar. No es porque no ames.
Es porque el sistema judicial —o la voluntad unilateral de quien tiene el cuidado— te lo impide.

Miles de padres no convivientes en Chile viven esta realidad. Padres que aman, que están presentes, que quieren criar, pero que ven reducida su paternidad a visitas cada 15 días. No por decisión propia, sino porque el sistema actual no les reconoce como corresponsables.

¿Por qué después de una separación la madre se asume como única cuidadora, y el padre como un visitante?

Esto no solo vulnera a los padres. También hiere profundamente a niños y niñas que crecen con vínculos limitados, cuando podrían tener la oportunidad de ser amados, cuidados y educados por ambos progenitores.

La crianza compartida no es una amenaza, es una oportunidad.
Una forma justa, sana y amorosa de criar luego de la separación.

Por eso, apoyamos con fuerza la Ley de Crianza Compartida, que establece como principio la corresponsabilidad parental y protege el derecho de los hijos a mantener un vínculo continuo y significativo con sus dos padres.

👉 Firma y comparte esta ley: https://chng.it/McfgL9zG

Cada día que pasa, cientos de niños siguen creciendo lejos de sus padres.
Necesitamos tu voz para cambiar esto. Ahora.

Créditos a Don Tito ( tiktok )

#CrianzaCompartida #CorresponsabilidadParental #LeyCrianzaCompartida #NiUnDíaMenos #FundaciónCrianzaCompartidaChile",https://www.instagram.com/fundacion_crianza_compartida/reel/DKPKp5qg5bq/
2025-05-29T03:03:55.000Z,589,56,NA,"Mejores momentos de @javierrebolledoesco en el programa @sinfiltros_tv 

Con la conducción de @gonzalofeito y la participación de los diputados @raul_leiva_carvajal , @camilaflores_o , @mariseka y el senador @fidelsenador , quienes estuvieron de acuerdo en legislar respecto de las #FalsasDenuncias y , particularmente , tomando nuestra propuesta legislativa, incluir las falsas denuncias en el contexto de separaciones o divorcios conflictivos donde los hijos son instrumentalizados. 

#FalsasDenuncias #LibroFalsasDenuncias #LeyFalsasDenuncias #obstrucciónparental #ImpedimentoDeVínculo #NiñezConAmbosPadres #NiUnaInfanciaMenos",https://www.instagram.com/fundacion_crianza_compartida/reel/DKOKmt2MsCb/
2025-05-29T15:46:36.000Z,142,22,NA,"🧑‍⚖️ “¿Y si normalizamos el cuidado personal compartido? ¿Cómo lograrlo?”
Sin ánimo de decirle a nadie qué hacer con su vida, sí me parece importante que se hable más de estos temas —dice la abogada Margarita Espinoza en este video.( @abogada_margaritaespinozalagos )
💬 “Si el día de mañana una pareja se separa, debería poder continuar su relación parental casi como si nada hubiera cambiado. Pero para eso hay que hacer un trabajo previo: ejercer responsablemente el rol de mamá o papá. Así habría menos desconfianza en dejar a los hijos con el otro progenitor, porque se sabría que le conoce y lo cuidará bien de todas formas.”

👩‍👧‍👦 ¿Por qué esto no solo es deseable, sino también necesario? Porque la ciencia lo respalda. Te lo explicamos 👇

🧠 Un estudio en Child Indicators Research (2024) demostró que los niños criados por ambos progenitores tras la separación tienen menos síntomas de ansiedad, depresión y problemas de conducta que aquellos que crecen con un solo cuidador.

🛌 Investigadores suecos, con datos de más de 140.000 adolescentes, hallaron que quienes viven parte del tiempo con ambos padres tienen menos insomnio, menos estrés físico y mayor bienestar general.

📖 Según la profesora Linda Nielsen, tras revisar más de 60 estudios, la crianza compartida mejora:
✔️ la salud emocional,
✔️ el rendimiento académico,
✔️ la calidad de los vínculos familiares
✔️ y la estabilidad en la vida adulta.
📚 Journal of Divorce & Remarriage (2014)

👨‍⚖️ El psicólogo forense José Manuel Aguilar Cuenca, referente iberoamericano en justicia familiar, ha sido enfático: la crianza compartida no solo protege el vínculo con ambos padres, sino que previene la alienación parental y reduce los conflictos judiciales.

💬 Porque cuando un niño pierde a uno de sus padres tras una separación, no siempre es por decisión propia. A veces, es el sistema el que le niega ese derecho.
Y eso tiene consecuencias reales. Emocionales. Psicológicas. Duraderas.

✊ Exijamos modelos de crianza compartida que respeten el derecho de niños y niñas a ser criados por ambos padres, incluso cuando estos ya no son pareja.

🔁 Comparte este video si crees que se debe aprobar la #LeyCrianzaCompartida",https://www.instagram.com/fundacion_crianza_compartida/reel/DKMzpcQgrnn/
2025-05-28T12:10:37.000Z,171,3,NA,"🎥 “Los niños cada vez pasan más tiempo separados de sus padres… y cada vez tienen menos tiempo para jugar.” — Carlos González, pediatra.

En esta sociedad que valora la productividad por sobre el cuidado, hemos normalizado lo inaceptable: infancias solas, estructuradas al milímetro, sin el tiempo ni la compañía que realmente necesitan. 🕒🚫🧸

👶 Los niños no necesitan más pantallas, más límites o más tareas. Necesitan más brazos, más atención, más juego… y más tiempo con sus madres y padres, sus cuidadores primarios.

Desde la Fundación Crianza Compartida Chile defendemos el derecho de niños y niñas a ser acompañados de forma activa por ambos progenitores. La corresponsabilidad parental no es una opción, es una urgencia. 🧡👨‍👩‍👧‍👦

📢 ¡Hagamos visible lo invisible! No más infancias separadas por sistemas que no entienden lo fundamental: lo que más necesita un niño es el amor y la presencia cotidiana de quienes lo trajeron al mundo.

#CrianzaRespetuosa #CarlosGonzález #CrianzaCompartida #InfanciaPrimero #JuegoYPresencia #CorresponsabilidadParental #NiñezConDerechos #FundaciónCrianzaCompartidaChile #PresenciaReal #TiempoDeCalidad #InfanciasVisibles",https://www.instagram.com/fundacion_crianza_compartida/reel/DKMl18cAsGK/
2025-05-26T12:10:33.000Z,219,2,NA,"La felicidad en la infancia florece en la convivencia familiar con presencia: cuando el niño es visto, escuchado y sentido como legítimo en su ser.

Desde la mirada del biólogo y pensador chileno Humberto Maturana, el bienestar emocional de los niños se funda en relaciones donde se les reconoce como personas plenas desde el inicio. Él nos recuerda que:

“La felicidad de la infancia es convivir con los miembros de la familia siendo visto, escuchado, invitado a hacerse cargo de lo que está haciendo.”

Desde Fundación Crianza Compartida Chile creemos que la convivencia familiar no se trata solo de vivir bajo un mismo techo, sino de compartir desde la presencia afectiva, emocional y relacional. Es en ese espacio cotidiano, amoroso y respetuoso donde los niños encuentran sus primeras referencias del mundo, donde se sienten seguros, validados y con derecho a ser ellos mismos.

Una familia presente —no perfecta, sino disponible emocionalmente— es el suelo fértil donde crecen la confianza, el apego sano y la autonomía.

Como también dijo Maturana:
“El amar es dejar aparecer… dar espacio para que el otro exista.”

Escuchar a un niño es permitirle habitar el mundo con dignidad y alegría. Esa es la base de una infancia feliz y protegida . Esa es la raíz de una convivencia familiar transformadora.

#HumbertoMaturana #Infancia #NiñezConAmbosPadres #Familia #Corresponsabilidad #CrianzaRespetuosa #RomperPatrones #NuncaEsTarde #PresenciaConsciente #PaternidadActiva",https://www.instagram.com/fundacion_crianza_compartida/reel/DKHcQG5gTSG/
2025-05-25T20:42:17.000Z,12,0,NA,"No te pierdas #LaMañanaEnlaHoy!, Tendremos los mejores invitados:

1.⁠ ⁠Dra. Natalia González, Pediatra Hemato-Oncóloga Infantil nos enseña a Cómo enfrentar la campaña de vacunación 2025 para los Niños con cáncer y trasplantes.

2.⁠ ⁠Carolina Valenzuela y Rita Castro presentarán el trabajo de la Fundación Crianza Compartida Chile

3.⁠ ⁠Mariana Para Usted presenta su single “Intensa”

Conduce Tío Hoy, desde las 10:00 de la mañana solo por radiohoy.cl, canal 198 de Zapping y canal 649 de Binet.

#radio #chile #matinal #radiohoy",https://www.instagram.com/radiohoycl/p/DKFyDz0NDSp/
2025-05-23T16:57:04.000Z,73,14,NA,"Cuando un acto de amor que se realiza para proteger a los hijos termina con un proceso de desvinculación forzosa ¿Quién se hace cargo del dolor de la separación? ¿Quién repara realmente ese vínculo?

Cuando efectivamente los padres terminan sintiendo una profunda culpa dado que un acto que se inició con el único fin de proteger a un hijo(a) de una situación de peligro y esta termina de manera totalmente cruel e incomprensible en una vuelta de roles siendo ese padre visto como el elemento de riesgo y se gesta una desvinculación forzada #nomasinjusticias #proteccionintegralalosniños #nomasdesvinculacionesforzadas",https://www.instagram.com/ps_perito_caroval/reel/DKAOUy-ph56/
2025-05-23T16:29:22.000Z,50,4,NA,"En la campaña #LaOtraLuchaMaterna buscamos visibilizar y concientizar sobre las historias de aquellas madres o mujeres cuidadoras que han perdido forzadamente el vínculo con sus hijos.

El motivo puede ser una falsa denuncia , litigios abusivos , cambios arbitrarios de domicilio, alienación parental o violencia instrumental e institucional . 

El objetivo es romper el vínculo ( quieren borrar la historia vincular arraigada en el ser del padre o madre desvinculado y del hijo víctima de desvinculación forzada) . Primero buscan destruir la autoridad parental frente a los hijos y frente al sistema judicial y luego usan a los hijos y el sistema judicial para buscar romper el vínculo afectivo. 

Prevención y sanción. 

Es importante que es sistema actúe de forma seria y objetiva , no en base a supuestos o interpretaciones sesgadas de la situación denunciada.  Lo importante es llegar a la verdad y que en el camino hacia la verdad los niños y niñas sufran el menor daño posible.  Al desvincular o permitir el impedimento de vínculo o el boicot del régimen comunicacional con los hijos, no se está asegurando el menor daño posible. Todo lo contrario, esta normalizando el maltrato de la ex pareja extendido hacia los hijos ( violencia instrumental y triangulación vincular ) .

Prevenir esta forma de maltrato infantil es educar a padres , familias , autoridades y funcionarios judiciales. Prevenir es acompañar en procesos de separaciones conflictivas y ayudar a que ambos padres ( sobretodo aquel padre obstructor) vuelva a poder la mirada en su hijo/a , el hijo real que sufre por no poder ver a su madre . 

#laotraluchamaterna hace referencia a situaciones de dolor y pérdida , experiencias de lucha y empoderamiento personal , heroismo cotidiano escrito en el  lenguaje del amor parental.
 

Crédito a @estonuncadebiohaberpasado 

#madresimpedidas #madresviolentadas #MadresOlvidadas #madrectomia",https://www.instagram.com/fundacion_crianza_compartida/reel/DKAJnZGRnsu/
2025-05-23T13:07:01.000Z,1952,44,NA,"""Usted se separa de la mamá, no de sus hijos.""

Este video se hizo viral. Y sí, hay mucho que podemos cuestionar: el contenido de la música, el tipo de baile, la sexualización temprana de las niñas a través del vestuario y lo que consumen en medios.

Pero también hay algo que conmueve: un padre separado que no se borra. Que está presente, acompaña, escucha y cumple el sueño de su hija. Aunque ese sueño esté mediado por la televisión y la cultura del espectáculo, lo hace desde el amor.

Porque cuando una niña baila, no solo quiere entretener: quiere ser vista por quienes ama. Y este padre la mira, la celebra y le dice con su presencia: aquí estoy.

Separarse de la pareja no es separarse de los hijos. La corresponsabilidad no termina con la relación: sigue en cada acto, en cada mirada, en cada gesto de amor.

Créditos a : @ Dagoberto Torres

#leycrianzacompartida #PadreEHija #padresseparados #selenaquintanilla #corresponsabilidad #crianzacompartida #viral
#mexico",https://www.instagram.com/fundacion_crianza_compartida/reel/DJ_xwfTAyXx/
2025-05-22T21:34:45.000Z,175,4,NA,"El fenómeno de Falsas Denuncias ha sido abordado desde todos los colores políticos. 

Abogados, jueces, peritos, me han señalado que conocen este fenómeno y que esta investigación es de suma importancia para comenzar a revisar cómo funciona nuestro sistema judicial. 

Entrevista con Cesar del podcast Conciencia Activa, quien, como todo el mundo, conoce a alguien que le ha sucedido esto, confirmando la masividad de este fenómeno. 

“Todos conocemos a alguien”.”",https://www.instagram.com/javierrebolledoesco/p/DJ-Jre3SoYO/
2025-05-22T21:09:23.000Z,NA,NA,NA,"📣 ANUNCIÓ IMPORTANTE 📣
🧠 “LA MENTE DETRÁS DE LA MARCA” ~ YA ES UN PODCAST‼️🎙️

Estamos muy emocionados y agradecidos por él recibimiento que a tenido este proyecto, sobre todo porque nuestra Fundadora lo creo con el propósito de entregar un espacio por y para todos. 

👉🏻 Te invitamos a ver nuestro PRIMER EPISODIO PODCAST  este Viernes 23 de Mayo a las 17:00 hrs de Chile 🇨🇱
NO TE LO PUEDES PERDER 📢

Transmisión por Radio y TV:
💻 www.radiohoy.cl
🎥 Canal 198 App: Zapping TV 
📱 Canal 649 Binet  App: Orbitv

🎤 Donde tendremos como invitada a:
@ps_perito_caroval
Carolina Valenzuela Núñez Psicóloga Clínica hace más de 14 años y Perito Judicial hace 5 años. Además es Presidenta de la Fundación Crianza Compartida Chile cuyo propósito principal es instaurar la corresponsabilidad en la crianza y el cuidado compartido como una forma de garantizar el bienestar de los niños(as) y adolescentes @fundacion_crianza_compartida 

Conocerás hitos importantes en su vida como por ejemplo en qué momento de su vida decidió tomar la dificultad y convertirla en oportunidad para un bien mayor y común. Su trayectoria y experiencia, la labor que hacen como fundación, el equipo que los respalda y las iniciativas que hoy apoyan y visibilizan. 

Esta nueva etapa como el “Primer Ecosistema Global” viene cargada de información, aprendizaje, exponentes, anuncios, sorpresas y alianzas estratégicas para nuestra Comunidad @beyou_international 👑

La primera Cadena de Altruismo Internacional que entrega programas integrales y gratuitos, enfocados en la transformación de vida 💎
🌎 ERES BIENVENID@ para unirte a nuestro lanzamiento oficial 🚀 

Con amor Equipo Be You International
Conduce: @crebolledoh_oficial 
Mentora, Speaker, Fundadora de BYI y Directora Estratégica y Creativa de @somosmujercl

#somosmujer #beyou #podcast #comunidad #programa #mediosdecomunicacion",https://www.instagram.com/beyou_global/reel/DJ-GakSxZ2Q/
2025-05-22T18:45:15.000Z,44,1,NA,"¡Seguimos estrenando Podcast! 

Este y todos los viernes La mente detrás de la Marca -Podcast Conducido por @crebolledoh_oficial Invitada de esta ocasión @ps_perito_caroval directora de @fundacion_crianza_compartida 

¡Viernes! 17 hrs por www.somosmujer.cl y nuestro canal de YouTube. 
Repetición Lunes 12:30 hrs por @radiohoycl 

#somosmujer #fuerzafemeninaquetransforma #femeninasconfuerzaypasion #hoycomunicaciones",https://www.instagram.com/somosmujercl/reel/DJ91K-juNr0/
2025-05-22T12:10:10.000Z,331,3,NA,"Una vez que una hija llega a la vida de un padre, no hay marcha atrás. No existen retractaciones ni anulaciones en el pacto de amor que nace con su llegada.

Es un deber —legal, ético y profundamente humano— estar presente. Acompañarla en su camino hacia la libertad y la madurez, protegiendo su vulnerabilidad hasta que brote la fuerza con la que enfrentará la vida.

De esa experiencia de amor incondicional, nace lo más valioso: padres verdaderamente presentes o lo que en Fundación Crianza Compartida Chile llamamos los Buenos Padres Presentes ✅️

Créditos a @sabriimurr

#papa #hija #papahija #papás #crianzacompartida #leycrianzacompartida
#falsasdenuncias
#PaternidadConsciente",https://www.instagram.com/fundacion_crianza_compartida/reel/DJ9JJs6g_Jl/
2025-05-21T23:44:50.000Z,336,31,NA,"¿Fue una #denunciafalsa la denuncia de violencia intrafamiliar de @fio_choca contra @rafa_cavada ? 

Responde la abogada de Rafael Cavada @mama.abogada en diario @lungram y en post en colaboración con @javierrebolledoesco a @fio_choca .

#falseaccusations #FalsasDenuncias #LeyFalsasDenuncias #presunciondeinocencia #JavierRebolledo",https://www.instagram.com/fundacion_crianza_compartida/p/DJ7zw5SyTti/
2025-05-21T18:38:59.000Z,286,7,NA,"La historia de Luis Enrique y su hija Xana es un testimonio de amor incondicional, dolor profundo y resiliencia. A pesar de la pérdida, el exfutbolista y entrenador ha seguido adelante con una fortaleza que conmueve.

Desde Fundación Crianza Compartida Chile, admiramos su ejemplo y soñamos con el día en que todas las hijas e hijos puedan celebrar junto a sus padres. Por eso, hoy más que nunca, queremos que el PSG gane... para que, de algún modo, Xana vuelva a celebrar con él.

La final de la UEFA Champions League 2024/25 se disputará el sábado 31 de mayo de 2025 en el Allianz Arena de Múnich, Alemania.  El partido enfrentará al Paris Saint-Germain y al Inter de Milán, y comenzará a las 15:00 horas en Chile .

#LuisEnrique #Xana #Resiliencia #CrianzaCompartida #PSG #amordepadre #champions #championsleage",https://www.instagram.com/fundacion_crianza_compartida/reel/DJ7QdvcS6LP/
2025-05-21T14:37:02.000Z,351,29,NA,"Presentación del proyecto de ley contra las falsas denuncias de violencia de género en #argentina🇦🇷

Nuestros respetos a la lucha que las personas e instituciones están llevando en Argentina contra las falsas denuncias y en especial a Andrea Guacci( @andreaguacci1 ) y el @frentedemujeresargentinas .

Nuestro especial reconocimiento a la Senadora @carolosada y al ministro de Justicia @marianocuneolibaronaok . 

Desde Chile nos emocionamos junto a ustedes , lloramos junto a ustedes ,  luchamos junto a ustedes por detener este flagelo social y nos unimos para exigir #bastadefalsasdenuncias .

Cientos de niños y niñas víctimas de procesos de separaciones conflictivas y víctimas de falsas denuncias que se usan para desvincular a padres, madres y familias o directamente para destruir la reputación y la vida de una persona no pueden quedar impunes . 

#FalsasDenuncias #leyfalsasdenuncias",https://www.instagram.com/fundacion_crianza_compartida/reel/DJ60S4OgN0F/
2025-05-20T20:23:28.000Z,67,3,NA,No daremos más detalles hasta que puedan todos ver este maravilloso espacio simplemente agradecer a quienes lo hicieron posible y que siga siempre el foco puesto en nuestros niños. Gracias a los profesionales íntegros que han confiado en nuestra institución y a las familias que han buscado refugio y ayuda por caminar junto a nosotros buscando nuevos caminos y por sobre todo también muy importante el trabajo del área de comunicaciones de nuestra querida fundación @comunicaciones_cc sin ese trabajo hoy no podríamos llegar a tantas personas para transmitir nuestro mensaje,https://www.instagram.com/ps_perito_caroval/reel/DJ42CIhJ61z/
2025-05-20T12:10:06.000Z,44000,280,NA,"Ser padre presente transforma el mundo

No se trata solo de estar en la casa, sino de estar realmente ahí: con la mente, con el corazón, con los sentidos despiertos. Ser-Padre-Ahí . 

El video nos muestra una escena poderosa: un niño corre a despertar a su papá emocionado porque “un meteorito cayó en su pieza”. Podría ser una fantasía infantil o una forma de decir: “necesito que estés conmigo, que me veas, que me escuches.”

Pero el padre lo regaña. Duerme, sí… pero también duerme emocionalmente.
Y entonces el niño, con una madurez que duele, le reclama lo más esencial:

“Nunca me abrazas. Nunca me dices que me amas.”

Ahí está el llamado. No solo del niño, sino de una generación que clama por algo diferente.

Eso es lo que transforma el mundo:
Padres que escuchan. Que validan. Que aman sin miedo. Que están.
Padres que rompen con lo que aprendieron. Que se atreven a hacerlo distinto. Que entienden que nunca es tarde para cambiar, para mirar de verdad al hijo o hija que tienen en frente.

Ser un Buen Padre Presente no es algo dado o relacionado al género. Es una práctica cotidiana. Un compromiso diario.Y puede empezar hoy. Puede empezar ahora.

Porque tus hijos no necesitan perfección, necesitan presencia 
Necesitamos presencia.

#PadresPresentes #CrianzaConAmor #InfanciaImporta #AmorQueTransforma #CrianzaRespetuosa #RomperPatrones #NuncaEsTarde #PresenciaConsciente #PaternidadActiva",https://www.instagram.com/fundacion_crianza_compartida/reel/DJ3_jXkAcFO/
2025-05-19T15:43:07.000Z,13000,341,NA,"La #LeyCrianzaCompartida busca que hijos e hijas de padres separados convivan el mismo tiempo con su mamá o papá, o que las decisiones respecto a ellos sean tomadas por igual. 🏡

Por una crianza colaborativa, coparticipativa y corresponsable.

¿Te sumas a esta iniciativa? Firma en el enlace de nuestra biografía ✍️⬇️

#LeyCrianzaCompartida
https://chng.it/G5FmrLCmkR",https://www.instagram.com/fundacion_crianza_compartida/reel/DJ1zADjR2SH/
2025-05-19T12:05:35.000Z,816,51,NA,"👦Al final gana quien se queda con las manos llenas pero mi hija dibujó a todos ♥️

Cuenta José Manuel Aguilar Cuenca en su libro ""Con mamá y con papá"":

' (...) hoy en día parece que hiciera falta llevar a cabo un plebiscito para decidir si un padre puede tener los mismos derechos que una madre para criar a sus hijos. Sin duda la psicología evolutiva nos aporta los datos que necesitamos para tomar una decisión, pero es la respuesta de una niña de cuatro años, que yo he tomado prestada para titular esta obra, la que mayor luz puede darnos sobre este tema, devolviéndonos con sencillez los deseos legítimos de los hijos.” 

¡Dime cariño! Y tú, ¿con quién quieres vivir?
¡Con mamá y con papá!
Marta (4 años)”

#paternidadeativa #maternidad #crianzacompartida #perspectivadelainfancia #LeyCrianzaCompartida",https://www.instagram.com/fundacion_crianza_compartida/reel/DJ1aHZtgdQ4/
2025-05-18T21:40:48.000Z,511,12,NA,"Dani nos escribe por interno : 

"" Mi pololo en la maratón recordando a sus hijos que no ve hace 6 meses por falsas denuncias "" 

El mensaje es claro : 

"" Hijos , los amo y extraño . Basta de Falsas Denuncias "". 

Desde Fundación Crianza Compartida Chile vemos que aqu hay paternidad de sobra , lo que falta es justicia y respeto a los derechos de vinculación de niños y niñas impedidos de contacto. 

Como Cristopher hay cientos de papás luchando por un solo objetivo: PATERNAR EN PAZ . 

#FalsasDenuncias #ImpedimentoDeVínculo #NiUnaInfanciaMenos #maraton #PaternidadConsciente #PaternidadPresente",https://www.instagram.com/fundacion_crianza_compartida/p/DJz3MRUSMtN/
2025-05-18T16:16:52.000Z,168,35,NA,"En el Día Internacional contra la Explotación Sexual Comercial de niños/as la sociedad civil pide saber, ¿ qué pasó con el caso de Explotación Sexual en el hogar la Hualpén y la ex directora Evelyn Oñate Camaño quien facilitaba niños de 6 y 8 años a donantes de la institución para que fueran abusados a cambio de dinero ? 

El Caso

La Defensoría de la Niñez ( @defensoria_ninez ) presentó una querella por los delitos de violación, abuso sexual agravado y explotación sexual infantil contra Evelyn Oñate Camaño, jefa de la residencia colaboradora del Sename ( actual @servicioproteccion ) llamada Nido, y contra quienes resulten responsables como autores, cómplices o encubridores de una serie de delitos sexuales cometidos en contra dos niños de ahora 8 y 6 años, ocurridos durante 2019 y denunciados el pasado 14 de abril. Los menores de edad, según se señala en la acción judicial, fueron separados de sus familias y entregados a este centro en septiembre de 2014 y permanecieron ahí hasta mayo de 2019.

Según el documento, la directora habría sido la encargada de llevar a dos pequeños, en forma reiterada, a habitaciones separadas del recinto, donde eran abusados sexualmente por hombres y mujeres adultos, quienes pagaban por mantener estas relaciones sexuales. La querella también acusa a Oñate de cometer actos de connotación sexual en contra de los menores de edad, según connotó La Tercera.

Fuente @elmostrador

#NiUnaInfanciaMenos #JusticiaParaNuestrosHijos #EvelynOñateCamaño #Sename #sistemadeproteccion #derechosdelosniños",https://www.instagram.com/fundacion_crianza_compartida/reel/DJzPysKRaxo/
2025-05-18T21:42:05.000Z,642,37,NA,"Declaraciones del periodista @rafa_cavada respecto al sobreseimiento total y definitivo en causa de falsa denuncia por violencia intrafamiliar ( física  y psicológica ) de su ex pareja y madre de sus hijos @fio_choca 

Es importante hacer un punto respecto a dos asuntos. 

1. Comprender y perdonar no implica justificar ni eximir de responsabilidad moral, social o legal a la persona que mal utiliza el sistema de protección hacia la mujer para hacer una falsa denuncia contra el padre de sus hijos. 

2. Se confirma en este caso que las falsas denuncias se usan con fines secundarios, principalmente , temas económicos o como castigo a la nueva relación de pareja. 

3. Si bien las instituciones funcionaron en este caso , hay otros muchos casos donde las instituciones no funcionan y padres o madres falsamente denunciados se ven privados del vínculo con sus hijos o condenados por un sistema judicial en familia que opera en base a cierto sesgo de género y prejuicio muy arraigado , donde el hombre es sospechoso siempre de ser una persona violenta y donde la mujer se presume que es un víctima a priori y , por lo tanto , su sola declaración de una presunta agresión puede suspender el régimen comunicacional de un padre con sus hijos ( art.  34 , ley 21.675 y ley 20.066 ) o bien, condenar a un inocente. 

4. ¿ Si Rafael Cavada hubiera sido condenado por violencia intrafamiliar podría sostener que las instituciones funcionan ? Claramente que no y , además, eso no lo podría decir en público ya que ante una posible condena , se hubiera propuesto una suspensión condicional del procedimiento y dentro de las condiciones se hubiera incluido no referirse públicamente a la ex pareja ni a la causa judicial. 

5. La nueva pareja , en la experiencia de la Fundación , ha llegado a ser un pilar fundamental para hombres desvinculados de sus hijos y @dianaaurenque lo confirma. Y ya no solo se le reconoce por el vínculo con el padre falsamente denunciado o desvinculado de sus hijos sino por la parentalidad complementaria que puede llegar a a ejercer como madrastra. 

#LeyFalsasDenuncias #impedimentodevinculos #PresuncionDeInocencia #rafaelcavada",https://www.instagram.com/fundacion_crianza_compartida/p/DJxs9zzMftC/
2025-05-17T14:28:49.000Z,39,1,NA,Que importante es sanar nuestra historia vital para construir relaciones sanas con las personas que amamos. Es un acto de amor propio y también de la búsqueda de bienestar mental,https://www.instagram.com/ps_perito_caroval/reel/DJwg20Dti6E/
2025-05-16T21:34:06.000Z,307,30,NA,"Ante la carta firmada por 200 ejemplares, documentos varios, descalificaciones de personas como @jandres.murillo y @paralaconfianza , entre otros, a continuación publico un extracto de respuesta.",https://www.instagram.com/javierrebolledoesco/p/DJus1d4y0lf/
2025-05-16T12:52:20.000Z,247,12,NA,"La importancia del padre en la vida de los hijos 

Excelente resumen de @tuttletwinstv_es que da cuenta de una larga lista de investigaciones que dan cuenta de la importancia de que ambos padres estén presentes en la vida de los hijos y , particularmente , el padre. 

#paternidadactiva #padresprimerizos #serpadres #CrianzaCompartida #coparetalidad #corresponsabilidad",https://www.instagram.com/fundacion_crianza_compartida/reel/DJtw8a-gfVF/
2025-05-15T21:24:47.000Z,362,35,NA,"🔴 Tras varios intentos de funa y distintas cartas abiertas en contra de “Falsas Denuncias, una investigación sobre padres acusados de abuso sexual”, voces femeninas han destacado el aporte de esta investigación. 

Este es un flagelo que debe ser observado con altura de miras, con el propósito de defender a los niños y niñas, y no convertir esto en un debate de género.",https://www.instagram.com/javierrebolledoesco/reel/DJsF4y9SLxA/
2025-05-15T20:56:29.000Z,265,13,NA,"#diadelafamilia en #Chile 

Nada más que agregar 🤫

#NiñezConAmbosPadres #DerechosDeInfancia #Corresponsabilidad #vulneraciondederechosdelosniños #niñezmasprotegida",https://www.instagram.com/fundacion_crianza_compartida/p/DJsDu8dyIdX/
2025-05-14T13:01:37.000Z,118,32,NA,"⚖️La Justicia permitió a un adolescente usar el apellido de quien realmente siente como su padre, aunque no le quitó la responsabilidad parental al progenitor biológico.

❓Sabías que podés solicitar el cambio de apellido en ciertos casos?

👉🏻Dejame tu comentario⬇️⬇️⬇️

Si necesitas asesoramiento legal, no dudes en contactarme!
📞+54 9 11 4916 1178
📧monicamarchisella@gmail.com
✨¡Gracias por visitar mi perfil

#abogada #abogadamediadora
#abogadadefamilia
#monicamarchisella #familia
#divorcios  #sucesiones #asesoramientolegal #nordelta #caba #cambiodeapellido #responsabilidadparental #derechodefamilia",https://www.instagram.com/monicamarchisella/p/DJool_vgenD/
2025-05-14T12:10:54.000Z,80000,823,NA,"Cuando los padres separados se tratan con respeto, los hijos no solo lo notan… ¡lo sienten!

Una relación cordial entre mamá y papá crea un ambiente más sano, con menos ansiedad y más amor.

Les enseña a resolver conflictos con empatía y les da seguridad para crecer emocionalmente fuertes.

No se trata de ser amigos, sino de ser un buen equipo. Por tus hijos, vale la pena.

Coparentalidad = bienestar emocional infantil.

#leycrianzacompartida #crianzacompartida #separacionessanas #separacionesconhijos",https://www.instagram.com/fundacion_crianza_compartida/reel/DJoizC8AF9O/
2025-05-13T20:53:37.000Z,456,64,NA,#FalsasDenuncias y #feminismo : el estado actual del debate sobre el Libro de @javierrebolledoesco,https://www.instagram.com/fundacion_crianza_compartida/p/DJm50J4SwKc/
2025-05-13T12:10:27.000Z,619,10,NA,"El lazo entre un padre y su hijo es una escuela silenciosa de identidad, fortaleza y afecto. 

Un padre presente enseña a través del ejemplo: cómo manejar emociones, construir relaciones sanas y ser un hombre íntegro. No se trata de dureza, sino de cercanía. 

La valentia de un padre se expresa con amor y cercanía hacia los hijos .

Papá , ¡No temas acercarte a tu hijo y decirle lo mucho que lo amas sin condiciones!

#paternidadactiva #serpapá #hijossanos #crianzarespetuosa #crianzacompartida #leycrianzacompartida #fundacioncrianzacompartidachile",https://www.instagram.com/fundacion_crianza_compartida/reel/DJl98eNgbCi/
2025-05-12T22:27:38.000Z,574,59,NA,"“La inquisición líquida: feminismo, poder y la herejía de Javier Rebolledo” 

Columna de Claudia Molina, periodista de @factoscl 

Todo lo que está pasando, a propósito de la persecución, la violencia, las descalificaciones, permite que voces femeninas se levanten y opinen distinto.

Agradezco mucho el apoyo.”",https://www.instagram.com/javierrebolledoesco/p/DJkfyCkSgUt/
2025-05-13T02:58:21.000Z,138,31,NA,"Esto no es una guerra de géneros, esto es volver a poner el foco en la infancia, miles de niños hoy están sufriendo de profundas desvinculaciones por malas intervenciones, por denuncias falsas, por malos diagnósticos. Las autoridades de nuestro país deben volver a poner la urgencia hacia la restitución de los derechos de vinculación de los niños(a) y adolescentes. El sufrimiento de tantas familias nos muestra la necesidad de buscar soluciones contundentes y efectivas para volver a proteger a nuestros niños!!! @mijail_lemunir_guevara @abogadorodolfomarin @javierrebolledoesco @soytupsico_loga @mamaymadrastra_ @franciscopachecoabogado @marciamarchantf",https://www.instagram.com/ps_perito_caroval/reel/DJkI0-_uyGf/
2025-05-11T14:15:21.000Z,70,4,NA,"En el #ᴅɪᴀᴅᴇʟᴀᴍᴀᴅʀᴇ los invitamos a leer la entrevista realizada a María José Bianchi ( @mariajosebianchicalendino ) , autora del libro El Hechizo Narcisista .

En el contexto de la campaña #LaOtraLuchaMaterna recomendamos la lectura de este libro imprescindible.

“El Hechizo Narcisista” es mucho más que un libro: es un grito de libertad, una cicatriz transformada en arte, una guía para quienes aún no encuentran las palabras para nombrar el dolor. María José Bianchi narra con honestidad desgarradora su tránsito por una relación de abuso emocional y su lucha como madre víctima de impedimento de contacto.

Este testimonio conmueve, empodera y abre los ojos. Un imprescindible para quienes buscan sanar, comprender o acompañar a quienes transitan vínculos con personas narcisistas

#entrevistas #impedimentodevinculos #impedimentodecontacto #alienacionparental #madresimpedidas #madresviolentadas #Madres #falsasdenuncias #crianzacompartida #elhechizonarcisista",https://www.instagram.com/fundacion_crianza_compartida/p/DJhCpfLRf2o/
2025-05-10T23:59:22.000Z,26,2,NA,"Hola querida comunidad , 

Desde Fundación Crianza Compartida Chile les deseamos un feliz día de la madre a todas las mujeres de la comunidad que cumplen ese rol y se ven impedidas o limitadas en los tiempos con sus hijos o que cumpliendo otros roles como abuelas,  tías,  hermanas, madrastras , se ven impedidas de todo contacto . 

En el marco de la campaña  #LaOtraLuchaMaterna realizaremos un zoom exclusivo para ustedes con una invitada especial. 

Esperamos que puedan conectarse y participar con cámara encendida o apagada . 

Esto no será retransmitido por ninguna plataforma. 
Preferimos darle prioridad al diálogo natural , sin exposición y resguardando su emocionalidad .

Mañana enviaremos enlace de conexión por nuestros grupos internos 🤗 Nos vemos .",https://www.instagram.com/fundacion_crianza_compartida/p/DJfgsLbyWck/
2025-05-09T16:12:55.000Z,359,34,NA,"En el nombre de la protección, a veces se cometen errores irreparables.
Niños que crecen creyendo haber sido abusados o maltratados por su padre o madre  cuando en realidad fueron víctimas de falsas memorias implantadas en procesos de separaciones conflictivas donde ellos fueron el arma definitiva contra el progenitor denunciado. 

Este carrusel no busca negar los abusos reales, sino visibilizar otra forma de violencia infantil: la manipulación emocional y judicial que destruye vínculos esenciales.

La memoria puede ser frágil. La infancia, aún más.

Si trabajas en infancia, justicia, salud mental o simplemente te importa el bienestar de los niños, este contenido es para ti.

Infórmate. Duda con responsabilidad. Escucha con conciencia.

Comparte este post si crees que todos los niños tienen derecho a la verdad.

#InfanciaPrimero #FalsasMemorias #ElizabethLoftus #JusticiaFamiliar #DerechosDelNiño #CrianzaCompartida #AlienaciónParental #FalsasDenuncias #Psicología #Memoria #PadresInocentes #nomásseparacionesinjustas

#falsasdenuncias #falsasmemorias #elizabethloftus #falsasacusaciones #ManipulaciónAfectiva",https://www.instagram.com/fundacion_crianza_compartida/p/DJcGMdIsjD0/
2025-05-09T12:42:10.000Z,357,22,NA,"¿Los hombres reaccionan al peligro y las mujeres al llanto del bebé?

En este video se plantea una idea provocadora: que biológicamente las mujeres se despiertan con el llanto del bebé y los hombres con sonidos amenazantes del entorno. ¿Instinto protector vs. instinto maternal? Suena lógico… pero la realidad es mucho más compleja .

Es cierto que hay diferencias neurobiológicas. Algunos estudios muestran que el cerebro femenino tiende a activarse más ante el llanto infantil, especialmente en zonas ligadas al cuidado y la atención. Pero esto no significa que los hombres estén “programados” para ignorar a sus hijos mientras duermen.

Las respuestas al llanto del bebé también están moldeadas por la cultura, la experiencia y la historia emocional de cada persona. En algunas culturas, por ejemplo, los bebés son atendidos de inmediato al llorar, mientras que en otras se fomenta que ""lloren un rato"" para volverse más independientes. No hay una sola forma “natural” de responder: hay muchas formas aprendidas.

Y ojo, también influye la psicología individual: si de niño no te consolaban cuando llorabas, es posible que te cueste más conectar con el llanto de tu hijo. Por eso, más que una reacción automática, el vínculo con nuestros hijos se construye, se aprende y se transforma con el tiempo, sin importar el género.

No somos solo biología. Somos cultura, historia, emociones… y aprendizaje.

¿ Qué opinas ? Déjanos tu comentario o experiencia. 

#paternidad #maternidad #hijossanos #crianzarespetuosa #crianzacompartida #DerechosDeInfancia",https://www.instagram.com/fundacion_crianza_compartida/reel/DJbuDqiABzN/
2025-05-08T16:38:08.000Z,466,44,NA,"Los padres hacen historia en la vida de sus hijos 🤗

Cuando hay amor, persistencia y confianza en el vínculo único que has construido con tus hijos, todo es posible. Porque cuando actuamos desde el amor, desde la convicción profunda de que somos una parte fundamental en sus vidas, no hay obstáculo que no pueda superarse. En la Fundación Crianza Compartida Chile creemos firmemente que el amor parental, sostenido con compromiso y resiliencia, puede abrir caminos incluso en medio de la adversidad. Por nuestros hijos, por su derecho a crecer con ambos padres presentes, seguimos adelante. Porque nada es imposible cuando se lucha desde el corazón.

#CrianzaCompartida #leycrianzacompartida #impedimentodevinculos #DerechosDeLaInfancia ##NiñezConAmbosPadres #PaternidadActiva #CuidadoPersonal #NiñezMasProtegida",https://www.instagram.com/fundacion_crianza_compartida/p/DJZkmt-RDfI/
2025-05-08T14:37:03.000Z,415,5,NA,"El amor de una madre hacia el hijo varón. 

Cuando ese vínculo es sano, se convierte en el modelo de respeto y confianza para toda la vida.
Y cuando se rompe, aún puede repararse.
El amor también es resiliencia.

Las investigaciones lo confirman:
""Las experiencias tempranas de apego predicen patrones en las relaciones románticas 20 años después.""
(Estudio Universidad de Minnesota, Jeffry Simpson
Fuente: @psychscience )

Pero eso no significa que el pasado determine el futuro:
""Las experiencias tempranas no son definitivas. El cambio es posible.""
(Celia Zayas, psicóloga
Fuente: @cornelluniversity )

En Fundación Crianza Compartida Chile creemos en el poder del reencuentro.

En la reparación del daño.

En el derecho de madres e hijos a reconstruir su vínculo, incluso después de una separación.

Porque ningún niño debería crecer sin la posibilidad de volver al amor que lo vio nacer.

#CrianzaCompartida #VínculoMaterno #Reencuentro #Resiliencia #Infancia #AmorQueRepara #ApegoSeguro #DerechoAFamilia ##NoAlImpedimentoDeContacto #DiaDeLaMadte #DerechosDeLaInfancia #NiñezConAmbosPadres",https://www.instagram.com/fundacion_crianza_compartida/reel/DJZVTMRghpB/
2025-05-07T21:12:09.000Z,75,3,NA,"En los caminos complejos de las familias reconstituidas, surgen emociones difíciles de nombrar , por ejemplo, la pregunta sobre el 😔 luego de una falsa denuncia que lo destruye todo a su paso. 

¿Han perdonado a su ex pareja por el daño que causó?

¿Y tú, madrastra, has perdonado a la madre de tu hijastro?

Desde Fundación Crianza Compartida Chile, no buscamos dar respuestas, sino abrir espacios para reflexionar sobre lo que muchas veces no se dice.

El perdón, en estos contextos, no siempre llega, no siempre es posible… y eso también es válido.

Nos interesa poner en palabras lo incómodo, lo que incomoda incluso en la intimidad del pensamiento.

¿Hay perdón luego del impedimento de vínculos , después de una falsa denuncia , después de tratar de anularte como padre ?

En la primera parte del video aparece Estefany Riquelme ( @soytupsico_loga ) psicóloga y perito judicial y parte del equipo de Fundación Crianza Compartida. 

En la segunda parte aparece Valentina de @mamaymadrastra_ integrante de la comunidad de la crianza compartida. 

#madrastras #cartas #madres #falsasdenuncias #crianzacompartida #falsasacusaciones #leyfalsasdenuncias #perdón #librofalsasdenuncias #JavierRebolledo",https://www.instagram.com/fundacion_crianza_compartida/reel/DJXdrGeyA7t/
2025-05-06T21:38:34.000Z,335,58,NA,"Mi replica a la columna de Isabel Plant en referencia a mi libro, publicada hoy en @theclinic_cl, a quienes agradezco que me publiquen. 

En su columna, la periodista @isabelplantreti se equivoca, confunde cifras y escribe sin empatía sobre los testimonios del libro. 

Puede estar molesta por el contenido del libro. Lo que no tiene derecho es a inventar cifras. Solo defiende una idea, no sabemos bien por qué, asegurando que el sistema debe equivocarse en favor de proteger la sexualidad de niñas y niños. 

Lo reporteado muestra que cuando ocurre, no solo se destruye a ese niño o niña, sino también a todo su entorno afectivo.

https://www.theclinic.cl/2025/05/06/replica-a-la-columna-de-isabel-plant-en-referencia-al-libro-falsas-denuncias/",https://www.instagram.com/javierrebolledoesco/p/DJU9ZYCyBIH/
2025-05-06T12:05:59.000Z,913,30,NA,"""Se separaron cuando ella tenía solo 4 años. Hoy, 24 años después, ambos ya mayores, siguen acompañándose con respeto y cariño. Él aún ayuda a la madre de su hija, y aunque la relación de pareja terminó hace tiempo, nunca dejaron de ser un equipo. La más agradecida es ella, su hija, que creció viendo a sus padres apoyarse, sin gritos ni peleas, solo amor transformado en respeto.""

#crianzacompartida #leycrianzacompartida #impedimentodevinculos #derechosdelosniños #separacionesconhijos #separacionessanas #divorcio #DivorcioConAmor #divorciosano",https://www.instagram.com/fundacion_crianza_compartida/reel/DJT7uQQAZUm/
2025-05-05T13:03:58.000Z,382,22,NA,"¿Qué hago yo con mi ex un sábado a las 4 p. m. paseando a nuestra hija en la plaza con su nueva hija, para que convivan las hermanas?

Esa es la pregunta que se hace Paulina, madre biológica, mientras comparte este video. Y lo acompaña con una frase que dice mucho en pocas palabras: ""Nos costó una demanda nomás.""

¿Qué es una familia ensamblada?

Es aquella en la que uno o ambos adultos tienen hijos de relaciones anteriores, y aun así, deciden construir algo nuevo, con lo que hay, con quienes están.

Esta imagen que puede parecer tan simple ( una tarde en la plaza, niñas jugando, adultos conversando) es, para muchos, una meta lejana. Porque sí, llegar ahí muchas veces cuesta. Y a veces, lamentablemente, cuesta hasta una demanda.

¿Era necesario judicializar algo así?
No. Si no hay maltrato, si no hay vulneración de derechos, si solo hay vínculos nuevos por formar, lo que se necesita no es un tribunal, sino diálogo, respeto y acompañamiento.

Es obvio, sí. Pero a veces lo obvio hay que repetirlo: permitir antes que prohibir. Validar todos los roles parentales. Poner el foco en el bienestar de los niños, no en las heridas, los miedos o los resentimientos de los adultos.

Los niños no necesitan que les achiquemos el mundo por conflictos que no les pertenecen. Necesitan espacios donde el amor pueda fluir con naturalidad. Donde puedan decir “ella es mi hermana” sin tener que pedir permiso.

Construir nuevas formas de familia no es fácil, pero es posible. Y vale la pena.

#PaternidadConsciente #separacionesconhijos #separacionessanas #DivorcioConAmor #coparetalidad #CrianzaCompartida #familiasensambladas",https://www.instagram.com/fundacion_crianza_compartida/reel/DJRdjF3AaMu/
2025-05-04T12:40:50.000Z,534,16,NA,"La resiliencia de una Maternidad a solas . 

Una madre canta en la vía pública mientras su hija juega a su lado. Esta escena no solo refleja esfuerzo y resiliencia, sino también el compromiso cotidiano de tantas mujeres por ofrecer a sus hijos un entorno digno y afectivo, incluso en condiciones difíciles.

En Fundación Crianza Compartida Chile creemos firmemente que criar no debe ser una tarea en solitario. La presencia activa de ambos progenitores no solo alivia la carga práctica y emocional, sino que enriquece el desarrollo de los niños y niñas, fortaleciendo sus vínculos y su seguridad emocional.

Por eso promovemos una cultura de corresponsabilidad parental: donde la paternidad no sea circunstancial ni opcional, sino parte activa y permanente de la vida familiar. Avanzar hacia este modelo no es solo justo: es posible y necesario.

Reconocemos y valoramos el esfuerzo de tantas madres que sostienen, educan y acompañan con dedicación. Y trabajamos para que nunca más tengan que hacerlo solas.

¿ A cuantas mamás has visto en la feria vendiendo ropa acompañada de sus hijos o en las estaciones de metro tirando un paño con productos y con una sillita a su costado donde su hija/o juega mientras ella trabaja ? 

¿ Qué te provoca ver esta situación ? A nosotros nos conmueve profundamente y reconocemos el esfuerzo de esa mamá y entendemos que no siempre existen las redes de apoyo para dejar a a los hijos al cuidado de otras personas.  No se trata de idealizar esta situación sino de pensar más allá ; más allá de la crítica fácil y el juicio sin compasión.  Se trata de ayudar a quien lo necesita aparte de poner el foco en la ausencia de corresponsabilidad . 

Gracias a @nadie.lamusica por permitirnos conocer su historia. 

#maternidadmonoparental #maternidadreal #madreehija #leycrianzacompartida #crianzacompartida #corresponsabilidadparental",https://www.instagram.com/fundacion_crianza_compartida/reel/DJO1j_RAcf9/
2025-05-03T23:08:50.000Z,116,7,NA,"Carolina Valenzuela ( @ps_perito_caroval ) presidenta de Fundacion Crianza Compartida Chile habla sobre los obstáculos para la crianza compartida y la paternidad activa en el sistema judicial. 

La #LeyCrianzaCompartida busca que hijos e hijas de padres separados convivan el mismo tiempo con su mamá o papá, o que las decisiones respecto a ellos sean tomadas por igual. 🏡

Por una crianza colaborativa, coparticipativa y corresponsable.

¿Te sumas a esta iniciativa? Firma en el enlace de nuestra biografía ✍️⬇️

#LeyCrianzaCompartida
https://chng.it/G5FmrLCmkR",https://www.instagram.com/fundacion_crianza_compartida/reel/DJNYu_0y_P4/
2025-05-03T22:45:44.000Z,211,15,NA,"El abuso del cuidado personal exclusivo por @franciscopachecoabogado 

La #LeyCrianzaCompartida busca que hijos e hijas de padres separados convivan el mismo tiempo con su mamá o papá, o que las decisiones respecto a ellos sean tomadas por igual. 🏡

Por una crianza colaborativa, coparticipativa y corresponsable.

¿Te sumas a esta iniciativa? Firma en el enlace de nuestra biografía ✍️⬇️

#LeyCrianzaCompartida
https://chng.it/G5FmrLCmkR",https://www.instagram.com/fundacion_crianza_compartida/reel/DJNWFPfyxA6/
2025-05-02T13:55:00.000Z,139,11,NA,#PaternidadConsciente #paternidad #corresponsabilidadparental #CrianzaCompartida #LeyCrianzaCompartida #PaternidadPresente #paternidadactiva,https://www.instagram.com/fundacion_crianza_compartida/p/DJJ1KqORZDZ/
2025-05-02T12:05:35.000Z,58,2,NA,"¿Sabías que el porteo y el involucramiento temprano del padre fortalecen el apego y fomentan una paternidad más presente y conectada?

Llevar a tu hijo cerca, en contacto piel con piel, no solo calma y regula al bebé, también fortalece el vínculo afectivo y construye seguridad emocional desde los primeros días.

Un estudio realizado por la PUCP concluyó que “existe una relación significativa entre el involucramiento paterno temprano y la seguridad del apego en niños preescolares” (Zegarra & Figueroa, 2015).

¡Portea, papá!
El porteo no es solo para mamás. Es una herramienta poderosa para crear vínculo, presencia y corresponsabilidad desde el inicio. En Fundación Crianza Compartida creemos que una paternidad activa y amorosa transforma vidas.

Construyamos juntos una cultura de corresponsabilidad desde el primer abrazo.

Más información en @bien_porteado

#PaternidadPresente #PorteoPaterno #ApegoSeguro #CrianzaCompartida #fundacióncrianzacompartidachile",https://www.instagram.com/fundacion_crianza_compartida/reel/DJJoowVxlEj/
2025-05-01T12:21:21.000Z,1597,21,NA,"#DíaDelTrabajador

Hoy honramos a miles de madres y padres trabajadores que lo dan todo por sus hijos, incluso a costa de su salud física, emocional y mental. A quienes se autoexplotan, se desgastan, y aun así no bajan los brazos ( no romanticemos la autoexplotación ) 

A ti, mamá cajera, papá minero. A ti, conductor de bus, mamá psicóloga, padre de la construcción, madre asesora del hogar, trabajador del aseo, vendedora de mall, funcionaria pública, trabajador del mundo privado. A quienes hacen malabares con dobles jornadas, teletrabajo, guarderías y horarios extremos.

Un reconocimiento especial a los papás y mamás que cumplen con la pensión alimenticia. Sabemos que muchos los miran en menos , como también se invisibiliza a tantos trabajadores esenciales. Hoy queremos decirles: los vemos, los valoramos y luchamos por ustedes y el reconocimiento de su esfuerzo económico y afectivo .

En Fundación Crianza Compartida Chile seguiremos trabajando para que veas más a tus hijos que a tu jefe.
Porque criar no es un privilegio, es un derecho.

Hasta que pedir permiso laboral para llevar a tu hijo al médico no sea motivo de amenaza.

Hasta que el fuero laboral sea justo para hombres y mujeres.

Hasta que el postnatal sea un derecho real también para los padres.

Feliz Día del Trabajador y Trabajadora.
Tu esfuerzo merece respeto, dignidad y tiempo para criar.

#postnatalpaterno #coparetalidad #ConciliaciónFamiliar #corresponsabilidadparental #CrianzaCompartida",https://www.instagram.com/fundacion_crianza_compartida/p/DJHFp47R-3-/
2025-04-30T23:28:19.000Z,260,28,NA,"Respondiendo a Fundación para la Confianza

Yo siento empatía por las víctimas del caso Karadima y el significado que tuvo la Fundación Para La Confianza @paralaconfianza 

Pero tengo que decir que la carta que publicaron respecto a Falsas Denuncias no tiene nada que ver con el contenido del libro. Estan errando el foco, no lo cuestiona y presentan otras cifras que no se hacen cargo de esta denuncia. 

Espero que no se permitan instrumentalizar por una estrategia de Juan Pablo Hermosílla, el defensor de uno de los hombres más corruptos de este país.",https://www.instagram.com/javierrebolledoesco/p/DJFlVGxyL4W/
2025-04-30T13:10:17.000Z,43,6,NA,"❓Sabías que los abuelos también tienen derecho a mantener el vínculo con sus nietos?👵👴👦🏻
⚖️La Justicia priorizó el interés superior del niño, trabajando una revinculación respetuosa y gradual.

❓Qué opinás de este fallo?
👉🏻Dejame tu comentario⬇️⬇️⬇️

Si necesitas asesoramiento legal, no dudes en contactarme!
📞+54 9 11 4916 1178
📧monicamarchisella@gmail.com
✨¡Gracias por visitar mi perfil

#abogada #abogadamediadora
#abogadadefamilia
#monicamarchisella #familia
#divorcios  #sucesiones #asesoramientolegal #nordelta #caba #revinculacionfamiliar #regimendecomunicacion",https://www.instagram.com/monicamarchisella/reel/DJEmYj3AWdv/
2025-04-30T12:05:58.000Z,783,31,NA,"¡Así se ve el amor cuando papá llega al colegio!
Esta escena llena de alegría y ternura no debería ser la excepción, sino la regla.

Porque cuando hablamos de corresponsabilidad parental, hablamos de que mamá y papá, estén juntos o separados, tienen el derecho y el deber de participar activamente en la educación de sus hijos.

¿Sabías que ... ? 

Según la Circular N°27 de la Superintendencia de Educación de Chile, no existe en la ley la figura de “apoderado titular” y “apoderado suplente”?

Esa distinción la hacen los colegios, pero no tiene respaldo legal.

Ambos progenitores tienen los mismos derechos para informarse, participar y ser parte del proceso educativo de sus hijos.

¡La educación también se construye con presencia, cariño y corresponsabilidad!

#CorresponsabilidadParental #DerechosDePadres #EducaciónSinDiscriminación #Circular27 #PadresPresentes #CrianzaCompartida #SuperintendenciaDeEducación #DerechoDeLosNiños ##leycrianzacompartida #crianzacompartida #Educación",https://www.instagram.com/fundacion_crianza_compartida/reel/DJEfCbLACKt/
2025-04-29T16:30:09.000Z,34000,1567,NA,"El libro Falsas Denuncias llega a @sinfiltros_tv justo a @javierrebolledoesco

¿ Te esperabas esta entrevista ? 

La diputada @diputadamonicaarce no supo responder a la interpelación de @gonzalofeito

En Fundación Crianza Compartida Chile entendemos que las denuncias falsas afectan a padres, madres y familias.  Hemos conocido demasiados casos donde la violencia instrumental se deja caer sobre abuelas/os y tias como para no plantear que una denuncia falsa puede destruir toda una estructura familiar.  Así también hemos recibido varios casos de madres denunciadas falsamente y que , por supuesto , hemos ayudado porque sabemos que al ayudar al padre o madre afectado a la ves estamos ayudando a que un niño o niña no crezca sin una figura de cuidado y amor. 

No obstante , no podemos negar que la inmensa mayoría de denunciados en contextos de separaciones conflictivas hoy en día son hombres-padres y que muchos de ellos están siendo afectados por una mal entendida perspectiva con sesgo de género que los ve como el sujeto opresor y privilegiado , cuando sabemos que no es así , ni de un lado ni de otro . 

La diputada en cuestión es integrante de la comisión de familia y ha sido una opositora a la #LeyCrianzaCompartida porque ella tiene una idea de los hombres-padres donde la mayoría o son violentos o potenciales agresores . Juzgue usted con su voto 🤗

#JavierRebolledo #derechosdelosniños #LibroFalsasDenuncias #falsasdenuncias #impedimentodevinculos #fundacióncrianzacompartida #sinfiltrostv 

@sebaeyzaguirre7 @Abogado Rodolfo Marín @Alejandro Flores LEY VIR Sol G ☀️🩵",https://www.instagram.com/fundacion_crianza_compartida/reel/DJCXm2UpuMC/
2025-04-29T14:05:07.000Z,396,29,NA,"Intégrese a la comunidad de la crianza compartida 🥰 Necesitamos familias enteras comprometidas contra la obstrucción de vínculos ,  a favor de la crianza compartida y los derechos de niños, niñas y adolescentes a convivir con ambas familias .

Digamos todos y todas juntas #niunainfanciamenos

#impedimentodevinculos #CrianzaCompartida #InterferenciasParentales ##LibroFalsasDenuncias #FalsasDenuncias",https://www.instagram.com/fundacion_crianza_compartida/p/DJCH-NcRYhx/
2025-04-29T12:00:07.000Z,127,13,NA,"El cuidado compartido efectivamente promueve bienestar emocional, buena autoestima y un menor impacto en lo hijos posterior a la separación. Sin embargo para que esta pueda resultar de mejor manera la comunicación efectiva entre los padres, la buena coordinación y el respeto de acuerdos es de mucha relevancia para que esta se dé sin perjudicar la estabilidad emocional de los hijos #cuidadocompartido #parentalidadpositiva #corresponsabilidadparental #bienestarsuperiordelniño",https://www.instagram.com/ps_perito_caroval/reel/DJB5uH6psWb/
2025-04-28T19:15:10.000Z,218,8,NA,"Entrevista junto a Daniela Figueroa de Radio Usach. 

“Decir que esto no existe, es lo mismo que sucedía en la dictadura militar, cuando se decía “esto no ocurre” sólo porque el Estado lo dice, lo que pude pesquisar es que el Estado no tiene idea.” 

Acá hay un error del sistema completo, con negligencias y sesgos. En la historia de Jorge Tocornal ni siquiera hubo una segunda línea investigativa, esto es un error grave para cualquier proceso.",https://www.instagram.com/javierrebolledoesco/p/DJAGoBiSh_6/
2025-04-28T18:00:42.000Z,1569,14,NA,"La memoria emocional en la infancia es ese rincón de la conciencia donde se guardan los momentos que nos marcan para siempre. Para hijos e hijas de padres separados, especialmente cuando los ven poco o enfrentan impedimentos de vínculo, esos recuerdos son aún más valiosos: son el puente que mantiene viva la conexión, aunque el tiempo o las circunstancias los separen.

La neurociencia ha demostrado que las experiencias emocionales intensas durante la infancia se consolidan en la memoria a largo plazo, gracias a la interacción entre la amígdala y el hipocampo, estructuras cerebrales clave en el procesamiento emocional y la formación de recuerdos . Además, estudios recientes indican que los bebés son capaces de codificar recuerdos desde una edad temprana, aunque estos puedan volverse inaccesibles en la adultez .

Por eso, en Fundación Crianza Compartida Chile creemos que construir lindos recuerdos desde pequeños es esencial: juegos, abrazos, risas, gestos cotidianos que nutren su seguridad, su amor propio y su sensación de ser importantes y amados.

Una paternidad activa y presente no solo se mide en tiempo, sino en la calidad de los momentos compartidos. Esos recuerdos, cargados de amor y presencia, forman una memoria emocional que perdura, acompañándolos durante toda la vida, incluso en los momentos en que la distancia se haga presente.

Hoy queremos celebrar a esos padres que, con cada gesto, están dejando huellas imborrables en el corazón de sus hijos.

Fuente: ""La memoria emocional: síntesis de una década de investigación"" – Revista Neurología, 

#CrianzaCompartida #InfanciaPresente #MemoriaEmocional #PaternidadActiva #fundacióncrianzacompartidachile #thebeatles #dontletmego",https://www.instagram.com/fundacion_crianza_compartida/reel/DI_wdwGRX-d/
2025-04-28T00:10:59.000Z,745,130,NA,"Jose tiene una hija que se llama Sofia . Independiente de la solución judicial y la poca voluntad de la madre de permitir el régimen comunicacional, la señal que se envía al no sancionar este tipo de conductas de maltrato infantil es muy dañina. 

Se daña el estado de derecho .

Se daña la percepción de justicia. 

Se daña profundamente la salud mental de una niña. 

Se daña profundamente la salud mental de un hombre y padre . 

Se daña toda una familia desvinculada . 

En definitiva , se daña a toda una generación de niños y niñas que crecerán sin padre y con un sentimiento de abandono y problemas de identidad. 

Sanción a las #falsasdenuncias .

Tipificación del delito de Impedimento de vínculos 

Creación del #registrodeobstructoresdelvinculo ya .

#niunainfanciamenos 

#LeyCrianzaCompartida #librofalsasdenuncias #JavierRebolledo #fundacióncrianzacompartida",https://www.instagram.com/fundacion_crianza_compartida/reel/DI-CmkqsIRu/
2025-04-27T14:24:48.000Z,2194,25,NA,"¿ Y qué sonaste anoche ? 

Los padres o madres que no pueden ver a sus hijos sueñan con despertar junto a ellos. 

Los hijos que no pueden ver a sus padres, ¿ qué sueñan ? .

#padresymadres #HijosSanos #falsasdenuncias #impedimentodevinculos #CrianzaCompartida #coparentalidad #leycrianzacompartida",https://www.instagram.com/fundacion_crianza_compartida/reel/DI9ARGNRNFe/
2025-04-26T23:16:49.000Z,130,12,NA,"Que se acabe una relación de pareja NO ES motivo para desvincular a un padre o madre de sus hijos .

@joaquin_07ma nos deja este potente mensaje para su hija .

¿Es suficiente la constancia de incumplimiento de la relación padre-hijo ? 

NO.

Se debe informa a tribunal de familia y pedir apremios y compensación de días..

¿ Se puede pedir cárcel para quien impide la relación directa y regular? 

SIIII, se puede. 

¿ Cuántos casos existen de padres o en si mayoría de madres que impidiendo el régimen comunicacional vayan a la cárcel ? 

Cero , cero , cero , cero , cero ( coma ) cero. 

Avancemos a la penalización del impedimento de vínculos y la creación del #registrodeobstructoresdelvinculo 

La #LeyCrianzaCompartida busca que hijos e hijas de padres separados convivan el mismo tiempo con su mamá o papá, o que las decisiones respecto a ellos sean tomadas por igual. 🏡

Por una crianza colaborativa, coparticipativa y corresponsable.

¿Te sumas a esta iniciativa? Firma en el enlace de nuestra biografía ✍️⬇️

#LeyCrianzaCompartida
https://chng.it/G5FmrLCmkR

#falseaccusations #falsasdenuncias #JavierRebolledo #librofalsasdenuncias",https://www.instagram.com/fundacion_crianza_compartida/reel/DI7U2-jSZ0S/
2025-04-26T16:44:49.000Z,1230,66,NA,"¿ Es el impedimento de vínculos una forma de maltrato infantil ? 

¿ Es maltrato infantil buscar mil formas de obstaculizar la crianza compartida de los hijos con el otro progenitor ? 

Sí, impedir o dificultar el vínculo de un niño o niña con uno de sus progenitores puede constituir una forma de maltrato infantil, especialmente cuando afecta su bienestar emocional y su desarrollo afectivo.

UNICEF y otras organizaciones internacionales consideran que la privación injustificada del contacto con un progenitor significativo puede ser una forma de violencia emocional o negligencia emocional.

Una investigación importante que aborda este tema es el Informe Mundial sobre la Violencia contra los Niños (2006), liderado por Paulo Sérgio Pinheiro para Naciones Unidas. El informe señala:

 ""El daño emocional que resulta de impedir a un niño mantener relaciones familiares significativas puede constituir una forma de violencia psicológica.""

Además, Jennifer Harman y Edward Kruk son dos investigadores que han estudiado este fenómeno más en detalle. Por ejemplo:

Kruk, Edward (2013), en su artículo ""The Impact of Parental Alienation on Children"" publicado en Family Court Review, sostiene que:

""La interrupción de la relación padre-hijo por medio de conductas de alienación parental constituye una forma de abuso emocional infantil, con consecuencias graves y duraderas en la salud mental de los niños.""

#NiUnaInfanciaMenos #crianzacompartida
#obstrucciónparental #leycrianzacompartida #impedimentodevinculos #alienacionparental #méxico #espana #colombia🇨🇴 #eeuu #argetina #chile #brasil🇧🇷 #falsasdenuncias #JavierRebolledo",https://www.instagram.com/fundacion_crianza_compartida/reel/DI6jf6GR8SU/
2025-04-25T23:08:12.000Z,258,24,NA,"Entrevista junto a Vanesa, periodista y feminista que trabaja en Diario Chañarcillo, quien me contó que en sus años de experiencia cubriendo temas judiciales para distintos medios, se ha percatado que en muchas ocasiones, en los procesos judiciales no se realizan evaluaciones ni peritajes a las denunciantes. 

“Estamos ciertamente frente a un sistema que está en desequilibro”. 

Esta es justamente una de las visiones que propone el libro, constatar las vulneraciones que cometen estas instituciones.",https://www.instagram.com/javierrebolledoesco/p/DI4y6QySNb-/
2025-04-25T16:57:44.000Z,178,12,NA,"El fraude de paternidad ocurre cuando una mujer engaña a un hombre haciéndole creer que es el padre biológico del niño o niña que va a tener y, es en esa falsa creencia, que este hombre accede al reconocimiento. Es una situación súper compleja porque afecta las relaciones familiares y tiene implicancias legales brutales. Por otro lado, esta situación vulnera gravemente los derechos de las infancias y adolescencias, como son el derecho a la identidad, a conocer sus orígenes y tener vínculos sanos y estables, sumado a todo el impacto emocional que conlleva ser defraudado. 
Además, engañar a alguien en algo tan delicado como la paternidad, es una vulneración grave a los derechos s3xuales y reproductivos de esa persona. 

Muy pero muy poco visibilizado, es un gran avance que un programa con audiencia tan masiva exponga esta temática que afecta a muchas más familias de las que creemos en un triste silencio. Gracias @carmengloriatvn @cg_arroyo por esto 🙌🏽",https://www.instagram.com/catarramirez/reel/DI4G705uqyC/
2025-04-25T15:25:46.000Z,116,7,NA,"Ya nos están llegando algunos registros del inicio de la manifestación en Chile contra el maltrato infantil 🤗

#DiaContraElMaltratoInfantil #derechosdelosniños #NiUnaInfanciaMenos ##JusticiaParaNuestrosHijos #FundaciónCrianzaCompartida #leycrianzacompartida ##impedimentodevinculos #leyfalsasdenuncias",https://www.instagram.com/fundacion_crianza_compartida/reel/DI391iWR5Df/
2025-04-24T22:05:08.000Z,273,24,NA,"Lo que se pone en tela de juicio es la explosión en las cifras de Falsas Denuncias, un problema de raíz adulto centrista que se agrava con la corrupción de un sistema privatizado, abogados negligentes y organismos como los PRM que lucran con este fenómeno.

Gracias al equipo de @lametrocl y a la abogada Eli Rodriguez por reconocer que la alienación parental es, a día de hoy, un flagelo NO reconocido por la justicia como maltrato infantil.",https://www.instagram.com/javierrebolledoesco/p/DI2G5dRS99N/
2025-04-24T11:41:53.000Z,54000,272,NA,"Ese instante de silencio y calma al despertar, cuando la ves dormir a tu lado, sigue siendo mágico. Aunque ya no es una bebé, la miro con los mismos ojos de siempre: los de un papá profundamente enamorado de su hija. La abrazo, sintiendo su calor, esa calidez humana que solo nace del vínculo más puro y genuino.

El amor de un padre que mira desde el alma, que cuida, que está presente.

Estudios como el de Seth P. D. et al. (2013) han demostrado que el apego primario entre un padre y su hija puede ser tan fuerte y protector como el de la madre, especialmente cuando hay presencia emocional, contacto físico y disponibilidad afectiva. Ser papá también es formar vínculos que sanan, que sostienen, que construyen.

#PaternidadConsciente #ApegoSeguro #PadreEHija #AmorIncondicional #presenciareal #CrianzaCompartida #LeyCrianzaCompartida",https://www.instagram.com/fundacion_crianza_compartida/reel/DI0_c4Qxj9z/
2025-04-24T11:32:37.000Z,180,12,NA,"¿Te hicieron una denuncia falsa por violencia intrafamiliar?

Este tema es delicado, pero necesario. Las denuncias falsas existen, y pueden afectar gravemente a una persona y su entorno. En este reel te explico por qué es tan importante actuar con responsabilidad y buscar ayuda legal.

En @legalfam.cl , somos especialistas en derecho de familia y podemos ayudarte a enfrentar este tipo de situaciones.

Agenda tu asesoría hoy mismo.
📞 +56 9 8599 9051
📩 contacto@legalfam.cl
🌐 www.legalfam.cl

#ViolenciaIntrafamiliar #DerechoDeFamilia #DenunciasFalsas #AbogadoDeFamilia #LaSerena #AsesoríaLegalChile #Custodia #PensiónDeAlimentos #Divorcios",https://www.instagram.com/abogadobryanveliz/reel/DI0-bnJRXOJ/
2025-04-23T16:56:50.000Z,NA,NA,NA,"La experiencia del tiempo y la paternidad/maternidad excluída de los vínculos familiares mediante El impedimento de vínculos y de la comunidad política mediante una falsa denuncia. 

En el #díadellibro compartimos la siguiente reflexión. 

Basado en una entrevista de Eduardo Infante , filósofo.

#impedimentodevinculos #fundacióncrianzacompartida ##falsasdenuncias #obstrucciónparental #InterferenciasParentales #padrectomia",https://www.instagram.com/fundacion_crianza_compartida/p/DIy-0bSJT0j/
2025-04-23T12:32:06.000Z,230,32,NA,"⚖️Un juez rechazó el pedido del padre de tener el cuidado exclusivade su hija y ordenó cuidado compartido semanal con ambos progenitores.🧑‍🧑‍🧒
👉🏻La decisión se basó en el interés superior de la niña, su derecho a ser escuchada y el principio de autonomía progresiva.

❓Qué opinás de este fallo?
👉🏻Dejame tu comentario⬇️⬇️⬇️

Si necesitas asesoramiento legal, no dudes en contactarme!
📞+54 9 11 4916 1178
📧monicamarchisella@gmail.com
✨¡Gracias por visitar mi perfil

#abogada #abogadamediadora
#abogadadefamilia
#monicamarchisella #familia
#divorcios  #sucesiones #asesoramientolegal #nordelta #caba #cuidadopersonal #interessuperiordelniño #derechosdelniño #derechodefamilia",https://www.instagram.com/monicamarchisella/p/DIyghhBvH-c/
2025-04-23T00:25:40.000Z,3422,532,NA,"Hoy en entrevista con el panel de @delosquesobrancl, a pesar de las tensiones, se agradece la apertura para conversar y abordar las Falsas Denuncias.

¿Qué te pareció la entrevista?",https://www.instagram.com/javierrebolledoesco/reel/DIxMtElMlre/
2025-04-22T17:57:32.000Z,213,77,NA,"#JUSTICIAPARADEMIAN
Seamos menos prejuiciosos, menos creer y más saber antes de opinar desde las ideas e hipótesis.
Los actos de mala fe no tienen razones sanas, las mentiras no tienen justificación, impedir que un niño reciba el amor de uno de sus padres y toda una familia detrás es maldad pura. Y son los Tribunales los principales responsables de esta obstrucción parental, que resuelven en base a #falsasdenuncias sin una investigación mínima, todos en sus escritorios leen un relato y lo establecen como eje de juicio. El sistema está viciado, mantenemos gente inoperante y mediocre trabajando para resguardar los derechos de nuestros hijos y los nuestros como padres, como ciudadanos responsables y de bien. Así como los delincuentes ni entran a las cárceles, quienes mienten ante la justicia tampoco tienen su castigo, el castigo se lo llevan las víctimas. Lamentablemente mi caso no es aislado, somos miles, y obedece a un conjunto de leyes y formas que se adoptaron calcadas de una agenda instaurada en varios países. Un momento negro en la historia de miles de niños vulnerados por estos Servicios de Protección de la Niñez, ex SENAME y sus ramas de programas, como el AFT Paulo Freire de #Vicuña, abogados curadores de la ex OPD que hoy pertenecen a un programa de la @munivicuna. Ojalá hicieran bien su trabajo.
Gracias a los movimientos que visibilizan esta cruel y tortuosa realidad, a @javierrebolledoesco por la investigación plasmada en su libro. Todos debemos informarnos, todos conocen uno o más casos. Apoyemos, difundamos, corrijamos los errores de las leyes. Gracias a mi abogadoley, a quienes me apoyan incondicionalmente,  en especial a mi familia, amigos y las mujeres amigas que han ofrecido su testimonio en las causas que me han imputado, que me han defendido en las falsas funas hechas en las redes, dando cuenta de la persona, pareja y papá que realmente soy. FUERZA A TODOS LOS PAPIS, UN DÍA VOLVEREMOS A ABRAZAR A NUESTROS HIJOS!

@fundacion_crianza_compartida
@javierrebolledoesco
@cineticofilms
@ps_perito_caroval
@delosquesobrancl
@meganoticiascl
@chvnoticias
@teletrece
@davidbarram 
#leydecrianzacompartida #leyfalsasdenuncias",https://www.instagram.com/floresdelrock/reel/DIwc7coOzIu/
2025-04-22T12:28:40.000Z,478,2,NA,"¿Por qué es tan importante la figura paterna en la vida de los niños varones?

La presencia activa de un padre no es solo un aporte emocional: también moldea la identidad, la autoestima y el desarrollo psicosocial de los hijos.

Los niños varones, en particular, suelen buscar en sus padres un modelo de referencia para construir su propia masculinidad, aprender a regular sus emociones y desarrollar habilidades sociales saludables.

Un estudio publicado en Journal of Family Psychology (Lamb & Tamis-LeMonda, 2004) concluyó que la implicación del padre se asocia significativamente con una mayor autoestima, mejor rendimiento académico y menos conductas de riesgo en los hijos varones.

No se trata de “ayudar” o de “estar cuando se puede”: se trata de ejercer una paternidad presente, activa y afectiva.

Porque los niños también necesitan a sus papás.
Porque su futuro también depende de eso.

#PaternidadActiva #CrianzaCompartida #PadresPresentes #DerechoDeLosNiños #leycrianzacompartida #25A #ContraElMaltratoInfantil #NiUnaInfanciaMenos 

Vía @papablogger",https://www.instagram.com/fundacion_crianza_compartida/reel/DIv7F-gRFaZ/
2025-04-21T23:41:32.000Z,484,80,NA,"Lo que descubrí investigando Falsas Denuncias: vínculos destruidos entre padres e hijos.

Cuando el sistema judicial ignora la presunción de inocencia y solo escucha una versión de los hechos, es el propio Estado el que vulnera derechos humanos.

Una potente entrevista junto a Catalina Valenzuela de @piensaprensa_ig , quien ha estado dispuesta a escuchar y discutir sobre Falsas Denuncias. 

¿Qué opinas?
Cuéntame tu experiencia.",https://www.instagram.com/javierrebolledoesco/p/DIuVcqAyrM1/
2025-04-20T14:25:36.000Z,115,3,NA,"0 % de #bachata ,  100.% de paternidad presente 

La #LeyCrianzaCompartida busca que hijos e hijas de padres separados convivan el mismo tiempo con su mamá o papá, o que las decisiones respecto a ellos sean tomadas por igual. 🏡

Por una crianza colaborativa, coparticipativa y corresponsable.

¿Te sumas a esta iniciativa? Firma en el enlace de nuestra biografía ✍️⬇️

#LeyCrianzaCompartida
https://chng.it/G5FmrLCmkR",https://www.instagram.com/fundacion_crianza_compartida/reel/DIq59n_xXmg/
2025-04-19T15:17:09.000Z,490,27,NA,"La figura de la madrastra está cambiando. ¿No nos crees?

En un reciente live conversamos con Valentina (@mamaymadrastra_ ) y Julia Monge, autora del libro El arte de ser madrastra (@elartedesermadrastra ).

Vale tiene una historia increíble de crianza compartida junto a su pareja P y su hijo en común S. Pero también tiene una historia igual de impactante como madrastra, y sobre eso nos dejó esta reflexión:

""Nunca ha estado de moda ser una ‘mala madrastra’. Si no quieres a los hijos de tu pareja, es porque realmente no quieres a tu pareja, de lo contrario jamás le harías elegir.
Los hijos no vienen por separado de sus padres.
Y, como consejo no pedido: cuando las relaciones se construyen con cariño y respeto, siempre salen bien.""

¿Qué opinas tú sobre el nuevo rol de la madrastra en la sociedad?

¡Te leemos en los comentarios!

#madrastras #elartedesermadrastra #mamadrastra #biomom #mamaprimeriza #CrianzaConsciente #CrianzaCompartida",https://www.instagram.com/fundacion_crianza_compartida/reel/DIofMtbxnML/
2025-04-18T19:17:00.000Z,127,13,NA,"Adjuntamos resolución de caso de la provincia de Santiago del Estero, donde una denuncia falsa de abuso, separo a una niña y a su padre.

Deseamos la revinculación y que ambos puedan sanar los daños ocasionados.

#maltratoinfantil #conloschicosno #santiagodelestero #impedimentodecontacto #conloschicosno #dañoyperjuicio #manipulacióninfantil
#alineacionparental #tn#telefe#canal13#basta#falsadenuncia",https://www.instagram.com/aafani_arg/reel/DImW1YGSV6r/
2025-04-17T13:46:04.000Z,138,2,NA,"Cuando uno es fuego y el otro gasolina… ¿quién apaga el incendio? 🔥💡

Una psicóloga alguna vez le dijo a una pareja: ""en una discusión, uno debe ser fuego y el otro, agua"". Pero ¿qué pasa cuando uno enciende y el otro aviva? ¿Cuando en vez de apagar, ambos queman?

A veces, en medio del conflicto, los adultos se olvidan de lo más importante: la infancia no es un terreno de batalla. Y es entonces cuando la hija o el hijo, sin deber y sin querer , se convierte en agua. Agua que intenta calmar, apagar, sobrevivir al fuego de los adultos.

Pero los niños no deberían ser los bomberos 👨‍🚒emocionales de sus padres.

En Fundación Crianza Compartida Chile creemos que los conflictos entre adultos deben ser resueltos desde el respeto, la corresponsabilidad y el compromiso con el bienestar de los hijos. Una crianza compartida y respetuosa no significa estar de acuerdo en todo, sino saber poner los límites y priorizar lo esencial: que la niñez se viva en paz, sin miedo, sin culpa.

Educar en el amor también implica aprender a discutir, a reparar, a pedir perdón y a cambiar. Porque la forma en que resolvemos los conflictos como adultos se convierte en el modelo que nuestros hijos e hijas aprenderán para sus propias vidas.

No se trata de tener siempre la razón. Se trata de cuidar el vínculo.

Créditos a @ caro.melo 

#CrianzaCompartida
#InfanciaPrimero
#ResoluciónDeConflictos
#CrianzaRespetuosa
#NiñasNiñosYAdolecentes
#CuidarSinDañar
#fundacióncrianzacompartidachile",https://www.instagram.com/fundacion_crianza_compartida/p/DIjMOGpglti/
2025-04-16T21:54:14.000Z,732,36,NA,"Atención, a diferencia de otras entrevistas: Los casos horrorosos y desconocidos de padres e hijos secuestrados por el Estado y familias destruídas.

Bernardo Subercaseaux, David Guerra, Enrique Orellana, Nicolás García, rostros anónimos de un sufrimiento latente y masivo en un país que lleva demasiado tiempo con este dolor escondido bajo la alfombra. 

Excelente entrevista de Tomas Mosciatti.",https://www.instagram.com/javierrebolledoesco/p/DIhfSk2SjFT/
2025-04-16T14:26:26.000Z,169,40,NA,"Fallo confirmado por la Corte Suprema:

📌 El progenitor que no tiene el cuidado personal de su hijo no puede acceder a su información médica, salvo que exista una resolución judicial que lo autorice.

La Corte respaldó a la @clinicaalemanadesantiago , que negó entregar información sobre la salud de un niño a su padre, quien no tiene el cuidado personal, aunque cumple con responsabilidades como pago de pensión alimenticia ,  matrícula escolar o pago de la misma isapre o seguro privado de salud. 

Según la Ley 20.584 y el Código Civil, solo el cuidador legal puede acceder a esta información. La clínica actuó conforme a derecho.

¿ Qué opinas de esta resolución de la Corte Suprema ? 

#fallojudicial #cortesuprema #poderjudicial #corresponsabilidadparental @pjudicialchile",https://www.instagram.com/fundacion_crianza_compartida/reel/DIgrOjlNSCu/
2025-04-16T11:56:38.000Z,236,27,NA,"La salud mental masculina importa.
Cada día, demasiados hombres en el mundo enfrentan su dolor en silencio.

Según la OMS, cerca del 75% de los suicidios a nivel global son cometidos por hombres. En Chile, 3 de cada 4 personas que se quitan la vida son hombres, y los datos son aún más alarmantes en hombres adultos entre 30 y 59 años: los padres.

Uno de los grupos más invisibilizados son los padres judicializados, hombres que luchan por mantener el vínculo con sus hijos en medio de procesos legales dolorosos, lentos y muchas veces injustos. La desesperanza, la impotencia y el aislamiento emocional los atraviesan.

Pero no están solos.
Pedir ayuda te hace un mejor papá , te hace humano.

La contención emocional, la red de apoyo, la escucha activa, el ejercicio, la conexión con otros padres, la terapia… pueden marcar la diferencia entre la vida y la muerte.

A ti, papá / mamá, hoy te sientes sin salida: hay caminos, hay personas, hay vida más allá del dolor.
Respira. Busca ayuda , participa de nuestra comunidad , nuestros talleres . Cambiemos entre todos y todas juntas esta situación. 

¿ Te animas ? 

Este video es para ti.

#SaludMentalMasculina #NoEstásSolo #CrianzaCompartida #PadresJudicializados #PrevenciónDelSuicidio #Chile #México #eeuu",https://www.instagram.com/fundacion_crianza_compartida/reel/DIgahvgAgK4/
2025-04-15T22:11:04.000Z,198,10,NA,"📌 Exponer las Falsas Denuncias es un deber ético. 

El objetivo de esta causa no es generar conflicto con otras perspectivas del feminismo ni desprestigiar las denuncias de las madres, sino visibilizar un hecho que ha pasado desapercibido, que existe y que desde los mismos actores de la justicia, identifican como una situación preocupante. 
 
Excelente entrevista junto a Osvaldo Ramírez, Defensor Penal Público. 

Estamos hablando de la segunda causa de error más común en nuestro sistema. No es algo menor.",https://www.instagram.com/javierrebolledoesco/p/DIe8bAkyGjC/
2025-04-15T21:20:13.000Z,221,14,NA,"Les compartimos un post inspirado en el libro El arte de ser madrastra de @elartedesermadrastra 

Nos vemos hoy a las 19:30 horas en Chile y a las 1:30 am en España en un nuevo programa de #ParlanteCompartido .

#madrastras #elartedesermadrastra #mamadrastra #madres",https://www.instagram.com/fundacion_crianza_compartida/p/DIe2lrMzKS9/
2025-04-15T17:35:17.000Z,689,40,NA,"“Luego de la pandemia se ha registrado un aumento explosivo de las falsas denuncias” - Excelente entrevista junto a @freddy_stock para Vía X. 

📌Según la defensoría penal pública, la falsa denuncia es uno de los dos errores más grandes del sistema judicial.  Aquí se está afectando no solo al padre, sino a todo un entorno familiar.",https://www.instagram.com/javierrebolledoesco/p/DIec3E6vjWV/
2025-04-15T12:49:43.000Z,997,17,NA,"¿El vínculo de apego seguro es solo con la madre?

No. Diversas investigaciones demuestran que los bebés desarrollan vínculos de apego tanto con sus madres como con sus padres, y que la figura paterna cumple un rol fundamental desde los primeros meses de vida.

Un estudio de la Universidad de Oxford (Ramchandani et al., 2013) encontró que la participación activa del padre en el primer año de vida del bebé se asocia con mejores resultados emocionales y conductuales en la infancia.

La paternidad activa no es secundaria.
Estar presente, sostener, hablar, consolar, jugar: todo esto construye apego seguro y marca profundamente el desarrollo emocional de nuestros hijos.

La presencia paterna también protege, vincula y da sentido.

#PaternidadActiva #ApegoSeguro #CrianzaConsciente #PadresPresentes #crianzacompartida #coparentalidad",https://www.instagram.com/fundacion_crianza_compartida/reel/DId75l7xscV/
2025-04-14T21:08:20.000Z,189,22,NA,"🔴 En el sistema judicial actual, probar la inocencia está privatizado, si un padre no tiene plata suficiente, no podrá defenderse y será culpabilizado. 

En esta entrevista con Ignacio Franzani, hablamos sobre el el tabú de las falsas denuncias, el tema que nadie quiere tocar para no afectar a los poderes fácticos. Excelente entrevista.

Puedes ver la entrevista completa en el link de mi historia.

¿Qué opinas?",https://www.instagram.com/javierrebolledoesco/p/DIcP-YoyzY0/
2025-04-14T15:12:04.000Z,86,68,NA,"Hoy, 14 de abril es el día del ex😱 Una fecha que para muchos puede ser triste o melancólica, pero nos gustaría saber , teniendo en cuenta que tienen hijos en común, ¿ Qué le dirías a tu ex ? 🤔 o , si pudieras agradecerle algo , ¿ qué seria ? . 

Porque si bien se acaba la relación de pareja , la relación con los hijos no . 

#diadelex #exparejas #coparetalidad #CrianzaCompartida ##DerechosDeLaInfancia #NiñezConAmbosPadres",https://www.instagram.com/fundacion_crianza_compartida/p/DIbnY_wxMcO/
2025-04-14T11:21:12.000Z,159,33,NA,"Empezamos la semana con esta linda noticia.  Un papá luego de 3 años podrá volver a ver a su hija .

¿ Sienten la alegría en este papá ? Imaginen cuántos malos momentos tuvo que pasar para llegar a esto . 

"" NUNCA SE DEN POR VENCIDOS  LUCHEN HASTA EL FINAL POR ESTAR CON SUS HIJOS /AS .. YO DESPUES DE  3 AÑOS ESTOY A UN PASO DEL REENCUENTRO CON MI PRINCESA 😢 "" 

La #desvinculaciónforzada es un acto de maltrato infantil y vulneración grave de derechos de vinculación de niños , niñas y adolescentes víctimas . 

#falsasdenuncias #impedimentodevinculos #lunes #leycrianzacompartida #CrianzaCompartida #derechosdelosniños",https://www.instagram.com/fundacion_crianza_compartida/reel/DIbM8b-Rjde/
2025-04-14T01:37:27.000Z,212,27,NA,"Todos podemos ser agentes de prevención y protección de los derechos de niños, niñas y adolescentes. 

Di #NoAlMaltratoInfantil❌️❌️

Crianza compartida comunitaria es un enfoque donde madres, padres, vecinos, familiares y comunidades asumen en conjunto la responsabilidad de cuidar, proteger y educar a los niños. Esta forma de crianza fortalece redes de apoyo, permite detectar señales de maltrato a tiempo y promueve entornos seguros y afectivos para el desarrollo infantil. Cuando una comunidad está involucrada activamente en la vida de sus niños y niñas, se reduce el riesgo de abandono, negligencia y violencia, y se potencia el bienestar colectivo. Porque criar en comunidad es también un acto de protección y amor.

#crianzacompartida #crianzacompartidacomunitaria #DerechosDeLaInfancia #derechosdelosniños #hombresmerecenempatía #niñezmásprotegida #explotacióninfantil #iquique #madrastra",https://www.instagram.com/fundacion_crianza_compartida/p/DIaHu0uRApD/
2025-04-13T14:37:15.000Z,266,11,NA,"🛑 Paremos el maltrato infantil.

Los niños no son armas en una separación.

¿Sabías que en Chile hubo más de 38 mil divorcios en 2023?

Muchos de esos casos involucraron a hijos pequeños expuestos a conflictos de lealtad, manipulación emocional y descalificaciones hacia uno de sus padres.

Esto es maltrato infantil.

El abuso emocional también duele.
Cuando los adultos usan a sus hijos para dañar al otro progenitor, están dañando lo más valioso: su infancia.

Los niños tienen derecho a amar libremente.
No los pongas en el medio. No los uses. No los destruyas.

Hablemos de esto. Concienticemos. Cambiemos.

#NoAlMaltratoInfantil #InfanciaLibre #DivorcioConsciente #CrianzaRespetuosa #Chile #ParenElMaltrato #ConflictoParental #AbusoEmocional #méxico",https://www.instagram.com/fundacion_crianza_compartida/reel/DIY96tWR0Kh/
2025-04-12T18:05:25.000Z,26000,213,NA,"""El padre es quien, aun pudiendo huir, se queda.""
— Luigi Zoja, El gesto de Héctor

La gran fuerza emocional y la condición de una paternidad comprometida y presente es la crianza compartida. 

#paternidadactiva #CrianzaCompartida #corresponsabilidadparental #coparetalidad",https://www.instagram.com/fundacion_crianza_compartida/p/DIWx7WqRyqv/
2025-04-11T22:17:20.000Z,332,20,NA,"🔴 ¡Gran Lanzamiento de Falsas Denuncias! 
Repleto de gente, mucho cariño, mucho dolor y mucha esperanza contenida en una sola sala.

Muchísimas gracias por esta gran experiencia, seguiremos en la lucha✊🏻",https://www.instagram.com/javierrebolledoesco/reel/DIUpYS3yclM/
2025-04-11T11:56:41.000Z,29,2,NA,"Que gran exposición de la directora de @fundacion_crianza_compartida fue un encuentro muy emotivo la verdad. A veces nos topamos con tantos contradictores que crees que tú estás mal! 
No, no es así!",https://www.instagram.com/marciamarchantf/p/DITi7rzAILe/
2025-04-10T20:29:09.000Z,77,4,NA,"Amigos! 
Hoy a las 19:00 hrs de Chile 🇨🇱 será el lanzamiento oficial del nuevo libro #Falsas Denuncias del Escritor y Periodista de investigación chileno @javierrebolledoesco Javier Rebolledo.

El evento será en Espacio Literario Ñuñoa.
📍Jorge Washington #116, Ñuñoa.

Junto al escritor, presentarán Jorge Escalante y @ps_perito_caroval Carolina Valenzuela de la FUNDACIÓN CRIANZA COMPARTIDA CHILE, institución miembro de nuestra COMUNIDAD DE DIFUSIÓN .

Desde nuestra comunidad 🇦🇷🇧🇷🇻🇪🇨🇴🇪🇨🇨🇱🇺🇾🇵🇪🇲🇽🇵🇾🇪🇦🇵🇹 INTERNACIONAL🌎 por @no_mas_hijos_rehenes apoyamos y Nos vemos allí!

#falsasdenuncias 
#alienabduction
#alienacaoparental 
#alienaçãoparental 
#alienacionparentalmata 
#nomashijosrehenes",https://www.instagram.com/parenti_lucas/reel/DIR3iSeRzGf/
2025-04-10T16:22:21.000Z,198,4,NA,"Amigos! Hoy a las 19:00 será el lanzamiento oficial de mi nuevo libro #Falsas Denuncias!

El evento será en Espacio Literario Ñuñoa.
📍Jorge Washington #116, Ñuñoa. 

Junto a mí, presentarán Jorge Escalante y Carolina Valenzuela.

Los dejo cordialmente invitados. ¡Nos vemos allí!",https://www.instagram.com/javierrebolledoesco/reel/DIRbC71MIH0/
2025-04-10T16:07:40.000Z,114,10,NA,"Es tan importante comprender el impacto que las falsas denuncias genera en los niños, vínculos rotos, vínculos que nunca más se construyen de la misma manera, niños que quedan en muchas ocasiones solos despojados de sus figuras de apego y protección. Que valioso testimonio @gisellaandradem que permite comprender lo importante de avanzar en sancionar estos actos de violencia a la infancia. Gracias también a @fundacion_crianza_compartida por siempre traer la conciencia de empatizar con tantas familias que viven estos difíciles caminos judiciales para intentar recuperar sus vínculos y el amor de sus hijos (a) y nietos(as), gracias @javierrebolledoesco por atreverte a hablar abiertamente de esto. El estado y la sociedad está en deuda con los niños de chile",https://www.instagram.com/ps_perito_caroval/reel/DIRZ8p0ptZr/
2025-04-10T14:21:54.000Z,2614,152,NA,"¿ contacto cero entre padres separados ? La experiencia de @gissepaz con #mauriciopinilla .

#coparetalidad #corresponsabilidadparental #coparenting #CrianzaCompartida",https://www.instagram.com/fundacion_crianza_compartida/p/DIROwXOxZ8z/
2025-04-09T20:51:03.000Z,276,23,NA,"Excelente entrevista en Radio Agricultura junto a José Francisco Lagos y Mara Sedini, periodistas de la Radio, quienes mostraron su preocupación por el alarmante aumento de #FalsasDenuncias y el irraparable daño que esto provoca a los niños.

📌 “Esta mujer que realiza una Falsa Denuncia está cometiendo una vulneración profunda de los derechos de los niños”. señaló Mara Sedini.

En esta maquina, uno es capaz incluso de ver la estrategias judiciales que siguen los abogados con tal llegar hasta las últimas instancias y ganar un juicio. 
El Estado vulnera los derechos de los niños al lucrar con los PRM y excluir a los padres, rompiendo el vínculo familiar tras 3, 5 o 6 años de separación.",https://www.instagram.com/javierrebolledoesco/p/DIPWfpSyH49/
2025-04-09T13:00:11.000Z,108,16,NA,"👥Cuando uno de los padres impide el contacto con el otro, se vulnera un derecho esencial del niño.
⚖️La Justicia puede intervenir, aplicar sanciones y garantizar el vínculo familiar.

❓Estás pasando por una situación similar? Escribime⬇️⬇️⬇️

Si necesitas asesoramiento legal, no dudes en contactarme!
📞+54 9 11 4916 1178
📧monicamarchisella@gmail.com
✨¡Gracias por visitar mi perfil

#abogada #abogadamediadora
#abogadadefamilia
#monicamarchisella #familia
#divorcios  #sucesiones #asesoramientolegal #nordelta #caba #regimendecomunicacion #interessuperiordelniño #obstaculizaciondevinculos",https://www.instagram.com/monicamarchisella/reel/DIOgdLyANIf/
2025-04-09T12:00:09.000Z,64000,827,NA,"A todos los hijos/as de padres separados:

Desde Fundación Crianza Compartida ®️ queremos reconocer su enorme valentía. Sabemos que no ha sido fácil adaptarse a la separación de sus padres y aprender a vivir en dos hogares distintos. Aun así, día a día nos demuestran su capacidad de amar, adaptarse y dar lo mejor de sí a cada uno de sus padres.

Su derecho a mantener un vínculo pleno, amoroso y constante con ambos es fundamental. Ustedes merecen crecer con estabilidad, cariño y presencia parental, sin sentirse obligados a elegir, sin perder a nadie en el camino.

Gracias por su esfuerzo, por su resiliencia y por enseñarnos tanto sobre lo que realmente importa: el amor compartido.

¿ Qué mensaje de esperanza y reconocimiento le dejarías a tu hijo/a ?

#CrianzaCompartida #DerechosDeLaInfancia #NiñezConAmbosPadres #fundacióncrianzacompartidachile",https://www.instagram.com/fundacion_crianza_compartida/reel/DIOZxhlRcA_/
2025-04-08T17:16:44.000Z,277,18,NA,"🔴 Las Falsas Denuncias arruinan vidas. No hay peor mote social, que ser acusado de abuso sexual a los propios hijos, ese es un estigma que deben enfrentar miles de padres. 

Pasan años separados de sus hijos, y los PRM los catalogan como agresores sexuales. Esta es una máquina que funciona de esa manera, y es imposible salirse.

Los invito a ver parte de mi entrevista el día de ayer en @biobiochile. También podrás ver la entrevista completa en el enlace de mi historia.",https://www.instagram.com/javierrebolledoesco/p/DIMZLHyR6CA/
2025-04-07T22:29:19.000Z,234,17,NA,"Falsas denuncias con dos tremendas periodistas feministas, @rayenaraya @franhuerta que comprenden y dimensionan este problema, ya que lo han visto de cerca. Le agradezco a ellas y a los equipos de prensa por darme el espacio de poder conversar con ellos. 

En entrevista con @radiolaclave, nuevas aristas de este fenómeno, que en Chile se está transformando en una pandemia que destruye la vida de niñas y niños.",https://www.instagram.com/javierrebolledoesco/p/DIKYJvpsxjF/
2025-04-06T15:05:12.000Z,865,25,NA,"Se fue feliz y volvió igual o más feliz 😄 

#paternidadactiva #crianzacompartida #coparetalidad 

La #LeyCrianzaCompartida busca que hijos e hijas de padres separados convivan el mismo tiempo con su mamá o papá, o que las decisiones respecto a ellos sean tomadas por igual. 🏡

Por una crianza colaborativa, coparticipativa y corresponsable.

¿Te sumas a esta iniciativa? Firma en el enlace de nuestra biografía ✍️⬇️

#LeyCrianzaCompartida
https://chng.it/G5FmrLCmkR",https://www.instagram.com/fundacion_crianza_compartida/reel/DIHAPOWxCrV/
2025-04-05T21:43:28.000Z,301,27,NA,"Hoy en revista Sábado abordaron el caso de Jorge Tocornal, quien fue acusado de abuso sexual hacia su hijo y debió pasar 10 años en la cárcel por una acusación que fue falsa. 

Años después, tuve la oportunidad de conversar con ámbos. Su historia es parte de mi nuevo libro Falsas Denuncias, ya a la venta.",https://www.instagram.com/javierrebolledoesco/p/DIFJUKYSawf/
2025-04-04T23:55:48.000Z,232,15,NA,"🔴 Hoy en entrevista con Mirna Schindler en @el_mostrador, quien conocía perfecta y ampliamente las Falsas Denuncias, y las reconoció como un problema. Le agradezco la apertura para poder abordar esta situación.
 
📌En este sistema, quienes realmente ganan son los abogados inescrupulosos y organismos del Estado como los PRM, que incluso en ocasiones están vinculados con políticos, reciben fondos millonarios y no hacen su pega. 

Es un tema urgente y difícil de abordar, pero es fundamental exponerlo y actuar antes de que más niños sufran las consecuencias

Cuéntame qué te pareció la entrevista.",https://www.instagram.com/javierrebolledoesco/p/DICziIKsim8/
2025-04-04T16:50:23.000Z,95,8,NA,"Falsas Denuncias, es el nuevo libro de @javierrebolledoesco que muestra cómo los Tribunales Penales y de Familia fallan de forma subjetiva. 

#falsasdenuncias #crianzaresponsable #crianzaresponsable #justicia #francoparisi #partidodelagentechile #partidodelagente #vanessaferrerdiputada",https://www.instagram.com/vanessaferrerradovic/reel/DICCFAypzTD/
2025-04-04T15:10:29.000Z,161,14,NA,"Quiero dejar en claro de forma concisa y clara que como profesional jamás le quitaría el peso a un acto real de abuso sexual, este debe ser sancionado con toda la fuerza de la ley pero no por eso no tendré la firmeza para alzar la voz cuando existen denuncias maliciosas con el único fin de romper lazos vinculares fuertes entre niños(a) y sus progenitores, ese tipo de actos horrendos merecen igual sanción porque el daño provocado es irreparable, tanto para el o la niña, como para quien es falsamente acusados, quien debe lidiar no solo con la profunda tristeza de la lejanía de un hijo(a) si no que debe enfrentar el rechazo y repudio social #nomasdenunciasfalsas #leydedenunciasfalsas",https://www.instagram.com/ps_perito_caroval/reel/DIB3QUDp2qf/
2025-04-04T12:15:28.000Z,367,2,NA,"¿ Qué ha significado la paternidad para ti ? 

#leycrianzacompartida #crianzacompartida #PaternidadActiva #paternidadconsciente #HijosSanos #NiñezMásProtegida #coparentalidad",https://www.instagram.com/fundacion_crianza_compartida/reel/DIBjZ6rRmoz/
2025-04-03T13:25:11.000Z,303,60,NA,"🔴 “Las Falsas Denuncias son una práctica que existe, que se usa como Carta Ganadora en procesos judiciales complicados, y que causa un daño irreparable a padres y niños. Y por lo mismo, deben ser denunciadas”.

🔹 Acá mi entrevista en Radio @futurofm el día de ayer. Fue una entrevista dura, con ciertas resistencias que se entienden, ya que es un tema nuevo, difícil de digerir, pero que es fundamental establecer.

📌Amigos, el próximo 10 de abril los espero en Espacio Literario Ñuñoa para el lanzamiento oficial de mi libro. Nos acompañará la @defensoria_penalpublica que ha reconocido la importancia de este tema a nivel país. ¡Nos vemos ahí!",https://www.instagram.com/javierrebolledoesco/p/DH9Q6Qey0a6/
2025-04-02T15:00:21.000Z,91,7,NA,"Muchas graciasa Elizabeth ( @liz_the_queen_of_santiago ) por enviarnos su experiencia luego de la lectura del libro Falsas Denuncias del periodista e investigador @javierrebolledoesco . 

Comparte con nosotros tu experiencia con el libro Falsas Denuncias: Una investigación de padres denunciados de abuso sexual .

También acompáñanos en la presentación oficial del libro el próximo jueves 10 de Abril a las 18 horas en el @espacioliterarionunoa ( No faltes)

#falsasdenuncias ##impedimentodevinculos #investigación #periodismo #crianzacompartida",https://www.instagram.com/fundacion_crianza_compartida/reel/DH8szFxRn0F/
2025-04-02T13:47:49.000Z,65,2,NA,"En este #DíaMundialDeConcientizacionDelAutismo, recordemos que la crianza compartida y la inclusión son derechos fundamentales. Todos los niños merecen crecer con el amor y cuidado de ambos padres.

 ¿Has visto casos de discriminación en tribunales por alguna condición? Te leemos en comentarios.

#diamundialdeconscientizacionautismo  #autismoinfantil #autismoadulto #discriminacion #tribunaldefamilia #padresautismo #madresautismo #leytea",https://www.instagram.com/fundacion_crianza_compartida/p/DH8jRQuxOLY/
2025-04-01T18:50:46.000Z,130,7,NA,"¡Ya llegó el libro Falsas Denuncias a Fundación Crianza Compartida Chile, del periodista @javierrebolledoesco 🥰

¿Ya lo tienes? Consíguelo en todas las librerías del país y próximamente en formato ebook.

Te esperamos en el lanzamiento oficial este jueves 10 de abril a las 19 horas en Espacio Literario Ñuñoa, a pasos del metro Chile-España y con estacionamiento disponible al costado. ¡No faltes!

#LibroFalsasDenuncias #denunciasfalsas #JavierRebolledo",https://www.instagram.com/fundacion_crianza_compartida/reel/DH6h1D6Rayv/
2025-04-01T13:22:42.000Z,360,23,NA,"¿Qué opinas sobre este cambio en las cifras de violencia intrafamiliar? 

¿Crees que aún falta mayor reconocimiento y apoyo para todas las víctimas? ⬇️

¿ Conocias el concepto de sesgo gamma y cómo esta distorsión cognitiva influye en la actuación de las instituciones públicas respecto a la violencia intrafamiliar ? .

#hombresmaltratados
#hombresmerecenempatía
#padresdivociados #violênciaintrafamiliar
#violenciainstitucional

Fuente : Artículo del filósofo Eduardo Zugasti en el Diario El Español. 

Video de llamada telefónica al número 149 de @hombresmaltratadoschile",https://www.instagram.com/fundacion_crianza_compartida/p/DH5807oRREv/
2025-03-31T14:45:16.000Z,65,4,NA,"📖🔥 Falsas Denuncias ya está disponible en todas las librerías del país. El reconocido periodista Javier Rebolledo revela testimonios, evidencia e impacto de las falsas acusaciones en el sistema judicial. Un libro imprescindible para quienes buscan la verdad y la justicia.

📍 Lanzamiento oficial
🗓️ Jueves 10 de abril
📍 Espacio Literario Ñuñoa (a pasos del Metro Chile-España)
🎙️ Acompaña a Javier Rebolledo en una conversación sobre su investigación y el proceso de escritura.

📡 Transmisión en vivo en las plataformas de Fundación Crianza Compartida Chile.

🎥 Tu voz importa: Cuéntanos tu experiencia con la lectura de Falsas Denuncias. ¿Qué te impactó más? ¿Cómo cambió tu visión? Envíanos tu video (máx. 2 min) a 📩 crianzacompartidachile.cl@gmail.com.

No te quedes fuera de esta conversación crucial. 📚⚖️

#CrianzaCompartida #FalsasDenuncias #JavierRebolledo #Justicia #LeyFalsasDenuncias",https://www.instagram.com/fundacion_crianza_compartida/reel/DH3higZxI05/
2025-03-31T11:05:37.000Z,728,9,NA,"🧡 Prueba de compartir : cuando los hijos educan a los padres con sus acciones. 

La infancia nos enseña grandes lecciones en los gestos más simples. En este video, la reacción espontánea de la hija al compartir su galleta con su padre refleja el verdadero significado de la empatía y el amor: dar sin esperar, porque el bienestar del otro también es importante.

Así como enseñamos a nuestros hijos a compartir, los padres también debemos compartir el amor, los cuidados y la crianza. Porque más allá de estar juntos o separados, lo esencial es que los hijos sientan que cuentan con ambos, sin divisiones, sin competencias, solo con el amor que merecen.

#CrianzaCompartida #LeyCrianzaCompartida #CrianzaRespetuosa #PruebaDeCompartir #viral",https://www.instagram.com/fundacion_crianza_compartida/reel/DH3IXNsRGWK/
2025-03-30T18:06:24.000Z,72,8,NA,Nuestra lucha por nuestros hijos y nietos,https://www.instagram.com/no_mas_hijos_rehenes/reel/DH1SvgRxZ7F/
2025-03-29T11:58:56.000Z,151,13,NA,"¿Puede un padre o madre secuestrar a sus hijos? A propósito del caso #mauroicardi y #wandanara por @valensinfiltro_

🔴 Este es un problema que se está presentando demasiado en casos de padres que residen en Chile y ambos tienen nacionalidades distintas y al terminar la relación de pareja la persona extranjera se regresa a su país sin autorización judicial y comienza el impedimento de contacto con todas las dificultades que implica resolver un caso así desde el derecho internacional.  El caso de @maneswett tiene un componente parecido donde se autoriza la salida del país por un tiempo limitado pero el progenitor no regresa al niño cuando corresponde e inicia una causa proteccional o de cuidado personal. 

El impedimento de contacto y la desvinculación forzada de un niño con su madre o padre a través de falsas denuncias, alienación parental o cambios arbitrarios de domicilio tienen un impacto profundo en la infancia. No es solo una disputa entre adultos; es una forma de violencia que deja secuelas emocionales y afecta el desarrollo del niño.

Llevarse a un hijo a otro país sin permiso del otro progenitor ni resolución judicial, ocultar su paradero o no cumplir órdenes de tribunales de familia no es un “derecho” de la madre o el padre: es un acto que puede constituir secuestro parental o sustracción internacional de menores. Más allá de la legalidad, implica un desarraigo afectivo, familiar y social, privando al niño de su historia, su identidad y su derecho a vincularse libremente con ambos progenitores.

Cuando los conflictos de pareja se convierten en una guerra en la que los hijos son las armas o el botín, la infancia es la que pierde. No se trata de quién tiene la “tenencia” o el control, sino de garantizar que los niños crezcan con amor, estabilidad y el derecho a estar con ambos padres cuando no hay razones reales que lo impidan.

✍️ #InfanciaSinBanderas #DerechoAFamilia #NoAlImpedimentoDeContacto #Secuestro #obstrucciónparental #sustraccióninternacionaldemenores",https://www.instagram.com/fundacion_crianza_compartida/reel/DHyD8jBRa7l/
2025-03-28T18:58:53.000Z,67,3,NA,"La abogada ,  mediadora familiar y colaboradora de Fundación Crianza Compartida Chile @monicamarchisella estuvo participando en @canal7dejujuy . 

Les invitamos a ver la inte completa 🤗

#parentalidad #crianzacompartida #monicamarchisella #mediaciónfamiliar #fallojudicial #jurisprudencia",https://www.instagram.com/fundacion_crianza_compartida/reel/DHwM4pGxyC8/
2025-03-28T12:11:12.000Z,1868,6,NA,""" Es mio mi papi "" .

Carta de la Fundación Crianza Compartida a los padres y madres ( en pareja o separados ) .

""Queridos papás y mamás, su hija los necesita a ambos. Juntos o separados, nunca la pongan en el medio de un conflicto. Protejan su bienestar emocional y construyan un camino seguro y amoroso para su crecimiento.

El mayor sueño de toda madre y todo padre es ver a sus hijos crecer sanos, felices y rodeados de amor. No permitan que los desacuerdos rompan ese sueño.

En Fundación Crianza Compartida Chile, creemos en la importancia de una crianza basada en el respeto, el reconocimiento mutuo y el amor. Porque una niñez protegida es el reflejo de adultos que eligen construir en lugar de dividir.""

Se despide con cariño , la Fundación de la Crianza Compartida ®️

#CrianzaCompartida #Papás #Mamás #MomentosEnFamilia",https://www.instagram.com/fundacion_crianza_compartida/reel/DHvhCG8xFC9/
2025-03-27T20:30:27.000Z,143,13,NA,"¡Mañana es el gran día! 📖

Mi nuevo libro #FalsasDenuncias estará disponible desde este viernes 28 de marzo en todas las librerías del país, a través de @planetadelibroscl 

Te invito a leerlo y reflexionar sobre una realidad que, lamentablemente, afecta a muchas familias, donde padres e hijos sufren la dolorosa separación a raíz de una #FalsaDenuncia. 

📌 ¡Atentos a mis redes! durante los próximos días se vienen nuevas actualizaciones… 

#Lanzamiento #NuevoLibro #FalsasDenuncias",https://www.instagram.com/javierrebolledoesco/p/DHt1zc4S9Fx/
2025-03-27T12:58:35.000Z,40,6,NA,"👦⚖️ Un niño pidió su propia abogada, pero la justicia se lo negó

Un juez rechazó la designación de una abogada para un niño que quería mudarse con su madre al exterior. 
La razón: falta de madurez y riesgo emocional. Además, se detectó que fue influenciado para buscar patrocinio letrado.

⚖️ ¿Debe un niño tener abogado en un litigio familiar? 

👉🏻Te leo en comentarios ⬇️⬇️⬇️

⚖️Si necesitas asesoramiento legal, no dudes en contactarme!
📞+54 9 11 4916 1178
📧monicamarchisella@gmail.com
✨¡Gracias por visitar mi perfil

#abogada #abogadamediadora
#abogadadefamilia
#monicamarchisella #familia
#divorcios  #sucesiones #asesoramientolegal #nordelta #caba #interessuperiordelniño #conflictosfamiliares #derechosdelniño",https://www.instagram.com/monicamarchisella/p/DHtCF6agL5v/
2025-03-27T12:06:08.000Z,332,46,NA,"El Monopolio de la Crianza por Francisca Flores ( @francisca.flan ) .

Revisa el texto completo en nuestra página web www.fundacioncrianzacompartidachile.cl/columna de opinión 🤗

La custodia monoparental no es solo una decisión judicial: es un sistema que excluye, silencia y perpetúa una asimetría de poder disfrazada de protección infantil. Se nos ha enseñado que la estabilidad vale más que la equidad, pero ¿a qué costo? ¿Qué pasa con los padres apartados y los niños privados de su derecho a ambos progenitores?

Es hora de cuestionar lo incuestionable. De desafiar la comodidad del statu quo y reconocer la injusticia que se esconde tras la ""normalidad"".

Lee el texto completo y reflexionemos juntos. ( Enlace en la biografía y en nuestras historias)

 #JusticiaFamiliar #CrianzaCompartida #ElMonopolioDeLaCrianza",https://www.instagram.com/fundacion_crianza_compartida/p/DHs8FvcxyLY/
2025-03-26T22:20:22.000Z,5431,23,NA,"El papá que está , puede estar y lo hace , el que no puede estar por impedimento de contacto y lucha por estar , todas las formas de vivenciar la paternidad la paternidad están haciendo historia en la vida de sus hijos . 

La #LeyCrianzaCompartida busca que hijos e hijas de padres separados convivan el mismo tiempo con su mamá o papá, o que las decisiones respecto a ellos sean tomadas por igual. 🏡

Por una crianza colaborativa, coparticipativa y corresponsable.

¿Te sumas a esta iniciativa? Firma en el enlace de nuestra biografía ✍️⬇️

#LeyCrianzaCompartida
https://chng.it/G5FmrLCmkR",https://www.instagram.com/fundacion_crianza_compartida/p/DHrdlz1xl9V/
2025-03-26T22:07:15.000Z,18,2,NA,"Programa de Radio TARDES PSICOLEGALES de la Fundación Lazos Argentina
Un Espacio Único de Derecho y Psicología Forense

🎙️HOY MIERCOLES 19 HORAS!!!
📌Impedimento de Contacto Y Falsas Denuncias
Solo los hombres? ...No!!!
*_En vivo una mamá nos dará su testimonio._*

➡️ TAMBIÉN TENDREMOS UNA INVITADA QUE SERÁ UNA GRAN SORPRESA!!!*

🎧 Conduce: Dr. Pablo Vranich @drvranich
Abogado dedicado al derecho de familia, y con invitados expertos en psicología, justicia y salud mental.
🎤 Locución: Natali Fernet 

📅 Todos los miércoles de 19 a 20 hs* en *FM 95.1* y en *RADIO MURK TV @murk.tv
https://www.youtube.com/watch?v=cg3IV9iIOZc

📌 Segmentos del Programa
Casos de Estudio - Entrevistas con Expertos

⚖️Preguntas de la Audiencia: Cómo Participar
Llamadas en Vivo:  116 560 3931
Correo Electrónico: fundacionlazos@live.com.ar",https://www.instagram.com/parenti_lucas/reel/DHrbDSJRIKY/
2025-03-26T12:12:42.000Z,1422,56,NA,"El derecho de crecer con ambos padres

La emoción de esta niña al reencontrarse con su papá nos recuerda que el amor y la presencia de ambos padres son esenciales en su desarrollo. 

La legislación chilena lo reconoce y protege: el artículo 224 del Código Civil, modificado por la Ley 20.680, establece el principio de corresponsabilidad parental, garantizando que padres y madres, juntos o separados, participen de manera activa, equitativa y permanente en la crianza y educación de sus hijos.

El artículo 225 refuerza esta idea al señalar que el cuidado personal compartido busca estimular la corresponsabilidad, asegurando estabilidad y continuidad en la vida de los niños. Esto se extiende también al ámbito educativo, como lo establece la Circular N° 27 de la Superintendencia de Educación (2016), que reconoce el derecho de ambos progenitores a participar en la educación de sus hijos, sin importar quién tenga el cuidado personal.

Asimismo, la Ley 21.430 sobre Garantías y Protección Integral de los Derechos de la Niñez y Adolescencia establece que el derecho y deber de crianza, cuidado, formación, asistencia, protección, desarrollo, orientación y educación de los niños, niñas y adolescentes corresponde preferentemente a sus padres y madres. Ellos tienen la responsabilidad de impartir dirección y orientación apropiadas para el ejercicio de sus derechos, en consonancia con la evolución de sus facultades.

Este reencuentro no es solo un momento de felicidad; es la expresión de un derecho fundamental que debe ser respetado y protegido. Porque cada niño merece el amor, la guía y la presencia de ambos padres en su vida.

#CorresponsabilidadParental #DerechosDeInfancia #AmorDePadre #CrianzaCompartida #circular27 #ley21430 #ley20680 #CuidadoCompartido ##DerechosDeLosNiños #leycrianzacompartida #reencuentro",https://www.instagram.com/fundacion_crianza_compartida/reel/DHqXDAuxAWl/
2025-03-26T11:40:39.000Z,43,10,NA,"✨ Entrevista en #Canal7DeJujuy ✨

Esta semana estuve en #MañanasInformadas, donde conversamos sobre #responsabilidadparental y cómo interviene la justicia en estos casos.

Agradezco al canal y al programa por el espacio para compartir información tan importante.

📺 Contame qué te pareció en los comentarios.

#derechofamiliar #justicia #abogadamediadora #responsabilidadparental",https://www.instagram.com/monicamarchisella/reel/DHqTy_Agkyi/
2025-03-25T18:05:12.000Z,185,0,NA,"El valor de criar y proveer: una mirada integral a la crianza

En muchas conversaciones sobre la crianza, se ha visibilizado la enorme carga de trabajo no remunerado que asumen muchas madres en el hogar. Y es justo reconocerlo. Pero también es importante hablar de los padres y madres proveedoras que pasan largas horas fuera de casa para sostener económicamente a sus hijos, muchas veces sacrificando tiempo con ellos.

Desde la perspectiva de la infancia, lo esencial no es solo quién cuida o quién provee, sino cómo garantizamos el derecho de los niños a contar con ambos padres de manera activa y presente. Un niño no solo necesita alimento y techo, sino también amor, presencia y cuidado compartido.

Por eso, en Fundación Crianza Compartida Chile promovemos la conciliación laboral y la corresponsabilidad parental, incluyendo a los padres en la conversación sobre el equilibrio entre trabajo y familia. Ya sea en pareja o separados, ambos progenitores son clave para el bienestar infantil.

Avancemos hacia una sociedad donde madres y padres tengan las mismas oportunidades de cuidar y criar, sin que la presencia de uno signifique la ausencia del otro. #CrianzaCompartida #PresenciaImporta #ConciliaciónFamiliar",https://www.instagram.com/fundacion_crianza_compartida/p/DHobmAQxKIq/
2025-03-25T11:46:00.000Z,131000,794,NA,"Desde que nací mi papito me llenaba de besos . Yo solo debía levantar la carita y  papá sabia que quería un besito ♥️

Cuando papá me daba un besito me ponía muy feliz y zapateaba .

Mi mamá dice que cuando crezca no me voy a acordar de los momentos que pase con mi papi pero gracias a que ella amaba grabarme junto a papi yo voy a poder ver como me amaba y llenaba a besos mi papito hermoso ♥️

#papaenelcielo #teextrano #papito #relatosdehija

Por Milan Nael",https://www.instagram.com/fundacion_crianza_compartida/reel/DHnwFPtR63f/
2025-03-24T10:19:42.000Z,496,5,NA,"""Nunca sabemos cuándo será la última vez.""

La última vez que le tomaste la mano para cruzar la calle. La última vez que te pidió que le contaras un cuento antes de dormir. La última vez que te buscó con la mirada, esperando tu aprobación.

La paternidad es un viaje de momentos fugaces que se transforman en recuerdos. Estar presentes, tanto física como emocionalmente, no solo fortalece el vínculo con nuestros hijos, sino que también construye una memoria compartida que les acompañará toda la vida.

El tiempo no se detiene, pero la forma en que lo invertimos con ellos define lo que quedará en su corazón.

#CrianzaCompartida #corresponsabilidad #coparentalidad #derechosdelosniños #paternidad #maternidad #crianzarespetuosa",https://www.instagram.com/fundacion_crianza_compartida/reel/DHlA1WSRO0a/
2025-03-25T10:05:03.000Z,32,4,NA,NA,https://www.instagram.com/conversatorioabiertofamilia/reel/DHkFqjXtERZ/
2025-04-07T11:53:17.000Z,94,7,NA,NA,https://www.instagram.com/conversatorioabiertofamilia/reel/DHgSpNERv3v/
2025-03-21T20:18:46.000Z,96,5,NA,""" ¿ Hasta cuando sigues insistiendo en ver a tus hijos  si ya no te quieren ver ? ""

"" ¿ Para qué luchas por recuperar el vínculo con tus hijos si están bien con la madre o el padre ? ""

"" ¿ Tanta obsesión con pasar más tiempo con tu hijo en vez de disfrutar tu libertad y dejar que el otro progenitor lo cuide? "" .

Preguntar eso es como preguntar , ¿ Hasta cuándo piensas seguir amando a tus hijos ? 

Los padres , madres , abuelos / as , tíos /as , familia extensa que participan activamente en la comunidad de la crianza compartida ®️ ya saben la respuesta. 

La #LeyCrianzaCompartida busca que hijos e hijas de padres separados convivan el mismo tiempo con su mamá o papá, o que las decisiones respecto a ellos sean tomadas por igual. 🏡

Por una crianza colaborativa, coparticipativa y corresponsable.

¿Te sumas a esta iniciativa? Firma en el enlace de nuestra biografía ✍️⬇️

#LeyCrianzaCompartida
https://chng.it/G5FmrLCmkR",https://www.instagram.com/fundacion_crianza_compartida/p/DHeXst0xmDO/
2025-03-21T15:42:46.000Z,121,21,NA,"✨ ¡Renovamos nuestro compromiso con la salud mental de las familias! ✨

Nos alegra anunciar la renovación del convenio entre Fundación Crianza Compartida Chile y la Facultad de Psicología de la Universidad Autónoma, garantizando atención y acompañamiento psicológico gratuito para integrantes de nuestra comunidad de apoyo.

🗓️ Desde hoy, el convenio está vigente, y las atenciones comenzarán el 17 de abril de 2025.

En Fundación Crianza Compartida, creemos que la salud mental es clave para el bienestar de niños, niñas y adolescentes. Un entorno seguro y amoroso comienza con adultos emocionalmente sanos, por eso promovemos espacios de ayuda, reconocimiento y reparación para padres, madres y sus familias.

👨‍👩‍👧‍👦 Cuidar la infancia es una tarea compartida. La crianza corresponsable fortalece los lazos familiares y protege a la niñez, asegurando su desarrollo en un ambiente de respeto, estabilidad y amor.

💙 Sigamos construyendo juntos una sociedad donde la familia sea siempre un refugio seguro. #CrianzaCompartida #SaludMentalFamiliar #InfanciaProtegida #CuidemosLaNiñez",https://www.instagram.com/fundacion_crianza_compartida/p/DHd3uNfROUW/
2025-03-20T19:46:17.000Z,73,0,NA,"🔴 De un libro a un movimiento 

Lo que pocos saben es que el nombre de Fundación Crianza Compartida Chile nació inspirado en el libro Crianza Compartida de Nelson Zicavo.

📖💡 En plena pandemia (2020), mientras el mundo se detenía, muchos padres y madres dejaron de ver a sus hijos por decisión arbitraria del otro progenitor y nosotros a la vez que veiamos esa realidad decidimos pensar el problema de fondo y comenzamos a leer este libro y junto a ello , sin saberlo , encendíamos una chispa creativa: levantar una agrupación para luchar por el cuidado compartido ,  pero ir más allá , ir hacia una crianza real donde ambos padres se involucren fisica y afectivamente en el cuidado y la planificación de la vida de sus hijos porque entendimos que eso es lo más sano y lo que más protege a los niños y niñas de la incertidumbre del mundo 🌎 

🚀 De redes sociales a la acción:

Organizamos manifestaciones 🪧

Realizamos congresos internacionales sobre custodia compartida sin ningún recurso ( no es que ahora tengamos mucho 🤗 ) 🎤

Impulsamos la Ley de Tuición Compartida 1 en 2021 📜 

Pero queríamos más… Queríamos ser una institución con impacto real. Y el libro de Zicavo fue nuestro referente para dar ese gran paso aparte de los cientos de casos de papas y mamás que no podían ver a sus hijos o tenían dificultades para ejercer la coparentalidad y la idea de ver a un niño crecer sin el amor de ambas figuras de cuidado y amor. 

🔥 El momento significativo llegó en el Congreso Interdisciplinario sobre Alienación Parental y Violencia Familiar en Argentina. ¿Adivinen quién estaba ahí? ¡El mismísimo Nelson Zicavo! 💥 Conocerlo en persona juntos a todos los participantes del evento reafirmó nuestra misión: seguir luchando con más fuerza que nunca .

💙 Gracias a todos los que han sido parte de este camino. ¡Seguimos adelante por la #CrianzaCompartida! 👨‍👩‍👧‍👦💪

#FundaciónCrianzaCompartida #NelsonZicavo #TuiciónCompartida #AlienaciónParental #CustodiaCompartida #Familia #DerechosInfantiles",https://www.instagram.com/fundacion_crianza_compartida/p/DHbt-CMRCSF/
2025-03-19T22:29:59.000Z,16,0,NA,"📢 ¡Atención CHILE 🇨🇱 y ARGENTINA 🇦🇷 - Latinoamérica 🌎
La red internacional NO MÁS HIJOS REHENES se alimenta constantemente de los canales de conscientizacion sobre nuestra problemática social.

¡No te pierdas este importante LIVE!

📅 ¿Cuándo?
Miércoles 19 de marzo a las 19:00 hrs. (hora Chile/Argentina),

📍 ¿Dónde? 
 Fundación Lazos Argentina (Argentina) y Fundación Crianza Compartida Chile se unen en una transmisión especial para abordar temas fundamentales sobre cuidado compartido, relación directa y regular, y legislación comparada.

En este encuentro estarán presentes:
📌 Pablo Vrarich @drvranich – Abogado y Representante de Fundación Lazos (Argentina)
📌 Carolina Valenzuela @ps_perito_caroval – Perito y presidenta de Fundación Crianza Compartida Chile

Ambas fundaciones trabajan en conjunto para apoyar a las familias que enfrentan procesos de separación, brindando orientación y soluciones desde un enfoque legal y humano.

🔴 Súmate a la conversación y aclara tus dudas en vivo. ¡Te esperamos!

Es por medio de nuestra COMUNIDAD DE DIFUSIÓN donde nos hermanamos para fortalecer cada espacio de comunicación que existen a nivel mundial para que nuestra problemática este en agenda de discusión y de prontas soluciones.

""Es en este espíritu que felicitamos y agradecemos a PABLO DE FUNDACIÓN Y PS CAROLINA DE FUNDACIÓN 🇨🇱 en su trabajo constante nuestros compañeros por lo que invitamos  y seguír luchando por #nomashijosrehenes

Apoyo COMUNIDAD Y DIFUSIÓN 🇦🇷 🎤 REPERCUSIONES POST CONGRESO NACIONAL SOBRE MANIPULACIÓN PARENTAL y MANIPULACIÓN MALICIOSA DE NIÑOS. 🎤

🇦🇷@aafani_arg
🇦🇷@padresderionegroyneuquen
🇦🇷@morelli_fund
🇦🇷@observatoriodefalsasdenuncias

🌍APOYO INTERNACIIONAL 
🇪🇨@padresporjusticia 
🇲🇽 @gariparentalalienation 
🇲🇽@psiame_
#CuidadoCompartido #DerechosDeLosNiños #FundaciónLazos #CrianzaCompartida",https://www.instagram.com/parenti_lucas/reel/DHZbfEahL0m/
2025-03-19T20:29:59.000Z,240,6,NA,"📌#FalsasDenuncias, mi próximo libro, pronto..

Relaciones conflictivas, problemas adultocéntricos que terminan dañando la integridad y los derechos de los niños a contar con una infancia tranquila y la compañía de sus padres….. Todo esto con la aprobación de un Estado complice que da crédito absoluto, sin contrapeso, a las denuncias de abuso sexual.

#investigación #denunciasfalsas #Estadocomplice #NNA",https://www.instagram.com/javierrebolledoesco/p/DHZOcXHSENc/
2025-03-19T18:56:32.000Z,44,1,NA,HOY 19 HORAS!!! TARDES PSICOLEGALES,https://www.instagram.com/fundacionlazosargentina/reel/DHZEjioODKZ/
2025-03-18T20:35:14.000Z,481,41,NA,"Se viene el lanzamiento del libro Falsas Denuncias 🔴

Les invitamos a leer el artículo completo de @radio_cooperativa al periodista e investigador @javierrebolledoesco .

📢 Denunciar abuso en tribunales de familia: ¿Justicia o estrategia?

El periodista Javier Rebolledo revela en su nuevo libro Falsas denuncias cómo las acusaciones de abuso sexual en separaciones conflictivas pueden convertirse en una ""carta ganadora"" para alejar a un progenitor de su hijo, incluso sin pruebas contundentes.

🔴 Impacto en los padres: Muchos hombres acusados enfrentan cárcel, suicidio o años de separación forzosa sin poder defenderse adecuadamente.
🔴 Impacto en los hijos: Quedan psicológicamente huérfanos, con graves problemas emocionales y de identidad.
🔴 El rol del sistema: Organismos privados que colaboran con el Estado tienen bajos estándares técnicos y pueden perpetuar el conflicto por interés económico.

📌 Rebolledo denuncia un sistema que, al priorizar la inmediatez sobre la justicia, deja víctimas en el camino. ¿Hasta qué punto se protege realmente a los niños?

#JusticiaFamiliar #FalsasDenuncias #DerechosDeLosNiños #falsasacusaciones",https://www.instagram.com/fundacion_crianza_compartida/p/DHWnx3Cxkh3/
2025-03-17T20:30:16.000Z,50,2,NA,"La separación puede ser un proceso difícil, especialmente cuando implica pasar días sin ver a los hijos. Tanto los padres con cuidado personal como aquellos que no lo tienen pueden experimentar temor y angustia, muchas veces influenciados por la experiencia del quiebre de pareja y la percepción del otro progenitor. 

La psicóloga y perito Arantxa Coca explica cómo estos sentimientos están ligados a la historia personal y al profundo vínculo que los llamados ""padres vocacionales"" construyen con sus hijos. No te pierdas su análisis en este video. Míralo completo en el enlace de nuestras historias: 

https://youtu.be/aRBBTlMqaTQ?si=g7cmMRKA51FDXNlP.

#leycrianzacompartida
#separacionesconhijos #SeparacionesTóxicas #SeparaciónConsciente #DivorcioConAmor #Coparentalidad #CrianzaCompartida #madres #padres",https://www.instagram.com/fundacion_crianza_compartida/reel/DHUF6C0xhZr/
2025-03-16T15:30:03.000Z,223,34,NA,"Infancia en medio del conflicto: cuando los niños quedan atrapados en la guerra de los ADULTOS (caso de separación de alta conflictividad entre @mauroicardi.y wanda_nara ) 

Las imágenes de Mauro Icardi con su hija en brazos llorando reflejan una realidad dolorosa: cuando las separaciones conflictivas dejan de ser un problema de pareja y afectan directamente a los niños.

➡️ Por dos meses, se le impidió ver a sus hijas. El impedimento de contacto no solo es un delito, sino que deja marcas emocionales profundas en los niños. ( en eso no hay dudas ) 

➡️ El discurso de los adultos influye en los niños. Cuando una niña dice que la pareja de su padre ""destruyó la familia"", ¿es realmente su voz o la influencia del conflicto? ( ambos padres han mantenido una comunicación sin filtros con sus hijos ventilando en llamada telefónica el conflicto judicial sin pensar en el daño que le provocan a sus hijas) 

➡️ Las mascotas como refugio emocional. En medio de la disputa, no le dieron ropa ni uniforme, pero sí sus mascotas. ¿Un dato que muestra cómo los niños encuentran apoyo en lo que les da seguridad en procesos de separación o una forma de provocar al progenitor impedido de contacto? Da igual , la situación se fue de las manos y las niñas lo pasaron horrible. Si tú objetivo es ver a tus hijas y están cumpliendo con hacer la entrega , enfócate en lo importante y coloca en el centro las necesidades de tus hijas. 

Los niños no son herramientas de venganza ni trofeos de victoria. La infancia no puede ser un campo de batalla.

A los padres que viven procesos de revinculación o han pasado mucho tiempo sin ver a sus hijos y luego ocurre el reencuentro : no antepogan su herida ni sus intereses de adulto a lo que es fundamental y esto es pasar tiempo con sus hijos en tranquilidad . Recuperar el tiempo perdido y sanar , sobretodo sanar . 

Sobre el show mediático y la conducta que se repite en la progenitora .

Ya había ocurrido una situación parecida entre la actriz , Maxi López y sus hijos y ahora vuelve a pasar y ante eso nos quedamos con la reflexión de @andreaguacci1 al respecto: ⬇️

#icardi #wandanara #DerechoDeLosNiños #ImpedimentoDeVínculo #SeparacionesTóxicas #chinasuárez",https://www.instagram.com/fundacion_crianza_compartida/reel/DHQ0g6JxuW7/
2025-03-15T15:23:12.000Z,432,39,NA,"Una falsa denuncia de abuso o violencia de género es la táctica más frecuente que se usa en los divorcios o separaciones conflictivas para anular al progenitor falsamente denunciado .

Jorge Tocornal fue un padre denunciado falsamente por la madre de sus hijos y se negó durante años a aceptar cualquier beneficio cancelario que le hiciera asumir responsabilidad lega sobre algo que el sostiene que nunca ocurrió. 

Años después uno de los hijos se retracta y dice que entregó un falso testimonio presionado por la madre y su familia . 

Ahora Jorge Tocornal decide contar su verdad en un libro y se encuentra en la búsqueda de la verdad judicial que le permita ser declarado inocente de todas las mentiras que promovió la ex pareja por intermedio de sus hijos. 

Pongamos fin a las Falsas Denuncias con la #LeyFalsasDenuncias​ - ¡Firma la petición! https://chng.it/pF2fGQ...​ vía @changeorg_chile (🔴iniciativa en el enlace de nuestra biografía)",https://www.instagram.com/fundacion_crianza_compartida/reel/DHOVubQRYZs/
2025-03-14T14:26:02.000Z,136,15,NA,"En Fundación Crianza Compartida Chile ®️ ayudamos a papás y mamás ( hombres y mujeres en los diferentes roles de cuidado también : madrastras , abuelos/as , tíos , etcétera ) teniendo como premisa el bienestar de los niños y niñas que viven la separación de los padres. 

❤️‍🩹 Construyendo equipo parental desde la perspectiva de la infancia 🥰

Cuando una pareja se separa, las emociones pueden ser intensas y los desafíos, grandes. Pero hay algo que debe mantenerse en el centro de cada decisión: el bienestar de los niños y niñas.

❤️‍🩹 ¿Por qué es clave adoptar una perspectiva de infancia en casos de separaciones conflictivas? ¿Y qué enfoque deben asumir los padres para lograr una comunicación parental efectiva?

Nuestra experiencia nos ha demostrado que, cuando los padres separados priorizan el bienestar de sus hijos, es más fácil llegar a acuerdos que realmente los beneficien. Esto no significa que las emociones de papá y mamá no sean importantes, sino que construir un equipo parental requiere mirar a los hijos, conectar con sus necesidades y, al mismo tiempo, trabajar—de manera individual o en conjunto—en los desafíos emocionales y relacionales que surgen tras la separación.

La coparentalidad no se trata solo de resolver conflictos, sino de construir un nuevo modelo de familia donde los niños y niñas crezcan sintiéndose seguros, escuchados y amados.

#Coparentalidad #BienestarInfantil #SeparaciónConsciente #familiascoparentales
#CrianzaCompartida #leycrianzacompartida",https://www.instagram.com/fundacion_crianza_compartida/p/DHLtxEBR8jx/
2025-03-13T14:21:37.000Z,173,3,NA,"""Las relaciones no fracasan de un día para otro, sino por las conversaciones que nunca se tuvieron. ❌🗣️

Cuando evitamos hablar de valores, dinero, formas de amar y proyectos de vida al inicio, construimos sobre una base frágil. El amor no es suficiente si no hay compatibilidad y comunicación real.

No se trata solo de sentir, sino de construir juntos con claridad y propósito. 💡❤️ #RelacionesConscientes #Comunicación #Divorcio""

#SeparaciónConsciente #separaciónsana #crianzacompartida ##coparentalidad",https://www.instagram.com/fundacion_crianza_compartida/reel/DHJIa15xMB5/
2025-03-12T15:05:34.000Z,588,7,NA,"Rompiendo el ciclo

Él conoció el dolor antes que el amor. Creció en un hogar donde el miedo hablaba más fuerte que las palabras bonitas, donde las ausencias pesaban más que las presencias. Pero cuando tuvo a su hijo en brazos, tomó una decisión: él sería el padre que nunca tuvo.

Eligió la ternura sobre la indiferencia, la paciencia sobre la ira, la presencia sobre la huida. No fue fácil. A veces, las sombras del pasado intentaron alcanzarlo, pero cada ""te amo, papá"" le recordaba que estaba construyendo algo nuevo.

La herencia no siempre es destino. Él decidió ser el inicio de algo distinto. Porque el amor también se aprende. Y él eligió enseñarlo.

#ResilienciaParental #RompiendoElCiclo #PapáPresente #CrianzaCompartida #Coparentalidad #HijosSanos #NiñezMasProtegida",https://www.instagram.com/fundacion_crianza_compartida/reel/DHGosC_Rd3-/
2025-03-12T12:34:51.000Z,175,69,NA,"⚖️Una madre pidió quitarle la responsabilidad parental al padre, pero la justicia lo rechazó por falta de pruebas. Se priorizó el derecho del niño a mantener vínculo con ambos padres.

📌 ¿Qué pensás sobre este fallo?

👉🏻Te leo en comentarios ⬇️⬇️⬇️

⚖️Si necesitas asesoramiento legal, no dudes en contactarme!
📞+54 9 11 4916 1178
📧monicamarchisella@gmail.com
✨¡Gracias por visitar mi perfil

#abogada #abogadamediadora
#abogadadefamilia
#monicamarchisella #familia
#divorcios  #sucesiones #asesoramientolegal #nordelta #caba  #interessuperiordelniño #responsabilidadparental",https://www.instagram.com/monicamarchisella/reel/DHGXTz4gFwp/
2025-03-11T11:05:14.000Z,642,24,NA,"¿ Cuán importante es que los hijos se sientan acompañados por ambos padres en momentos importantes o difíciles de su vida ? 💛 

La #LeyCrianzaCompartida busca que hijos e hijas de padres separados convivan el mismo tiempo con su mamá o papá, o que las decisiones respecto a ellos sean tomadas por igual. 🏡

Por una crianza colaborativa, coparticipativa y corresponsable.

¿Te sumas a esta iniciativa? Firma en el enlace de nuestra biografía ✍️⬇️

#LeyCrianzaCompartida
https://chng.it/G5FmrLCmkR",https://www.instagram.com/fundacion_crianza_compartida/reel/DHDoZhBRtNL/
2025-03-05T12:50:18.000Z,120,21,NA,"La tendencia stay-at- home-dad se refiere a la creciente presencia de padres que deciden quedarse en casa para cuidar a sus hijos, mientras sus parejas asumen el rol de principal proveedor económico del hogar. Esta dinámica desafía el modelo tradicional de paternidad y aporta al desarrollo y reconocimiento social de la paternidad activa de varias maneras:

1. Reconfiguración del Rol Paterno

Históricamente, el padre ha sido visto como el proveedor, mientras que la madre asumía la crianza. Con esta tendencia, el padre se involucra en el cuidado diario de los hijos, promoviendo una visión más equitativa de la crianza y eliminando el estigma de que el cuidado infantil es solo un trabajo de mujeres.

2. Beneficios para el Desarrollo Infantil

Los estudios han demostrado que una paternidad activa mejora el desarrollo emocional y cognitivo de los niños. Los padres que participan en la crianza fomentan la autoestima, la inteligencia emocional y una mayor capacidad para resolver problemas en sus hijos. Además, refuerzan la idea de que tanto hombres como mujeres pueden ser figuras de cuidado.

3. Cambio en la Percepción Social de la Masculinidad

El modelo tradicional de masculinidad asociaba la identidad masculina con el éxito laboral y la provisión económica. Sin embargo, el daddy stay home rompe con este paradigma y redefine la masculinidad como algo que también incluye el cuidado, la educación y la ternura, contribuyendo a una visión más flexible y saludable de lo que significa ser hombre.

4. Equidad de Género y Relaciones de Pareja Más Equilibradas

Cuando un padre asume el rol de cuidador principal, se promueve una mayor equidad en las relaciones de pareja. Las mujeres pueden enfocarse en sus carreras sin la presión de ser las principales responsables del hogar, y los hombres pueden experimentar el valor de la crianza sin sentirse relegados a un papel secundario.

5. Impacto en Políticas Laborales y Sociales

El aumento de padres que se quedan en casa impulsa cambios en las políticas laborales, promoviendo licencias de paternidad más largas y beneficios para los padres trabajadores. También genera una mayor aceptación social de modelos de familia diversos.",https://www.instagram.com/fundacion_crianza_compartida/reel/DG0UprVxG0y/
2025-03-05T00:34:07.000Z,168,28,NA,"Un reportaje audiovisual de El Desconcierto( @eldesconcierto ) y la periodista y escritora Catalina Ramírez ( @catarramirez ) evidencia el aumento alarmante del fraude de paternidad, fenómeno donde hombres descubren no ser padres biológicos de sus hijos. 

Los afectados enfrentan restricciones legales de solo un año para impugnar mientras sufren severos daños psicológicos. 

Desde Fundacion Crianza Compartida Chile indicamos que : 

"" El fraude de paternidad en primera instancia es un fraude de identidad . Nosotros promovemos la perspectiva de infancia para abordar este tipo de casos donde hay niños involucrados y por ese motivo , lo primero que visualizamos es una vulneración de derechos al niño/a en el ámbito de la identidad y las relaciones familiares"" . Así también lo indicó la perito judicial y presidenta de Fundacion Crianza Compartida Chile Carolina Valenzuela (@ps_perito_caroval ) :

“ el fraude de paternidad daña profundamente los apegos en los niños pues en muchas ocasiones estas verdades se dan cuando los niños han reconocido a una figura como padre instaurando un vínculo , en ocasiones ,  desarrollando un rol activo en la crianza , afectando la estabilidad emocional del niño y del adulto que se entera en la mayoría de los casos de manera tardía que no son los padres biológicos “.

Nuestro segundo enfoque es un enfoque de derechos sin sesgo de género donde las problemáticas masculinas deben ser parte de la solución cuando hay hombres afectados. 

¿ Qué opinan ustedes del Fraude de Paternidad ? . ¿ Conocen algún caso cercano ? . Leemos sus comentarios. 

#FraudeDePaternidad #FraudeDeIdentidad #derechodefamilia #derechosdelosniños #hombresmerecenempatía #paternidad #ExamenDeADN",https://www.instagram.com/fundacion_crianza_compartida/p/DGzDaG_xhyR/
2025-03-04T15:20:01.000Z,111,53,NA,"Llegó Marzo y esta información ℹ️ es muy importante 👇 

✅️ Recuerden que es un derecho y deber de los padres y madres no convivientes participar activamente en la vida educativa de sus hijos

✅️ La circular número 27 de la Superintendencia de Educación te faculta a ti , papá o mamá no custodio , a ser parte del proceso educativo de tu hijo aún contra la voluntad de la madre o padre que ejerce el cuidado personal . 

✅️ Si necesita los folletos informativos de la Fundación Crianza Compartida Chile escriba YO QUIERO COPARTICIPAR en los comentarios , su correo electrónico y se lo haremos llegar. 

La #LeyCrianzaCompartida busca que hijos e hijas de padres separados convivan el mismo tiempo con su mamá o papá, o que las decisiones respecto a ellos sean tomadas por igual. 🏡

Por una crianza colaborativa, coparticipativa y corresponsable.

¿Te sumas a esta iniciativa? Firma en el enlace de nuestra biografía ✍️⬇️

#LeyCrianzaCompartida
https://chng.it/G5FmrLCmkR

#corresponsabilidadparental
#CrianzaCompartida",https://www.instagram.com/fundacion_crianza_compartida/reel/DGyDohYREN4/
2025-03-04T14:11:45.000Z,194,26,NA,"Hola comunidad 😊 

Los invitamos a leer la columna de opinión escrita por la integrante de nuestra comunidad y colaboradora @francisca.flan quien en esta oportunidad escribe específicamente sobre la opacidad en la rendición de cuentas en el gasto de la pensión alimenticia . 

Déjanos tus reacciones y/o comentarios sobre esta problemática asociada a la corresponsabilidad económica. 

Defensores de la Opacidad y cuentas sin rendir en el pago de pensión alimenticia: ¿En qué se está gastando el dinero de la pensión ?

#PensiónAlimenticia #deudaalimentos #rendicióndecuentas #contraloría #corresponsabilidadeconómica #coparetalidad #Feminismo #8m",https://www.instagram.com/fundacion_crianza_compartida/p/DGx8Lq0RyWp/
2025-03-03T22:34:56.000Z,171,22,NA,"¿Debe el derecho a la relación con ambos padres depender del pago de la pensión alimenticia?

En Fundación Crianza Compartida Chile entendemos que los niños y niñas tienen dos derechos fundamentales (entre otros ) : recibir un aporte económico que les garantice su bienestar material y mantener una relación cercana y afectiva con ambos progenitores.

El cumplimiento de un derecho no debe estar condicionado al cumplimiento del otro. Esto significa que si un padre o madre no conviviente tiene una deuda de pensión alimenticia, esto no puede ser motivo para impedir el vínculo con su hijo o hija. De la misma manera, quien no tiene contacto con su hijo o hija por diversas razones sigue teniendo la responsabilidad de aportar económicamente, salvo que exista una resolución judicial que indique lo contrario.

No pagar la pensión alimenticia en Chile puede considerarse una forma de violencia económica y existen mecanismos legales para exigir su cumplimiento. Sin embargo, negar el contacto entre un niño y su progenitor por razones económicas también vulnera sus derechos, privándolo de su identidad y del vínculo con su familia.

La Convención sobre los Derechos del Niño reconoce el derecho de los niños y niñas a mantener relaciones personales y contacto directo con ambos padres de manera regular. La crianza compartida no debe ser moneda de cambio ni usarse como herramienta de castigo. Construyamos una sociedad donde el bienestar de la infancia esté siempre en el centro.

Video inicial de @mxvm.abogada

Y tu , ¿ Qué opinas ? . Leemos tus comentarios. 

#CrianzaCompartida #DerechosDeLaInfancia #PensiónAlimenticia #coparentalidad",https://www.instagram.com/fundacion_crianza_compartida/reel/DGwQx-LRdLw/
2025-03-03T12:34:54.000Z,136,15,NA,"📢 Por una crianza equitativa y corresponsable 🏡

La abogada y comunicadora Carmen Gloria Arroyo (@cg_arroyo ) escribió una columna de opinión sobre el avance en la comprensión de la Ley 20.680, que permite, en ciertos casos, que un juez pueda determinar el cuidado compartido de los hijos tras la separación de sus padres. Esto ocurre cuando ambos progenitores han asistido a mediación familiar y han llegado a un acuerdo para una crianza compartida .

Sin embargo, aún queda mucho por avanzar en materia de corresponsabilidad parental. Actualmente, aunque existe la opción de acordar el cuidado compartido mediante mediación, transacción notarial o registro civil., su implementación sigue dependiendo de la voluntad del progenitor que tiene el cuidado exclusivo de los hijos, lo que puede generar un desequilibrio en la relación parental y afectar el bienestar de los niños.

🔹 ¿Qué propone la #LeyCrianzaCompartida?
Esta iniciativa busca:

✅ Establecer como norma general el régimen de cuidado compartido tras la separación de los padres, independientemente de con quién conviva el hijo.
✅ Mantener la opción del cuidado compartido por acuerdo entre los padres ( opción de mediación familiar explicita en la ley ) 
✅ Permitir que un juez pueda determinar el cuidado compartido cuando sea lo mejor para el bienestar e interés superior del niño.
✅ Aplicar los mismos criterios que hoy se usan para definir el cuidado personal exclusivo, asegurando que no existan antecedentes de maltrato infantil o vulneración de derechos hacia los hijos en común.

Nuestro objetivo es garantizar que los niños puedan convivir el mismo tiempo con su mamá y su papá, promoviendo un modelo de crianza donde las decisiones importantes se tomen de manera equitativa. Queremos que ambos padres participen activamente en la vida de sus hijos, fomentando una crianza colaborativa, coparticipativa y corresponsable.

💡 Porque los hijos no son de uno solo. Son de ambos.

📢 Súmate a esta iniciativa y ayúdanos a impulsar este cambio. Firma en el enlace de nuestra biografía ✍️⬇️

#LeyCrianzaCompartida
🔗 https://chng.it/G5FmrLCmkR 

#cuidadocompartido #leycuidadocompartidochile #coparentalidad #CrianzaCompartida",https://www.instagram.com/fundacion_crianza_compartida/p/DGvMTcQRLJE/
2025-03-03T10:47:19.000Z,70,0,NA,"¿Debes luchar por una relación solo para evitar el dolor de separarte de tu hijo cada vez que vuelve con su madre?

Toda separación o divorcio trae consigo una transformación profunda, marcada por pérdidas, ajustes y nuevas dinámicas. Es natural que ambos padres sientan dolor, nostalgia y miedo ante esta nueva realidad. Separarse no es fácil y, aunque el vínculo amoroso de pareja termine, el lazo como padres permanece.

Más que negar ese dolor, es importante reconocerlo y transitarlo con madurez, entendiendo que el bienestar del hijo no depende de la permanencia de la relación, sino de la calidad de la crianza compartida. Un divorcio con amor no significa ausencia de sufrimiento, sino la capacidad de ambos padres para priorizar el equilibrio emocional del hijo, incluso mientras sanan sus propias heridas.

Aceptar que la familia cambia, pero no se rompe, permite construir una nueva forma de vincularse donde el respeto, la comunicación y la cooperación sean la base. Adaptarse a esta realidad, incluyendo la posibilidad de nuevas familias ensambladas, no significa renunciar al amor por el hijo, sino fortalecerlo desde un lugar más consciente y generoso.

El amor de los padres no se mide por estar juntos, sino por su capacidad de seguir siendo un equipo, aun en la distancia .

La #LeyCrianzaCompartida busca que hijos e hijas de padres separados convivan el mismo tiempo con su mamá o papá, o que las decisiones respecto a ellos sean tomadas por igual. 🏡

Por una crianza colaborativa, coparticipativa y corresponsable.

¿Te sumas a esta iniciativa? Firma en el enlace de nuestra biografía ✍️⬇️

#LeyCrianzaCompartida
https://chng.it/G5FmrLCmkR",https://www.instagram.com/fundacion_crianza_compartida/reel/DGu-O1uxFiZ/
2025-03-02T17:00:32.000Z,84,11,NA,"Buenas tardes comunidad , les invitamos a leer los últimos relatos subidos a la página web www.fundacioncrianzacompartidachile.cl o bien scaneando el código QR en la imagen .

Estamos viendo un cambio en el ambiente social donde cada vez es menos prohibido hablar de estas temáticas referentes a los obstáculos que encuentran los papás y mamás para ejercer sus roles parentales , siendo el obstáculo más difícil de sobrellevar y superar la falsa denuncia de violencia de género con fines instrumentales y la bala de plata que es la falsa denuncia de abuso. 

En Fundación Crianza Compartida Chile promovemos una cultura de respeto integral hacia niños, niñas y adolescentes. No solo reconocemos su valor como sujetos de derecho, sino que también defendemos el respeto a su corporalidad, garantizando un trato digno, protegido y libre de vulneraciones. 

Por lo mismo nos parece tan grave que se use el sistema proteccional a la niñez para fines que nada tienen que ver con su bienestar y pleno desarrollo sino más bien con intereses adultos relacionados a la ganancia económica o abuso parental contra el progenitor falsamente denunciado. 

#CrianzaRespetuosa #InfanciasProtegidas",https://www.instagram.com/fundacion_crianza_compartida/p/DGtF6Mrx0hG/
2025-03-02T00:29:40.000Z,551,7,NA,"Dos caras de una misma realidad.

En el primer video, una bebé llama con ternura a su papá ausente. No sabemos si su ausencia es voluntaria o impuesta, pero su voz refleja la necesidad de ese vínculo. En el segundo, un padre solo puede ver a su hijo a través de una fotografía. Le impiden el contacto, y cada noche, su único consuelo es decirle “buenas noches” a una imagen en lugar de abrazarlo.

Detrás de cada ausencia hay una historia, pero el impacto en los hijos es el mismo: un vacío que nada puede llenar. Ambos padres son fundamentales en la vida de un niño. No se trata de adultos, de diferencias o conflictos, sino del derecho de los niños a crecer con amor, presencia y equilibrio.

Hagamos conciencia: privar a un hijo de su madre o su padre no es justicia, es daño.

#LeyCrianzaCompartida #CrianzaCompartida #NiñezMásProtegida #PadresAusentes #ImpedimentoDeVinculos",https://www.instagram.com/fundacion_crianza_compartida/reel/DGrT-wFxA6R/
2025-03-01T16:22:20.000Z,132,13,NA,"Febrero se fue… un mes asociado al amor, pero también un tiempo en el que muchos padres y madres no convivientes deberían haber podido compartir momentos significativos con sus hijos. Lamentablemente, no todos tuvieron esa oportunidad.

Este mensaje es para ti, Sofía Fernanda, de parte de tu papá, quien te ama con todo su corazón y jamás se rendirá hasta recuperar el vínculo que les fue arrebatado. ❤️

La #LeyCrianzaCompartida busca garantizar que niños y niñas de padres separados puedan convivir en igualdad de condiciones con ambos progenitores y que las decisiones sobre su crianza se tomen de manera equitativa. Porque ser madre o padre no es un rol secundario ni reemplazable, sino un derecho y un deber compartido.

Por una crianza colaborativa, coparticipativa y corresponsable.

🔹 ¿Te sumas a esta iniciativa? Apoya el cambio y firma en el enlace de nuestra biografía ✍️⬇️

#LeyCrianzaCompartida
https://chng.it/G5FmrLCmkR",https://www.instagram.com/fundacion_crianza_compartida/reel/DGqcQ4jRHtj/
2025-03-01T12:47:48.000Z,30,2,NA,"Únase a la comunidad de la crianza compartida y avancemos #todosytodasjuntas hacia una cultura de la corresponsabilidad donde el rol de ambos padres y ambas familias son relevantes en el desarrollo de la vida de niños, niñas y adolescentes . 

Loa derechos humanos de nuestros hijos no se transan , sigamos creciendo 🤗 

La #LeyCrianzaCompartida busca que hijos e hijas de padres separados convivan el mismo tiempo con su mamá o papá, o que las decisiones respecto a ellos sean tomadas por igual. 🏡

Por una crianza colaborativa, coparticipativa y corresponsable.

¿Te sumas a esta iniciativa? Firma en el enlace de nuestra biografía ✍️⬇️

#LeyCrianzaCompartida
https://chng.it/G5FmrLCmkR

#crianzacompartida #coparetalidad",https://www.instagram.com/fundacion_crianza_compartida/p/DGqEMMuRFVt/
2025-02-27T15:23:50.000Z,311,38,NA,"En memoria de los padres y madres que fueron arrancados del amor de sus hijos por una denuncia falsa y en la previa a la conmemoración de otro 8 de Marzo donde se visibiliza la violencia hacia las mujeres maltratadas queremos invitar a la reflexión crítica al feminismo razonable , aquel feminismo que no promueve el linchamiento público sino que defiende la verdad y la presunción de inocencia entendiendo que la verdad es un acto revolucionario y la mentira un acto que degrada al mismo movimiento mismo . 

Nada duele más que la injusticia que separa a un padre o madre de su hijo. Usar el sistema como un arma no solo destruye vidas, sino que deja cicatrices en quienes más importan: los niños. Que su dolor no sea en vano, que su lucha no sea olvidada. Justicia no es venganza, justicia es verdad.

Nunca más un padre 

Nunca más una madre 

Nunca más una familia completa sin poder ver sus hijos , nietos , sobrinos ....

#JusticiaParaNuestrosHijos #DerechosDeLosNiños #NoMásDenunciasFalsas #PresuncionDeInocencia #Feminismo #8m #8demarzo",https://www.instagram.com/fundacion_crianza_compartida/p/DGlMdGPxTzX/
2025-02-27T13:31:40.000Z,829,16,NA,"Después de años de juegos, risas y momentos capturados en video, escuchar ""Papá, tú eres mi mejor amigo"" es más que una frase: es la confirmación de una paternidad presente, activa y amorosa. Es entender que la crianza no es solo proveer, sino acompañar; que la masculinidad también se define en la ternura y la conexión genuina. Porque ser padre no es solo criar, es crecer juntos. 

#PaternidadActiva #crianzarespetuosa #MasculinidadConsciente #CrianzaCompartida #CrianzaConAmor 

¿Te sientes identificado con este papá y el vínculo que tiene con su hija ?",https://www.instagram.com/fundacion_crianza_compartida/reel/DGk_SOQxMuq/
2025-02-26T14:40:39.000Z,27000,248,NA,"✨ Reencontrarse como pareja después de una separación ✨

En Fundación Crianza Compartida hablamos mucho sobre cómo seguir siendo padres después de una separación, sin que los hijos sean usados como instrumentos de venganza. Pero… ¿qué pasa cuando algunos padres deciden darse una segunda oportunidad, no solo por sus hijos, sino porque logran revalorizar su historia y su vínculo? ❤️

A veces, la distancia permite ver con claridad lo que antes el ruido del conflicto no dejaba. Separarse no siempre significa el fin definitivo, sino que, en algunos casos, puede ser un espacio para sanar heridas, crecer individualmente y volver a elegir desde un lugar más consciente.

Si una pareja decide reencontrarse, lo importante es que lo haga desde el amor genuino, el respeto y la voluntad de construir algo nuevo, no solo por los hijos, sino también por ellos mismos. 💫

¿Qué opinas sobre este tema? ¿Crees que una separación puede fortalecer una relación? Te leemos en los comentarios. 👇

#CrianzaCompartida #SegundasOportunidades #FamiliasConscientes #AmorConsciente #CrianzaCompartida #SeparacionSanas",https://www.instagram.com/fundacion_crianza_compartida/reel/DGih0ovRjlN/
2025-02-24T11:38:43.000Z,317,0,NA,"Qué mejor forma de empezar el día , la semana, la año ..., cuando tu hija te dice "" sonríe mami , eres la mejor del mundo , te amo "" 💖. 

#maternidad #mamá #madreehija #maternidadereal #leycrianzacompartida #crianzarespetuosa #coparetalidad",https://www.instagram.com/fundacion_crianza_compartida/reel/DGdEP3ERq60/
2025-02-24T01:18:18.000Z,62,5,NA,"📢 ¡Atención Córdoba! 📢

🎤 CONGRESO NACIONAL SOBRE MANIPULACIÓN PARENTAL y MANIPULACIÓN MALICIOSA DE NIÑOS. 🎤

📍 ¿Dónde? Córdoba
📅 ¿Cuándo? 28 febrero
💬 Temas clave:
🔹 Manipulación parental 🤯
🔹 Familias disfuncionales 💔
🔹 Obstrucción de vínculos 🚧
🔹 Niños manipulados que rechazan a sus padres 😢
🔹 Relaciones tóxicas y su impacto ⚠️

👥 Para padres madresnfamilia, profesionales y cualquier persona interesada en romper estos ciclos!
💡 Información clave, testimonios y herramientas para afrontar estas situaciones.

🇦🇷 ORGANIZAN 

@fun.puentes.2024 
@aafani_arg
@padresderionegroyneuquen
@morelli_fund
@federacionarg_nnya
@conversatorioabiertofamilia 
@observatoriodefalsasdenuncias 

🌍APOYO INTERNACIIONAL 
🇪🇨@padresporjusticia 
🇨🇱@fundacion_crianza_compartida
🇲🇽@psiame_ 
🇻🇪@funvenides 
🇵🇪@la.infancia.primero 
🇨🇴@funpalante
🇨🇴@primerolainfancia.veeduria 
🇧🇷@alienadores_e_alienados 
🇧🇷@avosafastadosdosnetos
🇧🇷@criancas.comdireitos 

#ManipulaciónParental #RelacionesTóxicas #FamiliasDisfuncionales #ObstrucciónDeVínculos #CongresoCórdoba #ProtegiendoInfancias #Psicología #VínculosSanos #AlienaciónParental",https://www.instagram.com/no_mas_hijos_rehenes/reel/DGb78kEM9dQ/
2025-02-23T13:49:14.000Z,221,22,NA,"Hola comunidad , les compartimos el texto escrito por Marco Latrach ( DJ-Papá chileno ) 

Pueden revisar la información completa en nuestra página web ℹ️ sobre la causa judicial que le ha impedido a este papá poder vincularse con su hijo M. 

Intégrese a la comunidad de la crianza compartida 🥰 Necesitamos familias enteras comprometidas contra la obstrucción de vínculos . 

La #LeyCrianzaCompartida busca que hijos e hijas de padres separados convivan el mismo tiempo con su mamá o papá, o que las decisiones respecto a ellos sean tomadas por igual. 🏡

Por una crianza colaborativa, coparticipativa y corresponsable.

¿Te sumas a esta iniciativa? Firma en el enlace de nuestra biografía ✍️⬇️

#LeyCrianzaCompartida
https://chng.it/G5FmrLCmkR",https://www.instagram.com/fundacion_crianza_compartida/p/DGauc6jRUrV/
2025-02-19T20:16:14.000Z,23,1,NA,"Recomendación de cine de la semana

#custodiarepartida 

No sé la pierdan por nada del mundo !!!!",https://www.instagram.com/ps_perito_caroval/reel/DGRHUv1pmYH/
2025-02-19T18:18:36.000Z,1253,70,NA,"A propósito la crianza compartida en vacaciones de verano y el caso de @mariana.derderian a quien le mandamos un cariñoso saludo y por quien sentimos mucha admiración por la fuerza y perseverancia que ha demostrado . ♥️

La #LeyCrianzaCompartida busca que hijos e hijas de padres separados convivan el mismo tiempo con su mamá o papá, o que las decisiones respecto a ellos sean tomadas por igual. 🏡

Por una crianza colaborativa, coparticipativa y corresponsable.

¿Te sumas a esta iniciativa? Firma en el enlace de nuestra biografía ✍️⬇️

#LeyCrianzaCompartida
https://chng.it/G5FmrLCmkR

#marianaderderian #vacacionesdeverano #maternidad #madresseparadas #crianzacompartida",https://www.instagram.com/fundacion_crianza_compartida/p/DGQ6GXLxr5H/
2025-02-19T11:55:59.000Z,282,13,NA,"Nuestro cariño y reconocimiento a los papás que emigran a otros países para darles una mejor vida a su familia y , especialmente , a sus hijos. 

Un especial saludo a los papás venezolanos que residen en Chile y que se han acercado a Fundación Crianza Compartida Chile para pedir ayuda y orientación. 

La paternidad trasciende fronteras.  La exigencia de la crianza compartida como un derecho humano de niños, niñas y adolescentes no tiene nacionalidad. 

La #LeyCrianzaCompartida busca que hijos e hijas de padres separados convivan el mismo tiempo con su mamá o papá, o que las decisiones respecto a ellos sean tomadas por igual. 🏡

Por una crianza colaborativa, coparticipativa y corresponsable.

¿Te sumas a esta iniciativa? Firma en el enlace de nuestra biografía ✍️⬇️

#LeyCrianzaCompartida
https://chng.it/G5FmrLCmkR

#floresdelpatron #venezuela #venezonalosenchile #paternidad #crianzacompartida",https://www.instagram.com/fundacion_crianza_compartida/reel/DGQK5wNxyJE/
2025-02-18T21:11:00.000Z,165,23,NA,"Gracias a todos y todas quienes persisten en la defensa de los vínculos de amor con sus hijos. 

Intégrese a la comunidad de la crianza compartida 🥰 Necesitamos familias enteras comprometidas contra la obstrucción de vínculos y a favor de la copartícipación de ambos padres y familias en los cuidados y crianza de los niños , niñas y adolescentes . 

La #LeyCrianzaCompartida busca que hijos e hijas de padres separados convivan el mismo tiempo con su mamá o papá, o que las decisiones respecto a ellos sean tomadas por igual. 🏡

¿Te sumas a esta iniciativa? Firma en el enlace de nuestra biografía ✍️⬇️ #LeyCrianzaCompartida

#aftersun #paulmescal",https://www.instagram.com/fundacion_crianza_compartida/p/DGOnOqvxBbi/
2025-02-18T10:22:56.000Z,196,53,NA,"Revisa las partes más interesantes del Manifiesto contra la mercantilización de los vínculos parentales: El Precio de una Obligación escrito por @francisca.flan donde se hace una crítica al uso de la pensión alimenticia como instrumento de control y violencia económica. 

Déjanos tu opinión y/o experiencia en el uso abusivo de la pensión alimenticia . 

#pensionalimenticia #pensiondealimentos #deudaalimentos #deudoresalimentarios #deuda #corresponsabilidadeconómica #crianzacompartida",https://www.instagram.com/fundacion_crianza_compartida/p/DGNe3SzxQDL/
2025-02-16T12:40:46.000Z,81000,604,NA,"Detrás de un padre presente y corresponsable hay una madre que permite la presencia del padre y no ve disputa en eso sino complemento y apoyo mutuo . 

La #LeyCrianzaCompartida busca que hijos e hijas de padres separados convivan el mismo tiempo con su mamá o papá, o que las decisiones respecto a ellos sean tomadas por igual. 🏡

Por una crianza colaborativa, coparticipativa y corresponsable.

¿Te sumas a esta iniciativa? Firma en el enlace de nuestra biografía ✍️⬇️

#LeyCrianzaCompartida
https://chng.it/G5FmrLCmkR",https://www.instagram.com/fundacion_crianza_compartida/reel/DGIkXbZx9Ig/
2025-02-14T20:41:43.000Z,44,8,NA,"En el día del amor etiqueta a tu ♥️👀 favorito/a . 

La #LeyCrianzaCompartida busca que hijos e hijas de padres separados convivan el mismo tiempo con su mamá o papá, o que las decisiones respecto a ellos sean tomadas por igual. 🏡

Por una crianza colaborativa, coparticipativa y corresponsable.

¿Te sumas a esta iniciativa? Firma en el enlace de nuestra biografía ✍️⬇️

#LeyCrianzaCompartida
https://chng.it/G5FmrLCmkR

#diadelamor #amordepadre #amordemadre #amordeabuelos #familia",https://www.instagram.com/fundacion_crianza_compartida/p/DGESgGtRe6L/
2025-02-14T12:23:56.000Z,212,6,NA,"Un régimen comunicacional de videollamadas es una medida establecida por tribunales de familia para regular el contacto entre un padre o madre y sus hijos a través de medios digitales, como videollamadas, llamadas telefónicas o mensajes. Se aplica en casos donde uno de los progenitores tiene dificultades para mantener el vínculo presencial con sus hijos, ya sea por distancia geográfica, conflictos parentales o obstrucción del vínculo por parte del otro padre o madre.

Función y utilidad del régimen de videollamadas

Para los padres separados que enfrentan obstrucción del vínculo, este régimen es una herramienta clave porque:

1. Garantiza el derecho del niño a mantener contacto con ambos padres, lo que es fundamental para su desarrollo emocional.

2. Evita la alienación parental, permitiendo que el progenitor afectado siga presente en la vida del niño.

3. Facilita la comunicación a pesar de la distancia o conflictos, promoviendo la relación afectiva.

4. Puede ser un paso previo a la reanudación de visitas presenciales, cuando estas han sido impedidas.

5. Se puede hacer cumplir judicialmente, ya que si el otro progenitor lo obstaculiza, se pueden tomar medidas legales para garantizar su cumplimiento.

Si el otro progenitor se niega a cumplir con el régimen de videollamadas, se puede recurrir al tribunal para exigir su aplicación, e incluso pedir sanciones por desacato.

La #LeyCrianzaCompartida busca que hijos e hijas de padres separados convivan el mismo tiempo con su mamá o papá, o que las decisiones respecto a ellos sean tomadas por igual. 🏡

Por una crianza colaborativa, coparticipativa y corresponsable.

¿Te sumas a esta iniciativa? Firma en el enlace de nuestra biografía ✍️⬇️

#LeyCrianzaCompartida
https://chng.it/G5FmrLCmkR",https://www.instagram.com/fundacion_crianza_compartida/reel/DGDX-9qxrg8/
2025-02-09T19:44:32.000Z,108,15,NA,"Las plataformas de redes sociales también deben estar al servicio de la ciudadanía para informar temas relevantes y crear conciencia con respecto a las diferentes formas de maltrato y vulneraciones a la cual están expuestos niños , niñas y adolescentes y los progenitores no convivientes . 

El impedimento de vínculos es maltrato infantil y vulneración de derechos grave pero en este caso en particular es un acto criminal que merece una sanción legal y social contundente.

¡ Un acto de crueldad sin nombre ! 

#NoMasHijosRehenes #impedimentodevinculos #obstrucciónparental #crianzacompartida #crianzarespetuosa #derechosdelosniños",https://www.instagram.com/fundacion_crianza_compartida/reel/DF3T9_Kxmmv/
2025-02-09T12:12:48.000Z,1887,17,NA,"Cada hombre que se enfrenta a una paternidad presente es un padre nuevo .

La #LeyCrianzaCompartida busca que hijos e hijas de padres separados convivan el mismo tiempo con su mamá o papá, o que las decisiones respecto a ellos sean tomadas por igual. 🏡

Por una crianza colaborativa, coparticipativa y corresponsable.

¿Te sumas a esta iniciativa? Firma en el enlace de nuestra biografía ✍️⬇️

#LeyCrianzaCompartida
https://chng.it/G5FmrLCmkR",https://www.instagram.com/fundacion_crianza_compartida/reel/DF2foCoROfo/
2025-02-06T12:48:27.000Z,269,30,NA,"¿ Sabias que el estrés y ansiedad asociado a causas de familia puede convertirse en estrés crónico y en una enfermedad real ? 

Por una Justicia Restaurativa cuyo enfoque busque reparar el daño causado por los conflictos familiares post separación, enfocándose en la sanación y rehabilitación de las familias involucradas y especialmente de los niños , niñas y adolescentes víctimas de todas las formas de negligencia y maltrato. 

La #LeyCrianzaCompartida busca que hijos e hijas de padres separados convivan el mismo tiempo con su mamá o papá, o que las decisiones respecto a ellos sean tomadas por igual. 🏡

Por una crianza colaborativa, coparticipativa y corresponsable.

¿Te sumas a esta iniciativa? Firma en el enlace de nuestra biografía ✍️⬇️

#LeyCrianzaCompartida
https://chng.it/G5FmrLCmkR",https://www.instagram.com/fundacion_crianza_compartida/p/DFu1-1pRuoV/
2025-02-04T21:50:00.000Z,607,52,NA,"El amor de un papá no se borra ni con el odio ni con el resentimiento . El amor de una hija a su padre ( o madre ) tiene memoria y esta memoria se mantiene viva hasta el momento del reencuentro. 

La #LeyCrianzaCompartida busca que hijos e hijas de padres separados convivan el mismo tiempo con su mamá o papá, o que las decisiones respecto a ellos sean tomadas por igual. 🏡

Por una crianza colaborativa, coparticipativa y corresponsable.

¿Te sumas a esta iniciativa? Firma en el enlace de nuestra biografía ✍️⬇️

#LeyCrianzaCompartida
https://chng.it/G5FmrLCmkR",https://www.instagram.com/fundacion_crianza_compartida/reel/DFqqIF-xL0Q/
2025-02-04T11:11:41.000Z,400,7,NA,"A los padres trabajadores que renuncian al tiempo con sus hijos por llevar comida y seguridad económica a sus hogares . 

Es necesario más que nunca avanzar en un #postnatalpaterno ( @postnatalpaterno_18semanas ) y en un #fueropaternal que les permita a los Hombres-padres ser parte de los primeros meses de vida de sus hijos. 

Si cuidamos la paternidad corresponsable y presente estaremos cuidando la maternidad y eso es lo que indican los estudios sobre coparentalidad temprana . Madres que se ven acompañadas en la crianza y cuidado de sus hijos se sienten mejores madres porque mejoran sus habilidades parentales y su estado de ánimo y emocional. 

La #LeyCrianzaCompartida busca que hijos e hijas de padres separados convivan el mismo tiempo con su mamá o papá, o que las decisiones respecto a ellos sean tomadas por igual. 🏡

Por una crianza colaborativa, coparticipativa y corresponsable.

¿Te sumas a esta iniciativa? Firma en el enlace de nuestra biografía ✍️⬇️

#LeyCrianzaCompartida
https://chng.it/G5FmrLCmkR

#postnatal1año #postnatalpaterno #postnatalpaternol18semanas #corresponsabilidadparental #coparetalidad #maternidad #paternidad #derechosdelosniños",https://www.instagram.com/fundacion_crianza_compartida/reel/DFpgu-IRssO/
2025-02-03T19:23:41.000Z,89,5,NA,"Un mensaje con cariño y admiración a todos los abogados /as que dan lo mejor de sí  en la defensa de los derechos de los padres, madres y familias por la crianza compartida y , en especial a los abogados que se han preparado en perspectiva de infancia , enfoque de coparentalidad e igualdad de derechos y que anteponen el profesionalismo antes que el activismo político y la ideología desestabilizadora de la unidad familiar. 

Agradecimientos especiales a los integrantes de nuestro equipo legal , especialistas en derecho de familia , penal y otras áreas del derecho que han elegido defender muchas veces el lugar de las causas imposibles con compromiso y respeto por la igualdad de derechos. 

Si gustas puedes etiquetar a tu abogado favorito y felicitarlo en los comentarios y también puedes elegir al nominado a los Premios Hermosilla . 

Les dejamos una encuesta: 

¿ Crees que el colegio de abogados @colegiodeabogadoschile ha asumido una postura pasiva frente a casos de corrupción y negligencia judicial ?

#Hermosilla #corrupcionjudicial #poderjudicial #tribunaldefamilia",https://www.instagram.com/fundacion_crianza_compartida/p/DFnzlunx4cV/
2025-02-01T21:41:42.000Z,102,47,NA,"Hola comunidad 😊 

Les invitamos a leer este reportaje de @laterceracom sobre el funcionamiento de la mediación familiar en Chile.  Les compartimos un extracto donde se hace referencia a la mediación del cuidado compartido. 

En el reportaje también podrán encontrar los aspectos positivos y negativos de la mediación familiar . Dentro de los aspectos positivos aparece el tema de los tiempos a los cuales se puede acceder a la instancia de mediación y lo que demora el proceso de mediación familiar desde que se pide la hora de atención hasta que el acuerdo es aprobado por tribunal de familia.  Por otro lado , dentro de los aspectos negativo aparece la falta de imparcialidad de algunos mediadores quienes obligan acuerdos que debieran nacer de la libre voluntad de los participantes o la falta de información con respecto a las materias que se definen en mediación , lo que puede afectar la calidad de los acuerdos y provocar una sensación de injusticia en los involucrados. 

En nuestra experiencia , hemos sabido de muchos mediadores que se niegan a tratar la materia de cuidado compartido operando dentro de lo que se ha criticado como "" costumbrismo legal "" donde si un padre o madre piden el cuidado compartido o tiempos extendidos con sus hijos el mediador pone obstáculos para el solo tratamiento del tema o peor aún tal como le ha pasado a algunos papás y mamás separados que aún estando de acuerdo con mediar el cuidado compartido se han encontrado con la falta de voluntad del mediador de turno para acompañar un acuerdo de este tipo . 

Coméntanos tu experiencia en mediación familiar.  Te leemos 🤗

Firma por la  #LeyCrianzaCompartida en este enlace 
https://chng.it/McfgL9zG 

#mediaciónfamiliar #coparetalidad #corresponsabilidadparental #tribunaldefamilia #cuidadocompartido #LeyCrianzaCompartida",https://www.instagram.com/fundacion_crianza_compartida/p/DFiQVHtRUwy/
2025-01-28T20:27:12.000Z,247,28,NA,"¿Cómo han vivido la monoparentalidad siendo cuidadores exclusivos o siendo el progenitor no conviviente ( padre o madre) ? 

El estudio aborda el fenómeno de la paternidad puertas afuera y la percepción con respecto a la parentalidad exclusiva ejercida generalmente por la madre pero las conclusiones las podemos extender a la estructura relacional de padres separados independientemente del género..

La #LeyCrianzaCompartida busca que hijos e hijas de padres separados convivan el mismo tiempo con su mamá o papá, o que las decisiones respecto a ellos sean tomadas por igual. 🏡

Por una crianza colaborativa, coparticipativa y corresponsable.

¿Te sumas a esta iniciativa? Firma en el enlace de nuestra biografía ✍️⬇️

#LeyCrianzaCompartida
https://chng.it/G5FmrLCmkR",https://www.instagram.com/fundacion_crianza_compartida/p/DFYfU5yx8ZA/
2025-01-26T22:30:49.000Z,500,85,NA,"La lucha de un padre por conseguir un régimen comunicacional con su hija tiene resultados. 

La lucha de los padres es una lucha por el reconocimiento del valor de su paternidad y por un régimen comunicacional digno , esto es , por una crianza compartida efectiva que satisfaga de la forma más plena el principio de corresponsabilidad parental y el derecho de vínculos de los niños y niñas de padres separados. 

La #LeyCrianzaCompartida busca que hijos e hijas de padres separados convivan el mismo tiempo con su mamá o papá, o que las decisiones respecto a ellos sean tomadas por igual. 🏡

Por una crianza colaborativa, coparticipativa y corresponsable.

¿Te sumas a esta iniciativa? Firma en el enlace de nuestra biografía ✍️⬇️

#LeyCrianzaCompartida
https://chng.it/G5FmrLCmkR",https://www.instagram.com/fundacion_crianza_compartida/reel/DFTjS1Sxskk/
2025-01-24T10:43:01.000Z,60000,341,NA,"Cada vez que papá va a buscar a su hijo , él reacciona así 😍

Los padres se separan , los hijos no . La forma de crianza más sana para los hijos luego de la separación es la crianza compartida con ambos padres y familias presentes. ¿ No lo crees ? 

Aquí la demostración. 

La #LeyCrianzaCompartida busca que hijos e hijas de padres separados convivan el mismo tiempo con su mamá o papá, o que las decisiones respecto a ellos sean tomadas por igual. 🏡

Por una crianza colaborativa, coparticipativa y corresponsable.

¿Te sumas a esta iniciativa? Firma en el enlace de nuestra biografía ✍️⬇️

#LeyCrianzaCompartida
https://chng.it/G5FmrLCmkR

#leycrianzacompartida #crianzacompartida #impedimentodevinculos #paternidadactiva #derechosdelosniños #coparetalidad",https://www.instagram.com/fundacion_crianza_compartida/reel/DFNJCpnReSu/
2025-01-23T13:40:18.000Z,238,48,NA,"Esto no te lo mostrará la televisión 📺 😡 Padre Protector sufre de falsa acusación de secuestro parental y casi le quitan la vida . 

Esperamos que tribunal de familia proteja a la nna manteniendo el cuidado personal de manera definitiva en el padre . No obstante , esto no es suficiente.  El Estado debe incluir a los hombres-padres en sus programas se acompañamiento a cuidadores de nna , debe existir más flexibilidad laboral para los padres cuidadores avanzando hacia un fuero laboral efectivo y post natal paterno minino de 18 semanas . La intervención debe ser sin sesgo de género contra el varón cuidador y con perspectiva de infancia . Al papá no se le puede dejar solo en estos momentos. 

Nosotros creemos en la rehabilitación.  Desde este punto de vista la madre debe recibir acompañamiento psicológico intensivo , con enfoque de recuperación de las habilidades parentales y revinculación . La revinculación debe estar condicionada a los avances reales del proceso de reparación a la nna y recuperación de las habilidades parentales de la madre. 

Seguimos ✅️",https://www.instagram.com/fundacion_crianza_compartida/p/DFK4ySkRvCp/
2025-01-22T12:28:57.000Z,162,17,NA,"Culpable no probado , la nueva categoría que promueven activistas políticos en el sistema de justicia en familia y en medios de comunicación masiva . 

¿ Sabes lo que es un culpable no probado ? En el post te lo explicamos . 

Pongamos fin a las Falsas Denuncias con la #LeyFalsasDenuncias - ¡Firma la petición! https://chng.it/pF2fGQrtS5 vía @changeorg_chile

Fuente : Cuando nos prohibieron ser mujeres ...y os persiguieron por ser hombres de Alicia V. Rubio. 

#CristianCampos #LuisHermosilla #juanpablohermosilla #rafaelladigirolamo #falsasdenuncias #presunciondeinocencia #falseaccusations #falselyacussedday #ImpedimentoDeVinculos",https://www.instagram.com/fundacion_crianza_compartida/p/DFIL06nxI4q/
2025-01-21T14:39:33.000Z,153,25,NA,"Agradecimientos a @fatitepano por el trabajo realizado en el Consejo Regional y especialmente por haberse atrevido a plantear temas de los que nadie habla , tal como la desvinculación forzada de los padres y madres de sus hijos y la vulneración de os derechos por parte de tribunal de familia de los niños y niñas que viven la separación de los padres .

Que este año sea la oportunidad de hacer posible lo que nos dicen que es imposible , esto es , hablar en serio de los derechos de vinculación y crianza compartida de miles de niños y niñas en Chile u el mundo . 

La #LeyCrianzaCompartida busca que hijos e hijas de padres separados convivan el mismo tiempo con su mamá o papá, o que las decisiones respecto a ellos sean tomadas por igual. 🏡

Por una crianza colaborativa, coparticipativa y corresponsable.

¿Te sumas a esta iniciativa? Firma en el enlace de nuestra biografía ✍️⬇️

#LeyCrianzaCompartida
https://chng.it/G5FmrLCmkR

#crianzacompartida #LeyCrianzaCompartida",https://www.instagram.com/fundacion_crianza_compartida/reel/DFF1OEWRp-4/
2024-12-31T13:24:43.000Z,121,25,NA,"Con respecto al proyecto de ley de abandono parental BOLETÍN N° 15.138-18 promovido por la agrupación feminista radical , separatista , abolicionista y pro funas sin pruebas Resistencia Materna Chile . 

@senadoracarmengloria @senadoraloretocarvajal @senadorjuanluiscastro @manueljoseossandon
@ matiaswalkerprieto

Pongamos fin a las Falsas Denuncias por violencia de género que se usan para suspender la relación directa y regular con los hijos / as con la #LeyFalsasDenuncias - 

¡Firma la petición! https://chng.it/pF2fGQrtS5 vía @changeorg_chile

#resistenciamaterna #abandonoparental #falsasdenuncias ##impedimentodevinculos #denunciasfalsas #obstrucciónparental ##crianzacompartida #padresausentes #madresausentes #derechosdelosniños",https://www.instagram.com/fundacion_crianza_compartida/p/DEPouAdxatF/
2024-12-31T01:21:15.000Z,250,30,NA,"El #añonuevo2025 será el año de la crianza compartida y el reencuentro con tu hijo / a . 

La #LeyCrianzaCompartida busca que hijos e hijas de padres separados convivan el mismo tiempo con su mamá o papá, o que las decisiones respecto a ellos sean tomadas por igual. 🏡

Por una crianza colaborativa, coparticipativa y corresponsable.

¿Te sumas a esta iniciativa? Firma en el enlace de nuestra biografía ✍️⬇️

#LeyCrianzaCompartida
https://chng.it/G5FmrLCmkR

#leycrianzacompartida #crianzacompartida #coparentalidad #añonuevo #newyear #paternidad #maternidad",https://www.instagram.com/fundacion_crianza_compartida/reel/DEOVrPcxNOS/
2024-12-30T22:45:26.000Z,125,24,NA,"Pongamos fin a las Falsas Denuncias con la #LeyFalsasDenuncias - ¡Firma la petición! https://chng.it/pF2fGQrtS5 vía @changeorg_chile 

#falsasdenuncias #impedimentodevinculos #chilevision #suspensiondevisitas #falsasacusaciones ##tribunaldefamilia",https://www.instagram.com/fundacion_crianza_compartida/p/DEOEGEiRJg0/
2024-12-30T14:37:14.000Z,53,1,NA,"Nuestros agradecimientos a nuestra imprescindible y querida Ingrid 💌🤗 Una abuela todoterreno y luchadora que donó un hermoso pendón a la Fundación Crianza Compartida Chile y unos adhesivos para vehículos. 

La comunidad de la crianza compartida esta más fuerte que nunca . Por un 2025 donde el amor y los vínculos familiares le ganen el odio y la mentira . Esto lo sacamos adelante uniendo fuerzas entre #todosytodasjuntas . 

#crianzacompartida #coparetalidad #derechodefamilia #derechosdelosniños",https://www.instagram.com/fundacion_crianza_compartida/reel/DENLtYRR_or/
2024-12-24T22:35:22.000Z,43,5,NA,"Por una navidad con los hijos-nietos .

Nuestros sinceros saludos y buenos deseos a toda la comunidad de la crianza compartida. 

#navidad2024 #feliznavidad #impedimentodevinculos #falsasdenuncias #obstrucciónparental #crianzacompartida #regalosdenavidad",https://www.instagram.com/fundacion_crianza_compartida/reel/DD-mFjCxL75/
2024-12-24T13:12:43.000Z,202,14,NA,"Navidad con los hijos contra el #impedimentodevinculos y la #alienacionparental .

Si impides el contacto de tu hijo con el padre o madre estas vulnerando sus derechos y lo estas maltratando . 

Detente ahora 🤗

Firma por la  #LeyCrianzaCompartida en este enlace 
https://chng.it/McfgL9zG 

#crianzacompartida ##falsasdenuncias #coparetalidad",https://www.instagram.com/fundacion_crianza_compartida/p/DD9lyA4R0lX/
2024-12-23T14:09:12.000Z,86,6,NA,La historia de sofia,https://www.instagram.com/no_mas_hijos_rehenes/reel/DD7GsfYOIqD/
2024-12-23T12:20:13.000Z,73,11,NA,"⚖️La justicia decidió priorizar la estabilidad familiar y emocional de un niño, evitando un desarraigo que podría afectar su desarrollo.

❓Creés que fue la mejor decisión? 

👉🏻Te leo en comentarios ⬇️⬇️⬇️

⚖️Si necesitas asesoramiento legal, no dudes en contactarme!
📞+54 9 11 4916 1178
📧monicamarchisella@gmail.com
✨¡Gracias por visitar mi perfil

#abogada #abogadamediadora
#abogadadefamilia
#monicamarchisella #familia
#divorcios  #sucesiones #asesoramientolegal #nordelta #caba  #interessuperiordelniño 
#viajesalexterior",https://www.instagram.com/monicamarchisella/p/DD66-uDxLCU/
2024-12-23T10:57:16.000Z,258,21,NA,"¡Si esto no resulta seguire golpeando puertas !
#padresluchadores #papa #hijosfelices #infancia #infanciacompartida #crianzacompartida",https://www.instagram.com/devuelvanme_amis_hijos/p/DD6xfJtRWb_/
2024-12-21T00:22:04.000Z,652,15,NA,"Lo que se pierden los padres que deben proveer económicamente al hogar y que no tienen una legislación que promueva y proteja la corresponsabilidad parental efectiva como el @postnatalpaterno_18semanas o el #fueropaternal . 

Las mamás que trabajan fuera del hogar y se han integrado al sistema productivo saben lo que se siente tener que dejar a los hijos al cuidado de terceras personas que no verán las nuevas experiencias de su hijo / a como algo relevante , esto es , no se verán afectados por la crianza con la misma intensidad que lo harían ellas y también los padres. 

En este caso , la madre confía el cuidado en el padre sabiendo que por lo menos con él si existirá esa mirada y el hijo estará al cuidado de una persona que si se verá afectado positivamente ante las nuevas experiencias del bebé en común y que esto repercutirá de forma impresionante en la motivación de persistir en la INVERSIÓN PARENTAL .

La #LeyCrianzaCompartida busca que hijos e hijas de padres separados convivan el mismo tiempo con su mamá o papá, o que las decisiones respecto a ellos sean tomadas por igual. 🏡

Por una crianza colaborativa, coparticipativa y corresponsable.

¿Te sumas a esta iniciativa? Firma en el enlace de nuestra biografía ✍️⬇️

#LeyCrianzaCompartida
https://chng.it/G5FmrLCmkR

#crianzacompartida #coparentalidad #corresponsabilidad #prenatal #postnatal #postnatalmasculino",https://www.instagram.com/fundacion_crianza_compartida/reel/DD0eVYlR5qi/
2024-12-20T11:25:24.000Z,1126,23,NA,"La crianza compartida disminuye los efectos emocionales negativos post separación de los padres. 

1. Da continuidad al vínculo progenitor puertas afuera-hijo .

2. Permite una mejor adaptación a la nueva conformación familiar .

3. Disminuye la sensación de abandono y desestructuración familiar .

4. Mejora el autoestima de los hijos y de los padres o madres no convivientes .

5. Mejora el cumplimiento del pago de pensión alimenticia. 

6. Disminuye el estrés parental o síndrome de Burn-Out en el cuidador principal. 

( Con papá y con mamá , José Manuel Aguilar Cuenca ) .

La #LeyCrianzaCompartida busca que hijos e hijas de padres separados convivan el mismo tiempo con su mamá o papá, o que las decisiones respecto a ellos sean tomadas por igual. 🏡

Por una crianza colaborativa, coparticipativa y corresponsable.

¿Te sumas a esta iniciativa? Firma en el enlace de nuestra biografía ✍️⬇️

#LeyCrianzaCompartida
https://chng.it/G5FmrLCmkR

#corresponsabilidadeconómica #corresponsabilidadparental #crianzacompartida #tuicioncompartida",https://www.instagram.com/fundacion_crianza_compartida/reel/DDzGP22x7WY/
2024-12-19T21:21:18.000Z,341,14,NA,"Otro Papá en Lucha 💪 a favor de los derechos de su hijo.  La historia no la comentaremos aquí porque incluye información judicial reservada . Conocemos el logro de uno de los objetivos de un papá pero nadie más que su hijo y el padre conocen todo lo que tuvieron que vivir para llegar a la meta . 

Saludos y a seguir sin desistir . 

La #LeyCrianzaCompartida busca que hijos e hijas de padres separados convivan el mismo tiempo con su mamá o papá, o que las decisiones respecto a ellos sean tomadas por igual. 🏡

Por una crianza colaborativa, coparticipativa y corresponsable.

¿Te sumas a esta iniciativa? Firma en el enlace de nuestra biografía ✍️⬇️

#LeyCrianzaCompartida
https://chng.it/G5FmrLCmkR

#crianzacompartida #paternidad #derechodefamilia #ImpedimentoDeVinculos #falsasacusaciones #tribunaldefamilia #niñezmásprotegida #tuicioncompartida #justiciasocial",https://www.instagram.com/fundacion_crianza_compartida/p/DDxluIoRISA/
2024-12-19T13:09:20.000Z,160,11,NA,"Poema Knock , Knock ( TOC, TOC ) de @danielbbeaty

La #LeyCrianzaCompartida busca que hijos e hijas de padres separados convivan el mismo tiempo con su mamá o papá, o que las decisiones respecto a ellos sean tomadas por igual. 🏡

Por una crianza colaborativa, coparticipativa y corresponsable.

¿Te sumas a esta iniciativa? Firma en el enlace de nuestra biografía ✍️⬇️

#LeyCrianzaCompartida
https://chng.it/G5FmrLCmkR

#paternidad #crianzacompartida #ausencia #ausenciapaterna #falsasdenuncias #ImpedimentoDeVinculos #registrodeobstaculizadoresdevinculo #danielbeaty",https://www.instagram.com/fundacion_crianza_compartida/p/DDwsdiAx49w/
2024-12-18T11:22:26.000Z,1262,40,NA,"Los estudios en desigualdad de género no pueden ir en una sola dirección porque así se invisibiliza la violencia que sufren los padres cuando no pueden ver a sus hijos .

La perspectiva con la cual se deben abordar las causas de familia no puede ser solo la "" perspectiva de género con sesgo "" sino que debe incluir una perspectiva de análisis y abordaje integral y cuando hay niños involucrados debe primar la perspectiva de infancia. 

La figura paterna o directamente el padre es fundamental en la vida de los hijos.  Quien lo ponga en duda que vuelva a ver estos videos. 

La #LeyCrianzaCompartida busca que hijos e hijas de padres separados convivan el mismo tiempo con su mamá o papá, o que las decisiones respecto a ellos sean tomadas por igual. 🏡

Por una crianza colaborativa, coparticipativa y corresponsable.

¿Te sumas a esta iniciativa? Firma en el enlace de nuestra biografía ✍️⬇️

#LeyCrianzaCompartida
https://chng.it/G5FmrLCmkR

#paternidad #hijos #navidad2024 #leycrianzacompartida #desvinculaciónforzada #impedimentodevinculos",https://www.instagram.com/fundacion_crianza_compartida/reel/DDt7-xWxnw8/
2024-12-13T20:30:03.000Z,38,6,NA,"Actividad navideña de agrupación amistad y solidaridad que el espíritu navideño les motive a sumarse a esta hermosa labor

#navidad #navidad2024 #fiestasnavideñas #espiritunavideño #solidaridad #niñosfelices",https://www.instagram.com/fundacion_crianza_compartida/reel/DDiCW5pRMl0/
2024-12-13T12:27:41.000Z,118,8,NA,"Hasta que la desvinculación forzada , el impedimento de vínculos con los hijos y la crianza compartida con el reconocimiento del valor de ambos padres y familias en la vida de los hijos , sea la costumbre y no la excepción. 

Mientras tanto seguiremos viendo a padres que ocupan diferentes instancias sociales para visibilizar sus luchas y sus dolores , sus alegrías y recuerdos de tiempos felices junto a sus hijos. 

El llamamiento es a ocupar todos los lugares , circunstancias , eventos , actividades para dar cuenta de sus luchas internas y contra un sistema judicial indiferente . 

El llamamiento es a la acción directa , a concientizar con respecto a las temáticas , a promover la autoeducación y la educación en estas temáticas de familiares , amigos , vecinos , compañeros de trabajo , que la crianza compartida se converse en la mesa mientras ven las noticias o en el almuerzo de día domingo. 

Todos y todas ustedes están en posición de ser activistas de la crianza compartida y educadores sociales de los obstáculos de la misma . Esto lo cambiamos entre #todosytodasjuntas . 

La #LeyCrianzaCompartida busca que hijos e hijas de padres separados convivan el mismo tiempo con su mamá o papá, o que las decisiones respecto a ellos sean tomadas por igual. 🏡

Por una crianza colaborativa, coparticipativa y corresponsable.

¿Te sumas a esta iniciativa? Firma en el enlace de nuestra biografía ✍️⬇️

#LeyCrianzaCompartida
https://chng.it/G5FmrLCmkR",https://www.instagram.com/fundacion_crianza_compartida/reel/DDhLLNJRcEL/
2024-12-13T00:52:09.000Z,369,96,NA,"Lo que más nos llama la atención de este tipo de entrevistas es que está tan naturalizado el discurso de la inutilidad y la desechabilidad masculina que una mujer responde que los hombres son innecesarios con su hijo varón al lado. 

Seguramente ella no podría vivir sin su hijo que es hombre , tampoco podría vivir sin su padre o sin los hombres significativos en su vida . 

La misandría o el desprecio hacia los hombres y lo masculino tiene su expresión es la brecha de empatía que sufren los hombres cuando se encuentran en una situación de víctimas de la violencia instrumental o física en las relaciones de pareja o luego se la separación cuando no pueden ver a sus hijos

¿ Qué opinan ustedes ? Los leemos y dejamos encuesta . 

¿ Se podría vivir en un mundo sin hombres ? La pregunta es absurda , lo sabemos .",https://www.instagram.com/fundacion_crianza_compartida/reel/DDf6C_axZjS/
2024-12-12T12:40:13.000Z,298,62,NA,"🧑‍🧒🧑‍🧒‍🧒El vínculo entre padres e hijos está protegido por la ley. 
❌Impedir el régimen de comunicación puede generar sanciones legales y afectar el bienestar de los hijos.

⚖️Si necesitas asesoramiento legal, no dudes en contactarme!
📞+54 9 11 4916 1178
📧monicamarchisella@gmail.com
✨¡Gracias por visitar mi perfil

#abogada #abogadamediadora
#abogadadefamilia
#monicamarchisella #familia
#divorcios  #sucesiones #asesoramientolegal #nordelta #caba  #interessuperiordelniño #regimencomunicacional #regimendecomunicacion",https://www.instagram.com/monicamarchisella/p/DDeohhoARyE/
2024-12-12T12:04:57.000Z,462,12,NA,"La #LeyCrianzaCompartida busca que hijos e hijas de padres separados convivan el mismo tiempo con su mamá o papá, o que las decisiones respecto a ellos sean tomadas por igual. 🏡

Por una crianza colaborativa, coparticipativa y corresponsable.

¿Te sumas a esta iniciativa? Firma en el enlace de nuestra biografía ✍️⬇️

#LeyCrianzaCompartida
https://chng.it/G5FmrLCmkR

#separacionesconhijos #padresdesvinculados #madresimpedidas #crianzacompartidachile #crianzacompartida #tuicioncompartida",https://www.instagram.com/fundacion_crianza_compartida/reel/DDekYNlRDD1/
2024-12-11T13:44:27.000Z,321,70,NA,"Pregunta seria , muy seria . 

Nosotros tenemos nuestra interpretación y estamos trabajando para cambiar eso pero nos gustaría conocer lo que opinan ustedes. 

Nos parece muy importante el aporte económico de los padres , madres o cuidadores convivientes hacia los hijos . Falta avanzar no solo en sanción sino que en educación parental con respecto a la importancia de la presencia económica como inversión parental y como satisfacción personal como padres . 

Así también faltan formas de control del gasto de ese aporte económico que hoy en día sería considerado violencia de género ✅️ pero que en una legislación con perspectiva de infancia seria justo dar cuenta de que los recursos efectivamente se usan en beneficio de los hijos o es un exceso pedir lo que es normal en cualquier institución social incluyendo a la familia? 

Nos parece igual o más importante la contribución psicoafectiva y relacional , la presencia física que puedan tener niños y niñas con respecto a aquellos progenitores que conviven con ellos ( conciliación de vida familiar y laboral ) como aquellos progenitores que no conviven diariamente con ellos o que ejercen un cuidado compartido ( conciliación vida laboral , familiar y también tiempos de convivencia entre padres) .

¿ Por qué se le da más importancia al pago de pensión alimenticia que al cumplimiento de la relación directa y regular ? 

Los leemos 🤗

#pensionalimenticia #registrodeudoresalimentos #corresponsabilidadeconómica #relaciondirectayregular #regimendevisitas #crianzacompartida",https://www.instagram.com/fundacion_crianza_compartida/p/DDcKnMBRJ4I/
2024-12-11T11:33:50.000Z,509,31,NA,"En la experiencia de la Fundación las #madrastras ( más que los padrastros , aunque deben existir excepciones ) son un gran apoyo para aquellos padres separados que tienen problemas para ver a sus hijos. 

Las madrastras se dan el tiempo y dedicación de construir un vínculo de afecto y cuidado con los hijos de su pareja. 

Las madrastras son activas en buscar información ℹ️ que les permita mejorar sus habilidades parentales y poder aportar y acompañar en colaboración al padre y sus hijos. 

Por supuesto que también tenemos casos de madrastras que le disputan el lugar a la madre e intentan , en conjunto con el padre , hacer una sustitución parental y una madrectomia o extirpación de la figura materna y precisamente en ese tipo de situaciones se produce un conflicto extendido entre el padre obstaculizador y la nueva pareja contra la mamá biológica . 

#madrastras #madresimpedidas #madresprotectoras #sustitucionparental #madrectomia 

¿ Cuál ha sido tu experiencia como madrastra o tu experiencia con tu nueva pareja como apoyo en tu paternidad ?",https://www.instagram.com/fundacion_crianza_compartida/reel/DDb7DLCRYlU/
2024-12-10T17:22:42.000Z,76,1,NA,"#díadelosderechoshumanos y #familia . 

1. Los derechos humanos son derechos intrínsecos.

2. Son derechos irrenunciables.

3. Son derechos inalienables.

4. Los derechos humanos son derechos universales.

5. Son derechos interdependientes.

6. Son derechos indivisibles.

7. Son derechos progresivos.

8. Son derechos imprescriptibles.

9. Son derechos inderogables.

Las violaciones de derechos humanos van contra nuestras libertades y atacan la dignidad humana. 

La sociedad debe conocer y respetar las características fundamentales de los derechos humanos para convertir este mundo en un lugar más justo para todas las personas.

#derechosdelosniños #derechodefamila #derechoshumanos #inalienable #comisiónderechoshumanos",https://www.instagram.com/fundacion_crianza_compartida/p/DDZ_OJFRR1z/
2024-12-24T15:27:14.000Z,174000,3055,NA,"La crianza compartida disminuye los efectos emocionales negativos post separación de los padres. 

1. Da continuidad al vínculo progenitor puertas afuera-hijo .

2. Permite una mejor adaptación a la nueva conformación familiar .

3. Disminuye la sensación de abandono y desestructuración familiar .

4. Mejora el autoestima de los hijos y de los padres o madres no convivientes .

5. Mejora el cumplimiento del pago de pensión alimenticia. 

6. Disminuye el estrés parental o síndrome de Burn-Out en el cuidador principal. 

( Con papá y con mamá , José Manuel Aguilar Cuenca ) .

La #LeyCrianzaCompartida busca que hijos e hijas de padres separados convivan el mismo tiempo con su mamá o papá, o que las decisiones respecto a ellos sean tomadas por igual. 🏡

Por una crianza colaborativa, coparticipativa y corresponsable.

¿Te sumas a esta iniciativa? Firma en el enlace de nuestra biografía ✍️⬇️

#LeyCrianzaCompartida
https://chng.it/G5FmrLCmkR

#corresponsabilidadeconómica #corresponsabilidadparental #crianzacompartida #tuicioncompartida #navidad",https://www.instagram.com/fundacion_crianza_compartida/reel/DDZkHBnRNfJ/
2024-12-09T22:15:41.000Z,623,48,NA,"Otro Papá que le gana al sistema judicial y al #ImpedimentoDeVinculos 

Únete a la Fundación Crianza Compartida Chile y entre #todosytodasjuntas derrotemos la indiferencia y la negligencia judicial. 

La #LeyCrianzaCompartida busca que hijos e hijas de padres separados convivan el mismo tiempo con su mamá o papá, o que las decisiones respecto a ellos sean tomadas por igual. 🏡

Por una crianza colaborativa, coparticipativa y corresponsable.

¿Te sumas a esta iniciativa? Firma en el enlace de nuestra biografía ✍️⬇️

#LeyCrianzaCompartida
https://chng.it/G5FmrLCmkR",https://www.instagram.com/fundacion_crianza_compartida/p/DDX7_1GRkcg/
2024-12-09T18:45:32.000Z,65,4,NA,"Feliz día a ustedes que acompañan desde el compromiso real por un mundo con Salud Mental y donde se respeta y se comprende que la necesidad de sanar y recibir apoyo psicoemocional no tiene género y que cada uno de los integrantes de la Fundación Crianza Compartida Chile vive sus dolores y alegrías desde una historia singular 

Les invitamos a seguir a @soytupsico_loga y a @ps_perito_caroval . 

🤗 #diadelpsicologo #psicologiajuridica #psicologa #paicologiainfantil #psicologiamasculina #psicologia #saludmentalparatodos #crianzacompartida",https://www.instagram.com/fundacion_crianza_compartida/p/DDXj8jex08J/
2024-12-09T13:13:08.000Z,15,0,NA,"Que hermosa forma de cerrar el año 2024 con esta maravillosa actividad. Agradecemos profundamente la gestión de @rancholaesperanza.cl por esta preciosa actividad para los padres de la fundación en un espacio de vinculación y sanación con este empoderamiento con caballos.

Gracias totales y que está actividad sea una actividad que sea muy aprovechada y disfrutado pues en conjunto trabajaremos porque así sea

A disponer la energía, la motivación y nos encontramos este 29 de diciembre en Rancho Esperanza ❤️❤️",https://www.instagram.com/fundacion_crianza_compartida/reel/DDW9cOKx-eO/
2024-12-09T17:03:04.000Z,358,61,NA,"Compartimos video de @drignacioponcedeleon padre víctima de Impedimento de vínculos con su pequeña hija . 

Urge mejorar el cumplimiento de las medidas de apremio contra el progenitor obstructor de vínculos  ya que hoy en día ni las multas ni menos la orden de arresto es aceptaba por tribunal de familia. 

Hace un tiempo se decretó una orden de arresto contra una madre la cual fue anulada por un tribunal de alzada . El mensaje de impunidad y promoción de la autotutela es equivocado y solo da cuenta de la normalización de la violencia instrumental que es cuando se usan a los hijos para dañar al padre o madre no conviviente y de paso , teniendo como víctima principal al niño / a desvinculado , se está perpetuando la violencia hacia las infancias sin que nadie lo detenga . 

Hay una violencia estructural ( NO PUNTUAL NI INDIVIDUAL) hacia los Buenos Padres Presentes que se expresa en una desidia judicial ante este tipo de maltrato que va mermando lentamente la salud mental y física de los padres .

La clase política ha demostrado una indiferencia angustiante frente a este fenómeno de las Interferencias parentales.  El actual parlamento no ha dado el ancho para abordar esta temática con seriedad y profesionalismo . Ha imperado la disputa pequeña y la diferencia ideológica que ha puesto en una trinchera un tema de debiera ser de interés nacional. 

Propuestas

Mejorar el cumplimiento de las medidas de apremios contra el progenitor que impide el contacto de forma reiterada .

Crear un registro nacional de obstructores del vínculo que a su vez venga acompañado del mejoramiento de los procedimientos y otorgamiento de medidas cautelares. 

Tipificación del delito de Impedimento de Vínculos Familiares. 

Reconocimiento de las conductas de Alienación Parental como acto constitutivo de violencia intrafamiliar. 

Tipificación del delito de Falsas Denuncias por violencia de género .

Avance en la tramitación de la Ley Crianza Compartida ( la experiencia ínternacional da cuenta que bajo una modalidad de cuidado compartido disminuyen los conflictos interparentales y la judicialización de los conflictos) #drignacioponcedeleon #obstrucciónparental #impedimentodevinculos",https://www.instagram.com/fundacion_crianza_compartida/reel/DDWq6cmxPyq/
2024-12-08T23:15:28.000Z,350,38,NA,"Papá de Sofia ( pueden encontrar su cuenta en tiktok como @ PapaDeSofia ) comenta la mini entrevista que le hicimos a @fer_psicologa y da su testimonio como víctima de maltrato por parte de su ex pareja , la misma que hoy en día le impide vincularse hace meses de su hija Sofia. 

Papá u hombre , si eres víctima de maltrato no podemos dar un número donde puedas pedir ayuda porque el Estado no reconoce a los hombres-padres como víctimas sino a lo más como perpetradores de violencia. 

Este estereotipo de género se expresa es una falta de empatía hacia los hombres cuando son víctimas ( brecha de empatía) donde se produce una situación muy perversa en la cual la violencia femenina se explica y comprende y la violencia hacia los hombres se niega y se minimiza ( sesgo de género) , dejando en la total indefensión no solo a los hombres como víctimas principales sino que , cuando hay hijos de por medio , siendo los hombres-padres víctimas secundarias de esta forma de violencia instrumental , al tratar de proteger a sus hijos del maltrato materno quedan anulados de cualquier intento de protección por una falsa denuncia o una denuncia sustentada en un falso relato. 

La crianza compartida es un derecho humano de los niños y niñas , no obstante , cuando los niños son víctimas de esta forma de violencia instrumental el cuidado personal debe recaer en aquel padre o madre que de verdad protege y garantiza el cumplimiento de sus derechos y no con quien los vulnera .

¿ Qué opinas al respecto ? Etiqueta a la autoridad pública de tu región o comuna y hagamos una campaña de difusión y visibilización de esta forma de violencia negada. 

#falsasdenuncias #leycrianzacompartida
#crianzacompartida #interferenciasparentales #obstrucciónparental #impedimentodevinculos #LeyFalsasDenuncias #falsasdenuncias #paternidadactiva #coparentalidad #alienacionparental #impedimentodevinculos",https://www.instagram.com/fundacion_crianza_compartida/reel/DDVcYljxuA0/
2024-12-08T19:32:23.000Z,331,41,NA,"Reencuentro de hijo con papá y familia paterna 

"" Después de 7 largos meses en juicio "" comienza contándonos este papá que por fin pudo vivir el reencuentro con su peque. 

La causa judicial que debia resolverse era de ""régimen de visitas"" lo que por obstrucción parental lo tuvo meses sin ver a su hijo .

"" Nunca bajé los brazos. Yo la sufrí pero lo logré "" comenta . 

Muchas gracias por compartir tan lindo momento y que éste 2025 estos momentos se repitan por miles con cada papá , mamá y familia desvinculada de manera forzada. 

La #LeyCrianzaCompartida busca que hijos e hijas de padres separados convivan el mismo tiempo con su mamá o papá, o que las decisiones respecto a ellos sean tomadas por igual. 🏡

Por una crianza colaborativa, coparticipativa y corresponsable.

¿Te sumas a esta iniciativa? Firma en el enlace de nuestra biografía ✍️⬇️

#LeyCrianzaCompartida
https://chng.it/G5FmrLCmkR

#crianzacompartida ##coparentalidad #corresponsabilidad #niñezmásprotegida #reencuentros",https://www.instagram.com/fundacion_crianza_compartida/reel/DDUuF02xX7e/
2024-12-07T23:57:13.000Z,230,11,NA,"Buenas tardes !! Espero haber representado a muchos de ustedes ❤️ escribe Patricio un papá presente que defiende su paternidad y el derecho de su peque a tener padre 🙏

La #LeyCrianzaCompartida busca que hijos e hijas de padres separados convivan el mismo tiempo con su mamá o papá, o que las decisiones respecto a ellos sean tomadas por igual. 🏡

Por una crianza colaborativa, coparticipativa y corresponsable.

¿Te sumas a esta iniciativa? Firma en el enlace de nuestra biografía ✍️⬇️

#LeyCrianzaCompartida
https://chng.it/G5FmrLCmkR",https://www.instagram.com/fundacion_crianza_compartida/p/DDS-Brpx6gG/
2024-12-06T17:55:59.000Z,107,4,NA,"@postnatalpaterno_18semanas 
@gabrielboric
@paulinanu
@marleneperezdiputada
@soytupsico_loga
@ps_perito_caroval
@criemos
@gonzalo.winter
@guillermoramirezdiez
@anamariagazmuriv
@camila_musante
@franciscosaavedr
@felixuls

#postnatalpaterno #postnatalpaternol18semanas #postnatal1año #postnatalmasculino #apegoseguro #presidenteboric #coparetalidad #corresponsabilidadparental",https://www.instagram.com/fundacion_crianza_compartida/p/DDPv5GERPS5/
2024-12-05T21:02:14.000Z,58,12,NA,"¿Puede existir un cambio de cuidado, pese a existir una buena evaluación de habilidades parentales?

¿Es la obstrucción parental una situación de riesgo que puede ameritar un cambio de cuidado? Aquí te lo cuento!!!",https://www.instagram.com/ps_perito_caroval/reel/DDNf_1IJ1F4/
2024-12-05T12:40:31.000Z,75,8,NA,"⚖️El interés superior del niño siempre es prioridad. En este caso, la justicia decidió no privar al padre de su responsabilidad parental, considerando los deseos de la niña y los informes psicológicos.

⁉️¿Qué opinas de este fallo?
👉Te leo en comentarios⬇️⬇️⬇️

⚖️Si necesitas asesoramiento legal, no dudes en contactarme!
📞+54 9 11 4916 1178
📧monicamarchisella@gmail.com
✨¡Gracias por visitar mi perfil

#abogada #abogadamediadora
#abogadadefamilia
#monicamarchisella #familia
#divorcios  #sucesiones #asesoramientolegal #nordelta #caba #responsabilidadparental #interessuperiordelniño",https://www.instagram.com/monicamarchisella/p/DDMm_muxeWA/
2024-12-04T20:20:12.000Z,133,21,NA,"Falsas denuncias : presunción de inocencia versus derecho a la vida de las ( víctimas ) .

Pregunta para la comunidad, 

En una falsa denuncia , ¿ quién es la víctima ? 

#falselyacussedday #falsasdenuncias #denunciasfalsas #falsasacusaciones #falselyaccused 

Pongamos fin a las Falsas Denuncias con la #LeyFalsasDenuncias - ¡Firma la petición! https://chng.it/pF2fGQrtS5 vía @changeorg_chile",https://www.instagram.com/fundacion_crianza_compartida/p/DDK2zg5Rh-p/
2024-12-04T11:44:00.000Z,127,44,NA,El presidente Boric @gabrielboric va a ser padre y desea que su hijo nazca en un mejor Chile . ¿ Cuál sería ese mejor Chile para tus hijos ? Puedes responder la encuesta y en los comentarios responder libremente .,https://www.instagram.com/fundacion_crianza_compartida/p/DDJ7u3aRYvx/
2024-12-04T11:17:29.000Z,325,29,NA,"Imagen no apta para personas políticamente sensibles 🐼♥️

Todo niño/a tiene derecho a tener vínculo con ambos padres y familias. 

Todo niño/a tiene derecho a pasar igual tiempo con papá y ( mamá o mamá y mamá o papá y papá en caso de familias diversas ) .

La crianza compartida es un derecho humano de todos los niños sin discriminación ni exclusión excepto cuando va en contra se su propio bienestar 

Créditos a quien corresponda ♥️

La #LeyCrianzaCompartida busca que hijos e hijas de padres separados convivan el mismo tiempo con su mamá o papá, o que las decisiones respecto a ellos sean tomadas por igual. 🏡

Por una crianza colaborativa, coparticipativa y corresponsable.

¿Te sumas a esta iniciativa? Firma en el enlace de nuestra biografía ✍️⬇️

#LeyCrianzaCompartida
https://chng.it/G5FmrLCmkR 

#crianzacompartida #gabrielboric #paternidadactiva",https://www.instagram.com/fundacion_crianza_compartida/p/DDHtSD5xpgp/
2024-12-03T12:27:58.000Z,180,15,NA,"Si no has leído la entrevista realizada a @clau.casanga directora del Centro de Defensa y justicia para Hombres ( @hombresmaltratadoschile ) y parte del equipo colaborador de Fundación Crianza Compartida Chile , aquí puedes leerla completa . 

Les pedimos leer con atención y detenimiento la historia de José Pozo y su hijo , la historia de maltrato y violencia intrafamiliar de la cual ambos han sido víctimas.  La indiferencia del sistema judicial y la notable actuación de Claudia Casanga y su equipo que le han permitido obtener un poco de justicia. 

Los hombres y padres están rompiendo el silencio y se están atreviendo a denunciar. 

Agradecemos al @el_mostrador por el pluralismo y diversidad en sus contenidos. 

#hombresmerecenempatía #hombresmaltratados #paternidadactiva #crianzacompartida #maltratopsicológico #madresviolentas #mujeresviolentas #misandria",https://www.instagram.com/fundacion_crianza_compartida/p/DDHb99Mx0Rw/
2024-12-03T01:26:58.000Z,491,66,NA,"No podíamos despedir el día sin una buena noticia ♥️🐼

Gracias a todos los papás y mamás , abuelos y abuelas , madrastras y tíos/as que luchan , que se han convertido en activistas por los derechos de los niños vulnerados. 

Lo que no hace el sistema judicial lo haremos todos y todas juntas , unidos y no divididos contra la indiferencia y la negligencia procesal. 

La #LeyCrianzaCompartida busca que hijos e hijas de padres separados convivan el mismo tiempo con su mamá o papá, o que las decisiones respecto a ellos sean tomadas por igual. 🏡

Por una crianza colaborativa, coparticipativa y corresponsable.

¿Te sumas a esta iniciativa? Firma en el enlace de nuestra biografía ✍️⬇️

#LeyCrianzaCompartida
https://chng.it/G5FmrLCmkR",https://www.instagram.com/fundacion_crianza_compartida/p/DDGQUjyRdKw/
2024-12-02T13:37:46.000Z,18,0,NA,"Los invitamos a revisar nuestro sitio web www.fundacioncrianzacompartidachile.cl presionando nuestro logo 👉 podrán acceder a todos los artículos , noticias y actividades actualizadas de la Fundación Crianza Compartida Chile. 

En esta oportunidad compartimos la nota sobre el taller de capacitación realizado por @franciscopachecoabogado y @soytupsico_loga sobre corresponsabilidad en la crianza , educación y circular 27.

https://fundacioncrianzacompartidachile.cl/2024/12/02/taller-de-capacitacion-sobre-corresponsabilidad-y-circular-27-en-concepcion/",https://www.instagram.com/fundacion_crianza_compartida/p/DDE_KXHRHb9/
2024-12-02T12:27:33.000Z,204,25,NA,"Nos quedamos con las palabras finales de la doctora Sau-lyn Lee Maturana con respecto a la alienación parental: 

"" Educar. Educar a la población. Los actores políticos y legislativos deben acercarse a la academia. Lo que estamos estudiando, con consecuencias tan terribles en cada uno de los miembros de la familia, se debe conocer para poder prevenir, diagnosticar e intervenir cuando los casos son identificados. La familia es el núcleo central de la sociedad, por lo que debemos enfocarnos en promover el bienestar emocional y relacional entre todos los miembros de todos los tipos de familia que actualmente se reconocen "". 

Sigamos educando hasta que la defensa de los derechos de vinculación de niños, niñas y adolescentes sean protegidos por todos .

#alienacionparental ##maltratopsicológico #violênciaintrafamiliar #ley20066 #laalienacionparentalsiexiste #alienacionparentalesmaltratoinfantil",https://www.instagram.com/fundacion_crianza_compartida/p/DDE3IDrRM1W/
2024-11-29T16:01:07.000Z,72,7,NA,"Se que como papá estás viendo este video, solo felicitar la perseverancia, el amor y dedicación que tuvo para luchar por sus hijos.Soy feliz de la felicidad de ustedes.

La alienación parental daña profundamente los vínculos familiares y las denuncias falsas rompen no solo el espacio profundo de calidad de afecto con los hijos si no que sus secuelas destruyen hogares,trabajos, dignidad y reparar todo el daño ocasionado requiere de mucho más que voluntad 

Queremos un pais en dónde la alienación parental sea reconocida como una práctica de maltrato infantil y una ley que sancione con toda la fuerza de la misma a todo aquel que realice denuncias falsas",https://www.instagram.com/ps_perito_caroval/reel/DC9gxYwpVAp/
2024-11-29T14:54:01.000Z,84,11,NA,"La importancia de la crianza compartida en padres separados y la maternidad colaborativa que es aquella maternidad que permite , que abre espacios , que ha aprendido a soltar y compartir no solo el cuidado y la carga mental de la crianza sino también el placer de construir experiencias significativas con el otro progenitor. 

Gracias a DANIELA por compartirnos su experiencia y reflexión. 

La #LeyCrianzaCompartida busca que hijos e hijas de padres separados convivan el mismo tiempo con su mamá o papá, o que las decisiones respecto a ellos sean tomadas por igual. 🏡

Por una crianza colaborativa, coparticipativa y corresponsable.

¿Te sumas a esta iniciativa? Firma en el enlace de nuestra biografía ✍️⬇️

#LeyCrianzaCompartida
https://chng.it/G5FmrLCmkR

#crianzarespetuosa #leycrianzacompartida #crianzacompartida #corresponsabilidad #coparentalidad",https://www.instagram.com/fundacion_crianza_compartida/reel/DC9Y2mdxltn/
2024-11-28T13:02:20.000Z,185,26,NA,"Una respuesta posible a la practicante de la @cajcivilpuertomontt y @corporacionasistenciajudicial que posiblemente repite la misma desinformación que promueven algunos docentes sin capacitación en la temática y los mismos abogados jefes de la Corporación. 

La OMS define retrata perfectamente lo que es la “Alienación Parental”, «un problema de relación entre la persona que cuida a un niño y que influye en el su estado de salud». Si cliqueamos el código QE52.0 en la Guía CIE-11, la OMS nos lo describe como “Insatisfacción de una relación cuidador-niño asociada con una perturbación significativa en el funcionamiento”.

La Asociación Americana de Psiquiatría no incluyó el trastorno de alienación parental en el DSM-V (2013), pero actualizó la categoría Z63.8, ahora denominada ""Problema de relación entre padres e hijos"" (V61.20). Esta categoría permite diagnosticar problemas en la relación padres e hijos que afectan el bienestar del niño, como el control inapropiado de los padres, sobreprotección, presiones excesivas, conflictos o distanciamiento. Además, se consideran aspectos conductuales, cognitivos y afectivos, con énfasis en las necesidades de desarrollo del niño y su contexto cultural.

No obstante , con el reconocimiento legal de la práctica de la alienación parental no se busca patologizar la conducta sino regularla y sancionarla en beneficio y protección de las víctimas de esta forma de violencia intrafamiliar que son los niños, niñas y adolescentes y las víctimas secundarias e instrumentales. 

¿ Tu abogado aún sigue creyendo que la alienación parental es algo que una agrupaciones para llamar la atención o que la alienación parental no existe porque no aparece nombrada literalmente en el CIE-11 o DSM-V ? ¿ Te parece confiable un abogado que piensa así ? 

Falta mucho por hacer en Pedagogía Social y Capacitación y para eso en Fundación Crianza Compartida Chile estamos trabajando. 

Te leemos . 

Que bueno que en este caso la abogada de la CAJ y la magistrado se encontró con una abuela empoderada que se informa y se defiende los derechos de su nieta. 

#ManipulaciónAfectiva #manipulaciónpsicológica #alienacionparental #laalienacionparentalsiexiste #alienacio",https://www.instagram.com/fundacion_crianza_compartida/p/DC6k1mrRaBY/
2024-11-28T00:51:14.000Z,130,10,NA,"Los invitamos a leer la entrevista realizada por @el_mostrador a la docente y doctora en investigación en Psicología de la Universidad de Tarapacá ( @utarapaca ) Sau-lyn Lee Maturana quien recientemente participó en el Primer Congreso Interdisciplinario sobre Alienación Parental y Violencia Familiar organizado por @ceap.argentina .

Aquí algunos extractos de la entrevista: 

En 2023 el Congreso rechazó un proyecto de ley que abordaba esta materia. En Chile no se reconoce, ni sanciona, a quienes fomentan y practican conductas en contra de sus exparejas manipulando a los hijos. 

.¿Qué dice la legislación chilena?

“Nuestra ley no reconoce ni sanciona a quienes fomentan y practican conductas alienantes en contra de sus exparejas manipulando a los hijos. Es decir, no hay legislación para la alienación parental. Por eso es importante reconocer este fenómeno”.

"" En cuanto a las consecuencias en los hijos, son igualmente numerosas. A nivel psicoemocional, se ha documentado que a largo plazo los niños alienados pueden desarrollar problemas como abuso de alcohol, consumo de drogas, insomnio, presentan ideación suicida, depresión y muchos tienden a ser víctimas de alienación parental con sus hijos también. Estos datos han sido corroborados por estudios en Italia, Canadá y Estados Unidos "".

A pesar de la gravedad del fenómeno y de su impacto en la infancia, el Congreso chileno ha  rechazado los intentos de aprobar una ley sobre alienación parental. El proyecto de ley se basa en autores desactualizados y en argumentos subjetivos, en lugar de en la evidencia científica. Lo que más me preocupa es que, cuando se trabaja con temas tan delicados como la infancia y la parentalidad, es sumamente irresponsable tomar decisiones sin respaldo empírico.

#AlienaciónParental #ManipulaciónAfectiva #violenciapsicologica ##derechosdelosniños #crianzacompartida #falsasdenuncias #laalienacionparentalsiexiste ##alienacionparentalesmaltratoinfantil",https://www.instagram.com/fundacion_crianza_compartida/p/DC5UQc6xKSL/
2024-11-27T12:22:20.000Z,143,21,NA,"Sin desmerecer las denuncias verdaderas y sin ánimo de apoyar jamás ❌️ a ningún maltratador es  urgente avanzar en la tipificación del delito de falsas denuncias por violencia intrafamiliar o violencia de género.  Más info en nuestra biografía ( #LeyFalsasDenuncias ya ) 

#falseaccusations
#falsealegations#falsasdenuncias
#acusacionesfalsas #despertandoconsciencia🕉💖
#desvinculaciónforzada #presunciondeinocencia
#proyectoinocentes

Pongamos fin a las Falsas Denuncias con la #LeyFalsasDenuncias - ¡Firma la petición! https://chng.it/pF2fGQrtS5 vía @changeorg_chile",https://www.instagram.com/fundacion_crianza_compartida/reel/DC3-MCoRyAn/
2024-11-26T17:25:53.000Z,268,19,NA,"Pongamos fin a las Falsas Denuncias con la #LeyFalsasDenuncias - ¡Firma la petición! https://chng.it/pF2fGQrtS5 vía @changeorg_chile 

Por todas la madres , padres y familias víctimas de falsas denuncias 🤗♥️

Comparte y suma a tus conocidos a esta iniciativa.✅️

#falseaccusations #falsasdenuncias #denunciasfalsas #acusacionesfalsas #falselyaccused #gabrielboric #babyreno #miauastral #feminismo",https://www.instagram.com/fundacion_crianza_compartida/reel/DC17_udRoGd/
2024-11-26T15:14:28.000Z,550,75,NA,"A propósito del caso del Presidente @gabrielboric y la situación a la cual están expuestos muchos hombres y padres separados o que han tenido un vínculo buscado o no buscado con alguna persona que termina acosándolos y acusándolos falsamente. 

Le compartimos una mini entrevista que le hicimos hace un tiempo a @fer_psicologa sobre el tema de las #falsasdenuncias

Déjenos sus comentarios y comparte .

Pongamos fin a las Falsas Denuncias con la #LeyFalsasDenuncias - ¡Firma la petición! https://chng.it/pF2fGQrtS5 vía @changeorg_chile",https://www.instagram.com/fundacion_crianza_compartida/p/DC1tdQ0xshn/
2024-11-25T12:14:46.000Z,86,15,NA,"👦🏻👧🏼Los derechos de los niños no se negocian. 
👉🏻Impedir el contacto con uno de sus padres no solo afecta su bienestar, también es un delito. 🎶Es necesario proteger el derecho de los niños a mantener vínculos con ambos padres, más allá de los conflictos entre adultos.  Ellos son los más vulnerables y su bienestar debe ser prioridad.🚸

❓Tenés dudas sobre este tema? Escribime y te asesoro.
📞+54 9 11 4916 1178
📧monicamarchisella@gmail.com
✨¡Gracias por visitar mi perfil

#abogada #abogadamediadora
#abogadadefamilia
#monicamarchisella #familia
#divorcios  #sucesiones #asesoramientolegal #nordelta #caba  #impedimentodecontacto 
#derechodelosniños 
#derechodefamilia",https://www.instagram.com/monicamarchisella/p/DCy0GLsR6MX/
2024-11-25T11:47:57.000Z,28,1,NA,"Nueva seccion de recomendaciones la inauguramos con este juego sobre separación con un enfoque desde la mirada del niño, juego familiar que permite reflexionar sobre la importancia de tener una buena relación parental. El juego se llama It takes two, se encuentra disponible en todas las plataformas, menos en dispositivos telefónicos. Espero este dato les sea de utilidad y lo disfruten jugando en familia.

@fundacion_crianza_compartida
@soytupsico_loga
Nosotros con mi hijo lo hemos disfrutado mucho es muy entretenido y deja mucho que pensar, sobre todo de como viven el dolor los niños !!! ❤️👌😊",https://www.instagram.com/ps_perito_caroval/reel/DCyvBm9JIph/
2024-11-24T11:14:56.000Z,224,14,NA,"Buenos días 🤗

Recuerden ir a votar y en el camino recuerden no botar basura en la calle 👀 ambos tipos de comportamientos incivicos tienen una sanción más severa que incumplir el régimen de relación directa y regular. 

""¿Existe otra conducta o comportamiento incívico que vaya en contra de las normas de convivencia social y que tenga una sanción más severa que la de negarle a un hijo/a el derecho a ver a su padre o madre no conviviente y a su familia extensa?"" 

Te leemos 🤗

La #LeyCrianzaCompartida busca que hijos e hijas de padres separados convivan el mismo tiempo con su mamá o papá, o que las decisiones respecto a ellos sean tomadas por igual. 🏡

Por una crianza colaborativa, coparticipativa y corresponsable.

¿Te sumas a esta iniciativa? Firma en el enlace de nuestra biografía ✍️⬇️

#LeyCrianzaCompartida
https://chng.it/G5FmrLCmkR

#votaciones #orrego #gobernadores",https://www.instagram.com/fundacion_crianza_compartida/p/DCwIdOgRqoO/
2024-11-23T11:42:48.000Z,40,0,NA,"Siempre tienes la oportunidad de reparar . 

Elige sanar y soltar ✨️ Tus hijos te lo agradecerán 

#crianzacompartida #crianzaconciente #mamás #maternidadcotidiana",https://www.instagram.com/fundacion_crianza_compartida/reel/DCtmoDnxQbL/
2024-11-22T15:10:46.000Z,22,2,NA,"Fundacion Crianza Compartida Chile y parte de equipo directivo estuvieron presentes en el ciclo de Conversarorio Masculinidades en Transformación organizado por @corporacionchilegenero y el Departamento de Género y Diversidad de ls Universidad de Humanismo Cristiano @direcciongenerosuahc . 

En esta oportunidad Fundación Crianza Compartida Chile realizó una presentación para dar a conocer el rol actual del hombre-padre en la sociedad y familia actual. 

Agradecimientos a @mceron07 quien expuso e representación de la Corporación de Relaciones de Género. 

También fue una linda sorpresa ver a @isadora_reynolds de @libres_chile

#masculinismo #masculinidadpositiva #masculinidades ##paternidadactiva #paternidades #hombres #crianzacompartida #coparentalidad #corresponsabilidad",https://www.instagram.com/fundacion_crianza_compartida/p/DCrZt0ARlHC/
2024-11-21T11:21:59.000Z,12,0,NA,"Y llego el día, hoy es el cierre de los conversatorios que dieron visibilidad a estas nuevas masculinidades, que deben ser Transformadoras.
Los panelistas serán:
La Corporación Chilena de Relaciones de Género.
Fundación Crianza Compartida
Roberto Celedon

19:00 horas en Universidad Academia de Humanismo Cristiano, Condell 343, Auditorio Paulo Freire.",https://www.instagram.com/mceron07/p/DCoa4OCO9EQ/
2024-11-20T20:55:38.000Z,146,8,NA,"Artículo 8

1. Los Estados Partes se comprometen a respetar el derecho del niño a preservar su identidad, incluidos la nacionalidad, el nombre y las relaciones familiares de conformidad con la ley sin injerencias ilícitas.

2. Cuando un niño sea privado ilegalmente de algunos de los elementos de su identidad o de todos ellos, los Estados Partes deberán prestar la asistencia y protección apropiadas con miras a restablecer rápidamente su identidad.

Artículo 9

1. Los Estados Partes velarán por que el niño no sea separado de sus padres contra la voluntad de éstos, excepto cuando, a reserva de revisión judicial, las autoridades competentes determinen, de conformidad con la ley y los procedimientos aplicables, que tal separación es necesaria en el interés superior del niño.

La #LeyCrianzaCompartida busca que hijos e hijas de padres separados convivan el mismo tiempo con su mamá o papá, o que las decisiones respecto a ellos sean tomadas por igual. 🏡

Por una crianza colaborativa, coparticipativa y corresponsable.

¿Te sumas a esta iniciativa? Firma en el enlace de nuestra biografía ✍️⬇️

#LeyCrianzaCompartida
https://chng.it/G5FmrLCmkR

¿ Crees que la Crianza Compartida un derecho humano de niños, niñas y adolescentes ?",https://www.instagram.com/fundacion_crianza_compartida/p/DCm3u1nRPLG/
2024-11-19T15:56:11.000Z,17,5,NA,"Ya gente, se han cerrado las inscripciones para el taller del día de hoy con la expositora Adriana Jiménez

Fundación le está invitando a una reunión de Zoom programada.

Tema: Taller divorcio con amor 
Hora: 19 nov 2024 09:15 p. m. Santiago

Entrar Zoom Reunión
https://us06web.zoom.us/j/87032015964?pwd=xYn4HcnEearIuazvouqXHNlnPrUOJb.1

ID de reunión: 870 3201 5964
Código de acceso: 061727

Se les informa que solo se permitirá el acceso a quienes llenaron previamente el formulario de inscripción, por lo que se solicita puedan ingresar con nombre y apellido al taller, durante este se les pedirá el correo para la certificación del taller!!!!

Los esperamos !!!! Hoy sin falta a las 21:15",https://www.instagram.com/fundacion_crianza_compartida/reel/DCjwp63R_F_/
2024-11-19T15:00:44.000Z,55,1,NA,"#mesdelamasculinidad #mensday2024 

¿Cuál es tu modelo positivo de Hombre en tu vida ? 

Celebrar las contribuciones positivas de los hombres a la sociedad; a la comunidad, a la familia, al matrimonio, a la economía, al cuidado de los niños y el medio ambiente.

Promover modelos masculinos positivos; no solamente estrellas de cine y deportistas, sino también hombres de la vida cotidiana, de clase trabajadora, que viven vidas dignas y honradas

#crianzacompartida #hombresmaltratados #hombresmerecenempatía #diainternacionaldelhombre ##masculinidadpositiva",https://www.instagram.com/fundacion_crianza_compartida/reel/DCjqU-MRd4S/
2024-11-19T13:00:58.000Z,91,5,NA,"El 19 de noviembre, el Día Internacional del Hombre celebra en todo el mundo el valor positivo que los hombres aportan al mundo, a sus familias y a sus comunidades. Destacamos los modelos a seguir positivos y concientizamos sobre el bienestar de los hombres. Nuestro tema para 2024 es “Modelos masculinos positivos”.

A celebrar la masculinidad que se proyecta sin límites hacia una paternidad que lucha por ser reconocida . 

19 de Noviembre Día Internacional del Hombre ♂️

#mensday #mensday2024 #diainternacionaldelhombre #masculinidadpositiva #masculinismo #redpill #masculinidades #paternidadactiva #paternidadestoica",https://www.instagram.com/fundacion_crianza_compartida/p/DCjcmi8xnEA/
2024-11-19T10:50:11.000Z,197,9,NA,"A celebrar la masculinidad que se proyecta sin límites hacia una paternidad que lucha por ser reconocida . 

19 de Noviembre Día Internacional del Hombre ♂️

#mensday #mensday2024 #diainternacionaldelhombre #masculinidadpositiva #masculinismo #redpill #masculinidades #paternidadactiva #paternidades",https://www.instagram.com/fundacion_crianza_compartida/p/DCjNpbrRw38/
2024-11-18T18:55:47.000Z,68,0,NA,"Padre o madre obstructor/a de vínculos 

Versus 

Padre o madre que abandona a sus hijos. 

La #LeyCrianzaCompartida busca que hijos e hijas de padres separados convivan el mismo tiempo con su mamá o papá, o que las decisiones respecto a ellos sean tomadas por igual. 🏡

Por una crianza colaborativa, coparticipativa y corresponsable.

¿Te sumas a esta iniciativa? Firma en el enlace de nuestra biografía ✍️⬇️

#LeyCrianzaCompartida
https://chng.it/G5FmrLCmkR

#padresymadres #abandonoparental #madresseparadas #padresabandonicos #madresobstructoras #madresabandonicas #padresobstructores",https://www.instagram.com/fundacion_crianza_compartida/p/DChgbRrROm1/
2024-11-18T15:12:37.000Z,225,14,NA,"La sustitución parental es una práctica de violencia intrafamiliar y ocurre en el ejercicio del impedimento de vínculos de un progenitor con sus hijos . Generalmente ocurre en el ejercicio de la alienación parental o violencia psicológica donde se busca devaluar y distorsionar la imagen del padre o madre o familia extensa excluida de la vida del niño , niñas o adolescente .

Cuéntanos tu experiencia con esta práctica de obstrucción de vínculos y violencia intrafamiliar. 

Te leemos . 

La #LeyCrianzaCompartida busca que hijos e hijas de padres separados convivan el mismo tiempo con su mamá o papá, o que las decisiones respecto a ellos sean tomadas por igual. 🏡

Por una crianza colaborativa, coparticipativa y corresponsable.

¿Te sumas a esta iniciativa? Firma en el enlace de nuestra biografía ✍️⬇️

#LeyCrianzaCompartida
https://chng.it/G5FmrLCmkR",https://www.instagram.com/fundacion_crianza_compartida/p/DChG4z9RUCB/
2024-11-16T16:25:48.000Z,34,1,NA,NA,https://www.instagram.com/fundacionlazosargentina/reel/DCb3z9ZRwP5/
2024-11-16T01:16:46.000Z,97,7,NA,"MIni entrevista a uno de los organizadores del Congreso Interdisciplinario sobre Alienación Parental y Violencia Familiar y presidente de @ceap.argentina el doctor Mauricio Mizrahi. 

Palabras finales desde Argentina. 

#AlienaciónParental ##crianzacompartida #leycrianzacompartida #falsasdenuncias #impedimentodevinculos #interferenciasparentales #coparentalidad",https://www.instagram.com/fundacion_crianza_compartida/reel/DCacSdXR2DM/
2024-11-15T20:14:01.000Z,15,0,NA,Extracto de la presentación del Dr Nelson Sicavo e instrumento de evaluación escala Zicap II,https://www.instagram.com/fundacion_crianza_compartida/reel/DCZ69VeRkDb/
2024-11-15T19:08:56.000Z,60,5,NA,"Hoy en el contexto del Congreso Interdisciplinario sobre Alienación Parental y Violencia Familiar organizado por @ceap.argentina estará haciendo su exposición el psicólogo , docente , investigador y director de la carrera de Psicología de la @ubiobio .

La presentación será a las 16:40 horas .

Disertación de Nelson Zicavo Martínez (Chile, Doctor en Psicología), “Desde el Maltrato a un Nuevo Trato: la escala ZICAP, un Instrumento Válido para Medir la Alienación Parental”.

En la imagen de izquierda a derecha 

Perito Ps. Carolina Valenzuela , Psicólogo e investigador Nelson Zicavo , Perito Ps.  Estefany Riquelme y Abogada Catalina Saire .",https://www.instagram.com/fundacion_crianza_compartida/p/DCZo7XQxBmq/
2024-11-15T16:41:28.000Z,247,11,NA,"En el contexto del Congreso Interdisciplinario sobre Alienación Parental y Violencia Familiar organizado por @ceap.argentina nos encontramos con Valentina Ortiz ( @valensinfiltro_ ) una incansable y talentosa activista en crítica de género , comunicadora social y youtuber . 

Aquí les presentamos la entrevista que dio a Fundación Crianza Compartida Chile. 

Agradecimientos especiales a @soytupsico_loga ( en la grabación ) 

Agradecimientos a @ps_perito_caroval por las preguntas. 

#alienacionparental #maltratopsicológico #abusopsicológico #maltratoinfantíl #laalienacionparentalsiexiste #alienacionparentalesmaltratoinfantil #violenciapsicologica #feminismo",https://www.instagram.com/fundacion_crianza_compartida/reel/DCZhZL8RQjq/
2024-11-15T12:31:39.000Z,174,18,NA,"Exposición de Saylin Lee Maturana: 

¿ Es la Alienación parental una forma de violencia intrafamiliar ? 

@valensinfiltro_ pregunta sobre el momento en que los hombres se dan cuenta de que han sido víctimas de violencia intrafamiliar .",https://www.instagram.com/fundacion_crianza_compartida/reel/DCZAC8LRDny/
2024-11-14T22:33:51.000Z,21,4,NA,"Primera jornada del congreso de alienación parental y violencia familiar. Excelentes ponencias, gran trabajo realizado por @ceap.argentina esto es un espacio maravilloso para que se pueda debatir, aprender y complementar herramientas para que podamos unirnos en pos del bienestar de los niños y de sus familias",https://www.instagram.com/ps_perito_caroval/reel/DCXl_xdpBbe/
2024-11-14T17:49:05.000Z,96,2,NA,"Parte 2 

Discurso inauguración de Congreso Interdisciplinario sobre Alienación Parental y Violencia Familiar por el Doctor Mauricio Mizrahi director de @ceap.argentina

#Alienaciónparental #crianzacompartida #falsasdenuncias",https://www.instagram.com/fundacion_crianza_compartida/reel/DCXEumgRxbh/
2024-11-14T15:28:09.000Z,17,0,NA,"Desempacando el 2024 y comenzando un 2025 de forma distinta con @tualiadaenlacrianza

https://tualiadaenlacrianza.com/products/desempacando-el-2024-moviendonos-hacia-el-2025-version-chile-online

Será una experiencia que nos permitirá reflexionar, conversar y transitar acerca de lo que llevamos en nuestra ""mochila "" personal, familiar, cultural y generacional para movernos mas conscientes y mas livianos al 2025 enfocandonos en nuestro corazon de chilenos (vivamos o no vivamos actualmente en Chile) .

Un momento unico para escucharte, comprenderte y continuar tu proceso. 

La crianza respetuosa y consciente parte en ti. 

La humanidad respetuosa y consciente se inicia con cada uno de nosotros. 

Fecha :

22 de Noviembre

9 a 10 pm hora Chile 🇨🇱

La reunion será por TEAM y el link de ingreso sera enviado a tu correo electronico. 

Evento gratuito ( linktree de nuestra biografía ) 

Cupos limitados",https://www.instagram.com/fundacion_crianza_compartida/reel/DCW1Hhzx1Uy/
2024-11-14T13:42:39.000Z,70,2,NA,"Discurso inauguración de Congreso Interdisciplinario sobre Alienación Parental y Violencia Familiar por el Doctor Mauricio Mizrahi director de @ceap.argentina .

#Alienaciónparental #crianzacompartida #falsasdenuncias",https://www.instagram.com/fundacion_crianza_compartida/reel/DCWpB--xo9I/
2024-11-14T12:04:38.000Z,82,10,NA,"Aprender a soltar: una película sobre los roles de los padres en la crianza y cuidado de los hijos . 

En la experiencia de la Fundación y en base a la literatura relacionada a divorcios y separaciones conflictivas hemos detectado que una de las banderas rojas que puede anticipar las dinámicas de interferencia parental post separación es precisamente cuando uno de los padres había capturado el rol de cuidador y el otro progenitor había sido relegado a un rol secundario en los cuidados de los hijos . 

Aprender a soltar es Aprender por un lado a dejar y permitir que el padre tome su rol en la vida de sus hijos y también requiere que ese padre lo tome por voluntad propia sin esperar a que le den el "" permiso "" de ejercer su paternidad. 

Cuéntanos tu experiencia con este tipo de situaciones que se presentan en la relación de pareja o en procesos de separación. 

La #LeyCrianzaCompartida busca que hijos e hijas de padres separados convivan el mismo tiempo con su mamá o papá, o que las decisiones respecto a ellos sean tomadas por igual. 🏡

¿Te sumas a esta iniciativa? Firma en el enlace de nuestra biografía ✍️⬇️
chng.it/VWNkLzzjFM

#aprenderasoltar #separacionesconhijos #divorcio",https://www.instagram.com/fundacion_crianza_compartida/reel/DCWdi4lxc06/
2024-11-13T16:42:03.000Z,37,6,NA,"Mañana comienza el primer congreso internacional de alienacion parental. Estos días estaré subiendo historias de alienacion parental y obstrucción de vínculos, se protegerá la identificación real de sus protagonistas

Está bandera por la infancia la alzamos entre todos",https://www.instagram.com/ps_perito_caroval/reel/DCUYjZ1pMAs/
2024-11-14T15:56:46.000Z,82,11,NA,"El congreso internacional comienza mañana. Presencial y online. Registro gratuito! Facultad de derecho (UBA).

Sophia es una niña virtual, creada a través de inteligencia artificial. Fue desarrollada para representar a muchas niñas y niños reales que pasan por situaciones de alienación parental, dando voz a sus experiencias y ayudando a aumentar la concienciación sobre esta delicada cuestión. Este enfoque innovador permite que el público comprenda mejor los impactos psicológicos y emocionales que la alienación parental puede causar en los niños, sin exponer la identidad de un niño real.",https://www.instagram.com/alienadores_e_alienados/reel/DCUJySJxuS4/
2024-11-13T14:38:29.000Z,243,37,NA,"Hoy queremos compartir un artículo emocionante con el cual muchos papás podrán sentirse identificados. 

El artículo nos muestra la desvinculación forzada a la cual se ve obligado un padre que ha sido denunciado falsamente por VIF o violencia de género. 

Los padres que han pasado por esta situación se ven abrumados por las circunstancias que no acaban de comprender y experimentan la "" orden de alejamiento "" hacia sus sus hijos como una forma de morir un poco por dentro. Algo se rompe , un límite de lo moral ha sido transgredido y los planes de volver a ver a su hijo comienzan a vaciarse y perder sentido con cada día , cada mes, cada año sin  poder ver sus rostros inocentes o escuchar su dulce voz.

La desvinculación forzada de un padre con su hijo hace pensar que todo está permitido y que los vínculos de un padre con su hijo no valen nada. El rostro del hijo se empieza a difuminar y confundir con el rostro de todos los niños del mundo. Hay temor tanto a olvidar como a ser olvidado. Cuando caminas por la calle cada niño puede ser potencialmente tu hijo, y la frustración y el llanto aparecen con facilidad. Se siente como si un hijo hubiera muerto. Todo se vive como un duelo. 

En Fundación Críanza Compartida Chile reconocemos el potencial afectivo de los hombres que son padres amorosos , que piensan en las necesidades de sus hijos como una obligación no solo legal sino que también emocional y moral. 

Valoramos tanto la figura materna como la figura paterna quienes trabajando en equipo pueden hacer de la vida de los hijos una experiencia inolvidable. 

#saludmentalmasculina ##saludmentalparatodos #ordendealejamiento #padresdesvinculados #madresseparadas #crianzacompartida",https://www.instagram.com/fundacion_crianza_compartida/p/DCUKmlhRHls/
2024-11-13T11:59:21.000Z,30,0,NA,"La modificación de la pensión de alimentos en tiempos de crisis asegura que las obligaciones se ajusten a las nuevas circunstancias económicas.  Si necesitas asegurar el bienestar de tus seres queridos durante un juicio de alimentos, los alimentos provisorios pueden ser la solución.

 ¡En @legalfam.cl estamos para ayudarte! 

Contáctanos para más información y asesoría. 
📞👨‍⚖️📧
📧contacto@legalfam.cl
📱+56 9 8599 9051 📍Pedro Pablo Muñoz 350, oficina F  La Serena

#Abogado #abogadoschile #abogadodefamilia #abogadofamiliar #derechodefamilia #pensiondealimentos",https://www.instagram.com/abogadobryanveliz/reel/DCTuruqPFSO/
2024-11-13T00:53:02.000Z,38,0,NA,"@coquimbounidooficial y @fund_ayuda_cancer_testicular sacaron una notable campaña para plantear una de los temas de salud masculina más importante 👇 

EL CÁNCER TESTICULAR. 

Hombres y papás que nos siguen. ¿ Ustedes ya se hicieron el autoexamen TESTICULAR ? 

“Menos del 30% de los hombres realiza chequeos regulares, un bajo porcentaje que eleva el riesgo de un diagnóstico tardío. En Chile, más de 800 personas son diagnosticadas al año, y el país es uno de los con mortalidad más alta en el mundo por esta enfermedad”, aseguraron desde Coquitos.

#movember #masculinidadpositiva #hombres #mesdelamasculinidad #cancertesticular ##hombresmaltratados #coquimbo #saludmasculina",https://www.instagram.com/fundacion_crianza_compartida/p/DCSpXovx5SF/
2024-11-11T13:20:46.000Z,274,43,NA,"En #relatosdepaternidad 
#aprenderasoltar y una de las formas de maltrato infantil más invisibles ; el impedimento de vínculos. 

La #LeyCrianzaCompartida busca que hijos e hijas de padres separados convivan el mismo tiempo con su mamá o papá, o que las decisiones respecto a ellos sean tomadas por igual. 🏡

Por una crianza colaborativa, coparticipativa y corresponsable.

¿Te sumas a esta iniciativa? Firma en el enlace de nuestra biografía ✍️⬇️

#LeyCrianzaCompartida
https://chng.it/G5FmrLCmkR",https://www.instagram.com/fundacion_crianza_compartida/p/DCO4hSpx1tm/
2024-11-09T23:41:33.000Z,246,33,NA,"Nos vemos el próximo 14 y 15 de Noviembre en la @uba_ar ( facultad de derecho ) donde Fundación Crianza Compartida Chile se hará presente en el primer Congreso sobre Alienación Parental y Violencia Intrafamiliar organizado por @ceap.argentina . 

A continuación les presentamos algunos puntos relevantes planteados en la entrevista: 

🔴 Hay que poner fin a que el mero relato de la denunciante valga como prueba.

🔴 Dar directrices a magistrados y funcionarios del Poder Judicial en actuación de casos de violencia intrafamiliar donde aparezcan situaciones de alienación parental. 

🔴 Incorporar como propuesta que las acciones de cualquier progenitor obstaculizando las relaciones del hijo con el otro padre, se consideren como actos de violencia familiar ( reconocimiento de la alienación parental como acto constitutivo de violencia intrafamiliar). 

¿ Déjanos tus opiniones y/o comentarios ? 

Puedes revisar la entrevista completa en el enlace de nuestra biografía ( linktree) 

#Alienaciónparental #ManipulaciónAfectiva
#violenciainfantil
#violenciaintrafamiliar",https://www.instagram.com/fundacion_crianza_compartida/p/DCKmDiFRBLd/
2024-11-06T16:27:48.000Z,73,6,NA,"#movember

En Fundación Crianza Compartida Chile hacemos un trabajo de visibilización de las problemáticas masculinas desde un lugar de comprensión , desarrollo personal y promoción de la auto-ayuda entre hombres en su rol de padres . 

No nos interesa promover ideas culpabilizadoras y estigmatizadoras de la masculinidad y el ser hombre y sus diferentes roles , incluido el rol de padres. Nos interesa poner el foco en las soluciones , desde un punto de vista crítico pero empático.

Durante todo el mes de Noviembre iremos compartiendo diferentes reflexiones , iniciativas y temas de salud masculina que nos permitan ir visibilizando el rol de los hombres en la sociedad y la importancia del autocuidado , la salud masculina y el cuidado que debe otorgar el estado a través de sus políticas públicas a este grupo relevante .

Los hombres tienen su mes y su día y aquí se lo presentamos. 

#masculinidadpositiva #masculinismo #saludmasculina #padres #autocuidado #cancerdeprostata #cancertesticular #hombresmaltratados

@fer_psicologa @hombressinviolencia @hombresenequilibriomx @elpapaabogado @papalonchera @papa.consciente @dospapasenchile @papasconlentes @tribupapas @masculinidad.positiva @masculinismomxoficial @ladiesoflibertychile",https://www.instagram.com/fundacion_crianza_compartida/p/DCCCC36RkQk/
2024-11-04T11:11:01.000Z,38,7,NA,"Que importante es poder ser un padre o madre que facilita el vínculo, es de suma relevancia para poder prevalecer vínculos saludables y apegos seguros. La vinculación es mucho más que dar cumplimiento a un régimen directo y regular de visitas, es garantizar un espacio de afecto saludable entre el niño(a) y el padre o madre

#vinculossaludables #apegoseguro #corresponsabilidadparental #coparentalidad #cuidadocompartido",https://www.instagram.com/ps_perito_caroval/reel/DB8nu5UJiZB/
2024-11-04T10:36:13.000Z,132,3,NA,"Buen inicio de semana 🤗 

La crianza compartida es un enfoque de cuidado que busca promover la participación activa y equitativa de ambos padres en la crianza y educación de los hijos, incluso en situaciones de separación o divorcio. Este modelo de crianza puede ofrecer numerosos beneficios para los hijos y los padres.

Beneficios para los hijos:

1. Estabilidad emocional
2. Desarrollo integral
3. Mejora la autoestima
4. Reducción del estrés:

Beneficio para loa padres:

1. Responsabilidad compartida
2. Mejora la comunicación
3. Reducción del conflicto parental .
4. Mayor satisfacción en los adultos en su vida personal.

Intégrese a la comunidad de la crianza compartida 🥰 Necesitamos familias enteras comprometidas contra el derecho de niños y niñas a convivir y relacionarse con ambos padres y familias. 

#crianzacompartida #coparetalidad #divorcioconhijos #divorcioconamor #separaciónsana #cuidadocompartido #tuicioncompartida",https://www.instagram.com/fundacion_crianza_compartida/p/DB8kIHRxWJa/
2024-11-03T20:52:17.000Z,30,1,NA,"La Dra. Becky Kennedy @drbeckyatgoodinside es psicóloga clínica, autora de bestsellers y una reputada experta en crianza. La Dra. Becky habla de su innovador enfoque de la crianza de los hijos, haciendo hincapié en la importancia de comprender las emociones de los niños, gestionar los desencadenantes paternos y fomentar un entorno enriquecedor. Comparte estrategias prácticas para que los padres conecten con sus hijos, establezcan límites sanos y rompan ciclos insanos. 

En esta entrevista con @lewishowes en el programa @schoolofgreatness habla de estos temas y más. 

#crianzarespetuosa ##crianzacompartida #entrenamientodepadres #tipsdecrianza",https://www.instagram.com/fundacion_crianza_compartida/reel/DB6_6ahRpYN/
2024-11-03T12:47:28.000Z,45,0,NA,"La crítica y el desánimo pueden tener un impacto profundo en la autoestima y el desarrollo emocional de un niño. 

1. Pérdida de confianza: El niño puede sentir que no es capaz de lograr nada y que sus padres no creen en él.

2. Baja autoestima: Las palabras hirientes pueden hacer que el niño se sienta inútil, tonto o inadecuado.

3. Miedo al fracaso: El niño puede desarrollar un miedo intenso a intentar nuevas cosas por temor a fallar y ser criticado.

4. Sentimientos de tristeza y aislamiento: El niño puede sentirse solo y sin apoyo.

Es crucial que los padres y cuidadores:

1. Ofrezcan apoyo y aliento.

2. Fomenten la resiliencia y la perseverancia.

3. Establezcan expectativas realistas y alcanzables.

4. Celebren los logros y esfuerzos.

5. Proporcionen retroalimentación constructiva.

Recuerda que los niños aprenden de lo que ven y escuchan. Palabras y acciones positivas pueden ayudar a construir una base sólida para su autoestima y éxito futuro.

Fundacion Crianza Compartida Chile

#crianzacompartida #crianzarespetuosa #crianzarespetuosa",https://www.instagram.com/fundacion_crianza_compartida/reel/DB6CZrARa7Z/
2024-11-01T14:10:07.000Z,228,4,NA,"Lo que dejó #halloween : rol del padre y su función económica como aspectos de valor absoluto de la paternidad. 

Valorar al hombre-padre solo como un mero proveedor económico puede tener varios aspectos negativos, tanto para el padre como para la familia en general . Esto a propósito de varios padres y madres que no pudieron pasar estos días con sus hijos. 

A continuación, se presentan algunos de estos aspectos:

Para el padre:

1. Reducción de su papel a una función económica: Se minimiza su valor como figura paterna, cuidador y modelo a seguir.

2. Falta de reconocimiento emocional: Su contribución emocional y afectiva es ignorada.

3. Presión económica constante: La responsabilidad económica puede generar estrés y ansiedad.

4. Dificultad para establecer vínculos emocionales: La focalización en la provisión económica puede obstaculizar la conexión emocional con sus hijos.

Para la familia:

1. Desbalance en la crianza: La madre puede asumir toda la responsabilidad emocional y cuidadora.

2. Limitación en la participación paterna: El padre puede sentirse excluido de decisiones importantes sobre la crianza.

3. Estereotipos de género: Refuerza la idea de que el hombre es solo proveedor y no cuidador.

4. Impacto en la autoestima de los hijos: Pueden sentir que su valor se mide solo por su capacidad económica futura.

Para la sociedad:

1. Perpetuación de roles de género tradicionales: Refuerza la idea de que el hombre es el proveedor y la mujer es la cuidadora.

2. Dificultad para avanzar hacia la igualdad de género: La valorización exclusiva del papel económico del padre varón obstaculiza la igualdad.

3. Falta de diversidad en modelos familiares: No se reconocen otras formas de familia y cuidado.

Para superar estos aspectos negativos:

1. Reconocer y valorar la contribución emocional y 
afectiva del padre promoviendo modelos de paternidad activa y avanzando en leyes de crianza compartida. 

2. Fomentar la corresponsabilidad en la crianza.

3. Promover la igualdad de género desde un punto de vista integral que incluya las discriminaciones tanto a hombres como a mujeres. 

#corresponsabilidadparental #coparetalidad #paternidadactiva #feminista #feminismo",https://www.instagram.com/fundacion_crianza_compartida/p/DB1BN5aR8Jf/
2024-10-31T20:39:25.000Z,78,10,NA,"¿ Qué es lo más terrorífico que han vivido con sus hijos o enfrentando el sistema judicial en familia?

#leycrianzacompartida #falsasdenuncias #interferenciasparentales #obstrucciónparental #halloween #derechosdelosniños",https://www.instagram.com/fundacion_crianza_compartida/reel/DBzVpFaRgGu/
2024-10-31T13:16:06.000Z,155,10,NA,"El verdadero terror de los niños en #Halloween es no poder ver a papá o mamá. 

Cuando un niño no puede ver a su padre/madre, sus pesadillas pueden estar llenas de sentimientos de abandono y soledad. 

Estos sueños pueden manifestarse como situaciones donde el niño busca desesperadamente a su padre en lugares desconocidos o peligrosos, pero Debajo de las pesadillas 
Se esconde el dolor por la ausencia de papá  logra encontrarlo. 

También pueden incluir escenarios en los que el niño está en peligro y siente que no tiene a nadie que lo proteja o lo rescate. 

La ausencia del padre/madre puede hacer que el niño experimente miedo a lo desconocido y ansiedad por la separación, lo que se refleja en sus sueños como un vacío emocional o la sensación de estar perdido. 

Estas pesadillas son una manifestación de la angustia y el deseo insatisfecho de conexión y seguridad que el niño siente en su vida diaria. ¿ Tu hijo ha experimentado experiencias parecidas en el tiempo que no podías verlo ?",https://www.instagram.com/fundacion_crianza_compartida/p/DByjPk0R9MU/
2024-10-31T12:17:29.000Z,14,0,NA,"👧🏼El bienestar de los niños, ñiñas y adolescentes es prioridad. 👦🏻
👉🏻En un caso reciente, el tribunal decidió cuidado alternado para asegurar el vínculo con ambos padres. Siempre pensando en el interés superior de la niña. 👧🏼

⁉️¿Qué opinas de este fallo?
👉Te leo en comentarios⬇️⬇️⬇️

⚖️Si necesitas asesoramiento legal, no dudes en contactarme!
📞+54 9 11 4916 1178
📧monicamarchisella@gmail.com
✨¡Gracias por visitar mi perfil

#abogada #abogadamediadora
#abogadadefamilia
#monicamarchisella #familia
#divorcios  #sucesiones #asesoramientolegal #nordelta #caba #interessuperiordelniño #cuidadopersonal #cuidadopersonalalternado #derechosinfantiles",https://www.instagram.com/monicamarchisella/reel/DBycZY1x1Vy/
2024-10-30T23:05:40.000Z,53,6,NA,"Una buena jornada para exponer temas como corresposabilidad parental, y cuidado compartido, en representación de @fundacion_crianza_compartida . También hubo ponencias sobre el rol del curador ad-litem y el proceso ordinario en Tribunales de Familia. Buena jornada y gracias por la organizacion a la facultad de derecho @ust_derecho y trabajo social de @universidadstomas Concepción.",https://www.instagram.com/franciscopachecoabogado/p/DBwZXDaxsN1/
2024-10-30T18:26:23.000Z,206,42,NA,"Niña de 10 años se quitó la vida en La Cisterna

La tarde del martes una niña de 10 años murió en su vivienda, preliminarmente la menor se habría suicidado según lo que se indaga por el bullying y xenofobia que sufría en su colegio .

Esta situación es gravísima y debe hacernos reflexionar pero también pasar a la acción como padres, , madres y apoderados.  La comunidad educativa completa debe asumir un rol activo en la prevención del suicidio y en prevenir y detener toda forma de violencia en el contexto escolar. 

No es normal que una niña , una pequeña de 10 años se quite la vida por el maltrato al cual estaba expuesta . Se requiere una intervención urgente de @supereduc_cl @mineducchile
@nico_cataldoastorga

Vía @infomelipilla @melipillacomunica

@muni.lacisterna @marjorievasquez.lacisterna @espindola_concejala_lacisterna @udi_lacisterna @cs.lacisterna @fa_lacisterna @convivenciaescolarlacisterna @dem_la_cisterna @joelolmos.e",https://www.instagram.com/fundacion_crianza_compartida/p/DBwB5YKxZt_/
2024-10-29T15:19:49.000Z,37,0,NA,"EN SAN FERNANDO ORGANIZAN SEMINARIO QUE ABORDÓ PERSPECTIVA DE GÉNERO Y DESAFÍOS EN ACCESO A LA JUSTICIA 

Con una amplia concurrencia de público se llevó a cabo este jueves en el Teatro Municipal el seminario “Perspectiva de género, desafíos en el acceso y a la justicia intersectorial”, organizado por la Oficina de Diversidad de Género de nuestro municipio.

En la instancia se coincidió que la vulneración de derechos puede afectar a todas las personas, independiente de su género. 

La jornada contó con la participación del director de Desarrollo Comunitario (Dideco), Rodrigo Soto; la encargada de la Oficina de Diversidad de Género, Lorena Moya; Carolina Fuentes Manríquez (AIEP San Fernando) quien expuso un enfoque inclusivo sobre la perspectiva de género; Carolina Valenzuela Núñez (Fundación Crianza Compartida) quien centró su ponencia en la intersectorialidad y la corresponsabilidad parental, enfatizando la atención a niños y adolescentes en situaciones de vulneración; y Claudia Casanga (Centro de Hombres Maltratados Chile), quien abordó la vulneración de derechos que enfrentan los hombres, un tema que a menudo se invisibiliza. También se entregó un reconocimiento al director ejecutivo de AIEP sede San Fernando, David Véliz Lizana.

¡Gracias a todos los que fueron parte de este importante encuentro! 

#sanfernandodaconfianza
#dideco
#diversidad
#seminario
#aiep
#colchagua #corresponsabilidad #crianzacompartida #derechosdelosniños #igualdadantelaley",https://www.instagram.com/fundacion_crianza_compartida/p/DBtnz7RxQC8/
2024-10-29T14:30:16.000Z,6,0,NA,"Vecinos y vecinas de la Florida comienzan las postulaciones a la educación pre escolar y desde Fundacion Crianza Compartida Chile les recomendamos el Jardín Infantil Osito Panda de la red de Jardines Infantiles de @fundacion_integra 

El jardín infantil Osito Panda tiene el sello de la corresponsabilidad ✅️

Más información ℹ️ 

Fono: 22913656

WhatsApp: 939225473

Correo electrónico: 

elositopanda@fundacion.integra.cl

Dirección Manutara nro. 8282 , comuna de La Florida. 

#integra #jardininfantil #corresponsabilidad",https://www.instagram.com/fundacion_crianza_compartida/reel/DBthUAgxfOi/
2024-10-29T19:38:42.000Z,31,2,NA,"En el Día internacional de los cuidados y apoyo Fundación Crianza Compartida Chile envía un mensaje a la sociedad y las autoridades: 

La corresponsabilidad parental es el puente hacia la corresponsabilidad social . 

La #LeyCrianzaCompartida busca que hijos e hijas de padres separados convivan el mismo tiempo con su mamá o papá, o que las decisiones respecto a ellos sean tomadas por igual. 🏡

Por una crianza colaborativa, coparticipativa y corresponsable.

¿Te sumas a esta iniciativa? Firma en el enlace de nuestra biografía ✍️⬇️

#LeyCrianzaCompartida
https://chng.it/G5FmrLCmkR

#crianzacompartida #coparentalidad #corresponsabilidad #cocrianza #díadeloscuidados",https://www.instagram.com/fundacion_crianza_compartida/reel/DBtaSwcR5x_/
2024-10-28T16:17:09.000Z,221,5,NA,"¿ Pocos se conmueven ? Demostremos que no es así y que son miles de personas comprometidas contra la obstrucción de vínculos y la vulneración de derechos de los niños, niñas y adolescentes privados de uno de sus padres y familias. 

La #LeyCrianzaCompartida busca que hijos e hijas de padres separados convivan el mismo tiempo con su mamá o papá, o que las decisiones respecto a ellos sean tomadas por igual. 🏡

Por una crianza colaborativa, coparticipativa y corresponsable.

¿Te sumas a esta iniciativa? Firma en el enlace de nuestra biografía ✍️⬇️

#LeyCrianzaCompartida
https://chng.it/G5FmrLCmkR",https://www.instagram.com/fundacion_crianza_compartida/p/DBrJlBJRQNQ/
2024-10-28T12:16:11.000Z,103,20,NA,"🧑‍🧑‍🧒‍🧒La igualdad en la crianza es un derecho.
🎶Este fallo reciente marca un gran paso hacia una coparentalidad equitativa, asegurando que ambos padres puedan participar activamente en la vida de sus hijos. 
👉🏻La justicia está del lado de un futuro sin roles tradicionales. 

⁉️¿Qué opinas de este fallo?
👉Te leo en comentarios⬇️⬇️⬇️

⚖️Si necesitas asesoramiento legal, no dudes en contactarme!
📞+54 9 11 4916 1178
📧monicamarchisella@gmail.com
✨¡Gracias por visitar mi perfil

#abogada #abogadamediadora
#abogadadefamilia
#monicamarchisella #familia
#divorcios  #sucesiones #asesoramientolegal #nordelta #caba #coparentalidad #igualdaddederechos #regimencomunicacional #derechosdelniño",https://www.instagram.com/monicamarchisella/p/DBquACZxa-s/
2024-10-28T11:55:44.000Z,62,1,NA,"Que buena forma de iniciar la semana con @lafamiliadelaflo .

Hay vasta literatura con respecto a los beneficios de una crianza compartida de ambos padres en la vida de los hijos, todo eso podría resumirse en la alegría de la Flo al compartir con papá y con mamá estos momentos inolvidables.

La #LeyCrianzaCompartida busca que hijos e hijas de padres separados convivan el mismo tiempo con su mamá o papá, o que las decisiones respecto a ellos sean tomadas por igual. 🏡

Por una crianza colaborativa, coparticipativa y corresponsable.

¿Te sumas a esta iniciativa? Firma en el enlace de nuestra biografía ✍️⬇️

#LeyCrianzaCompartida
https://chng.it/G5FmrLCmkR",https://www.instagram.com/fundacion_crianza_compartida/reel/DBqrcCex6MQ/
2024-10-27T14:55:30.000Z,51,12,NA,"Necesitamos urgente un cambio social y que las nuevas generaciones de políticos y de quienes serán parte de sacar adelante nuestro pais, vuelvan a poner el foco en la infancia. Necesitamos que los niños de nuestro país puedan estar protegidos de manera real y profunda

#votaciones #bienestarsuperiordelosniños #perspectivadeinfancia #elecciones2024 @fundacion_crianza_compartida @ts.valentinaloyolarodriguez @hombresmaltratadoschile @fundacionlazosargentina @soytupsico_loga @legalfam.cl @legalmentefranche @nomashijosrehenes.cl @abogadobryanveliz @sanchezysanchez_abogados @la.abogadaonline @abogadorodolfomarin @resiliencia.paterna @padresenaccionchile2024 @fatitepano @psicologagiannina fer_psicologa @criarsinmorirenelintento",https://www.instagram.com/ps_perito_caroval/reel/DBoUWyYp5Li/
2024-10-27T13:40:10.000Z,98,0,NA,"En una relación de pareja, es importante encontrar un equilibrio entre la seriedad y el juego, el romanticismo y la diversión.

- *No tomar todo demasiado en serio*: Un poco de humor y juego puede ayudar a relajar la tensión y fortalecer la conexión.

- *Momentos para la seriedad*: Es importante abordar temas importantes y difíciles con seriedad y respeto.

- *Comunicación abierta*: Hablar sobre lo que funciona y lo que no en la relación.

- *Respetar diferencias*: Cada persona tiene su propio sentido del humor y estilo de comunicación.

- *Crear momentos de diversión*: Planificar actividades lúdicas y sorpresas.

- *Intimidad emocional y física*: Equilibrar la conexión emocional y física.

- *Crecer juntos*: Aprender y evolucionar como pareja.

Recuerda que cada relación es única, y encontrar el equilibrio adecuado depende de la comunicación y el respeto mutuo.

La #LeyCrianzaCompartida busca que hijos e hijas de padres separados convivan el mismo tiempo con su mamá o papá, o que las decisiones respecto a ellos sean tomadas por igual. 🏡

Por una crianza colaborativa, coparticipativa y corresponsable.

¿Te sumas a esta iniciativa? Firma en el enlace de nuestra biografía ✍️⬇️

#LeyCrianzaCompartida
https://chng.it/G5FmrLCmkR",https://www.instagram.com/fundacion_crianza_compartida/p/DBoS0aUxNJV/
2024-10-27T10:36:21.000Z,264,6,NA,"Una niña tomó la mano de su papá en las últimas etapas de su maratón y lo acompañó hasta la meta. Un gesto de apoyo y amor. 🏃‍♂️❤️

Un momento que quedará para toda la vida de ese papá y su hija 💕

La #LeyCrianzaCompartida busca que hijos e hijas de padres separados convivan el mismo tiempo con su mamá o papá, o que las decisiones respecto a ellos sean tomadas por igual. 🏡

¿Te sumas a esta iniciativa? Firma en el enlace de nuestra biografía ✍️⬇️
chng.it/VWNkLzzjFM",https://www.instagram.com/fundacion_crianza_compartida/reel/DBn9sDbxYZe/
2024-10-25T13:07:40.000Z,67,8,NA,"Agradecemos a COPARA ( Consorcio para la Defensa y la Investigación de la Alienación Parental) por permitir a Fundación Crianza Compartida Chile ser parte de las Organizaciones Miembros del Consorcio Internacional. 

Les invitamos a visitar la página web de COPARA https://www.copara.net/es/

Fundacion Crianza Compartida Chile firme junto a las familias y los derechos de niños, niñas y adolescentes..

#Alienaciónparental #copara #ManipulaciónAfectiva",https://www.instagram.com/fundacion_crianza_compartida/p/DBjFgb7RV9G/
2024-10-24T17:33:10.000Z,45,2,NA,"Hoy exposición de Fundación Crianza Compartida Chile en Seminario de @muni.sanfernando .

#seminario #interferenciaparental #cuidadocompartido #crianzacompartida #violenciajudicial",https://www.instagram.com/fundacion_crianza_compartida/p/DBg_GL1x1NQ/
2024-10-25T13:45:20.000Z,9,0,NA,Entrega reconocimiento a participantes Seminario organizado por @muni.sanfernando .,https://www.instagram.com/fundacion_crianza_compartida/reel/DBgzuk5Rxut/
2024-10-25T13:44:21.000Z,22,3,NA,Extracto presentación @hombresmaltratadoschile en Seminario organizado por @muni.sanfernando .,https://www.instagram.com/fundacion_crianza_compartida/reel/DBgtxtFxhxH/
2024-10-25T13:43:23.000Z,7,0,NA,"Presentación Fundación Crianza Compartida Chile en Seminario organizado por @muni.sanfernando y departamento de Diversidad de Género. 

En Fundación Crianza Compartida Chile ocupamos todos los espacios para llevar la palabra de la Corresponsabilidad Parental y la importancia de los derechos de vinculación de niños, niñas y adolescentes.",https://www.instagram.com/fundacion_crianza_compartida/reel/DBgniyZxMX8/
2024-10-23T23:44:50.000Z,11,0,NA,"Hola comunidad,

Los dejamos invitados a participar del live que haremos con candidatas a Core y Concejal para hoy  a las 20:50 horas vía Facebook de la Fundación Crianza Compartida Chile. 

Estaremos compartiendo el enlace de conexión al live donde abordaremos las temáticas de familia , infancia , corresponsabilidad , enfoque de derechos , entre otros temas ad hoc. 

En esta oportunidad nos estarán acompañando Valeska Jensen y @isabelle.saire ambas en representación de @ladiesoflibertychile

También estará participando @bessygprado candidata a Concejal.

@alejandrogazmuri candidato a Concejal. 

La Fundación Crianza Compartida Chile promueve el debate e intercambio de ideas de forma respetuosa entre las personas de la comunidad de la crianza compartida. 

La Fundación no representa a ningún partido político en particular . Desde la institución se promueve el debate y el libre pensamiento , el pensamiento crítico y la acción social en pro de construir entre todos y todas una sociedad más justa , equitativa ,  empática y corresponsable.",https://www.instagram.com/fundacion_crianza_compartida/p/DBfE1oMx7jV/
2024-10-23T11:13:09.000Z,16,1,NA,"Sobre la exposición de Fundación Crianza Compartida Chile en el seminario Perspectiva de Género : Desafíos en el acceso a la justicia intersectorial. 

La temática a presentar desde la Fundación es : 

Corresponsabilidad Parental : Desafios y Dificultades en el Contexto Judicial . 

En la presentación se abordarán todas las temáticas que diariamente son visibilizadas desde la Fundación . 

Los invitamos a ver la presentación que será transmitida en vivo desde nuestra cuenta de instagram y facebook .

#sanfernando #seminario #corresponsabilidad #crianzacompartida #interferenciaparental #Alienaciónparental",https://www.instagram.com/fundacion_crianza_compartida/reel/DBdrhdkxUPi/
2024-10-22T16:39:07.000Z,71,3,NA,"La participación del papá en la crianza de nuestros hijos desde las primeras semanas de vida es más una necesidad que responsabilidad.

Los bebés también necesitan de su cercanía para desarrollar un apego seguro y crecer libres de miedos.

¿ Sigues pensando que papa es una figura de cuidado de los hijos reemplazable ? 

#postnatalpaterno #postnatal1año
#postnatalmasculino
#postnatalpaternol18semanas #leycrianzacompartida

@postnatalpaterno_18semanas",https://www.instagram.com/fundacion_crianza_compartida/reel/DBbu9Tdx3RV/
2024-10-22T12:51:18.000Z,30,2,NA,"Cual es la diferencia entre un peritaje ofrecida como prueba viva u ofrecido como escrita, aqui les cuento @fundacion_crianza_compartida #peritajes #imparcialidad #tribunaldefamilia",https://www.instagram.com/ps_perito_caroval/reel/DBbRNhtpMWK/
2024-10-21T11:38:45.000Z,26,10,NA,"Fundacion Crianza Compartida Chile y @hombresmaltratadoschile estarán participando en el SEMINARIO: PERSPECTIVA DE GÉNERO, DESAFÍOS EN EL ACCESO A LA JUSTICIA INTERSECTORIAL organizado por @muni.sanfernando

Los invitamos a participar en este evento que organiza la Oficina de la Diversidad que busca capacitar sobre diversas problemáticas como perspectiva o enfoque de género; enfoque transversal y jurídico; desigualdad jurídica; corresponsabilidad parental y violencias de género

Dicha actividad está dirigida principalmente a todas aquellas personas que se desempeñan laboralmente en espacios jurídicos, de atención de personas violentadas, de acompañamiento social de personas vulneradas independiente del género o aquellas instituciones que atienden procedimientos de violencia en general.

Inscríbete escaneando el código QR que aparece en la gráfica.

#sanfernando #daconfianza #colchagua #diversidad #seminario #aiep #chile",https://www.instagram.com/fundacion_crianza_compartida/p/DBYoJ3_RKlK/
2024-10-19T15:33:18.000Z,233,59,NA,"La Joya carliitospalaciios00 ante una pregunta de un periodista cuestionando una foto en donde asistió al circo con su hijo responde como padre ➡️ 

La #LeyCrianzaCompartida busca que hijos e hijas de padres separados convivan el mismo tiempo con su mamá o papá, o que las decisiones respecto a ellos sean tomadas por igual. 🏡

Por una crianza colaborativa, coparticipativa y corresponsable.

¿Te sumas a esta iniciativa? Firma en el enlace de nuestra biografía ✍️⬇️

#LeyCrianzaCompartida
https://chng.it/G5FmrLCmkR

#paternidadactiva
#serpadres #carlospalacios #colocolo

@carlos_palaciosneta @carlospalacioschile @colocolooficial @generocsdcolocolo @csydcolocolo @colocolofutboljoven",https://www.instagram.com/fundacion_crianza_compartida/reel/DBT2WaqxH4x/
2024-10-19T12:49:55.000Z,73,2,NA,"Parece chiste pero es anécdota 

La delincuencia está afectando a familias enteras. 

Padre baleado con sus hijos , madre víctima de portonazo y encerrona , papá de un niño de 10 años asesinado por una turba de delincuentes en Baquedano, niño recibe "" bala loca "" en población por las disputas territoriales de los narcos. 

#delincuente #delincuencia #niñezmásprotegida
#infantojuvenil

Créditos a @valemery",https://www.instagram.com/fundacion_crianza_compartida/reel/DBTmYGkRzcx/
2024-10-18T16:06:42.000Z,49,4,NA,"¿El activismo judicial está afectando la imparcialidad y objetividad en la actuación de los jueces en tribunales de familia? 

¿ El activismo se ha trasladado al quehacer del abogado de familia quien buscando ampliar su nicho de mercado ha apuntado a un tipo de usuario particular dentro del sistema polarizando los procesos judiciales y abandonando su función auxiliar de la justicia ? 

El rector de la UDP Carlos Peña nos entrega una opinión que nos permite vislumbrar una respuesta posible a este problema donde la política ideológica y el sesgo de género va horadando el desarrollo de los procesos judiciales. 

Los leemos. Comenta y comparte 😉 

#activismojurídicofeminista #activismojudicial #debidoproceso #tribunaldefamilia #juecesdefamilia #sergiomuñoz #monsalve #boric",https://www.instagram.com/fundacion_crianza_compartida/p/DBRVSX7xShI/
2024-10-18T14:07:25.000Z,17,5,NA,Salud mental y crianza,https://www.instagram.com/ps_perito_caroval/reel/DBRKeIAJGVK/
2024-10-18T12:41:56.000Z,208,8,NA,"La paternidad es hermosa 😍 

¿ No lo crees ? Ve el siguiente video completo. 

La #LeyCrianzaCompartida busca que hijos e hijas de padres separados convivan el mismo tiempo con su mamá o papá, o que las decisiones respecto a ellos sean tomadas por igual. 🏡

Por una crianza colaborativa, coparticipativa y corresponsable.

¿Te sumas a esta iniciativa? Firma en el enlace de nuestra biografía ✍️⬇️

#LeyCrianzaCompartida
https://chng.it/G5FmrLCmkR

#paternidadactiva #paternidad #hombres #diainternacionaldelhombre",https://www.instagram.com/fundacion_crianza_compartida/reel/DBRA4CBRezl/
2024-10-17T14:42:19.000Z,138,0,NA,"Convertido en adulto, el niño privado de uno de los progenitores encontrará progresivamente (en el mejor de los casos) su memoria afectiva y su identidad: pero nunca nadie podrá devolverle los años robados, verdadero castigo de larga duración a escala del tiempo de la infancia.

PAUL BENSUSSAN (Francia) el Psiquiatra, especialista reconocido por Tribunal Supremo y la Corte Penal Internacional

La #LeyCrianzaCompartida busca que hijos e hijas de padres separados convivan el mismo tiempo con su mamá o papá, o que las decisiones respecto a ellos sean tomadas por igual. 🏡

Por una crianza colaborativa, coparticipativa y corresponsable.

¿Te sumas a esta iniciativa? Firma en el enlace de nuestra biografía ✍️⬇️

#LeyCrianzaCompartida
https://chng.it/G5FmrLCmkR",https://www.instagram.com/fundacion_crianza_compartida/p/DBOp-4hRfvl/
2024-10-17T13:02:02.000Z,71,4,NA,"Historia real (autorizada) por @soytupsico_loga

Los niños y niñas se merecen un sistema que realmente garanticen sus derechos. Progenitor que no es el padre biológico de dos de ellos, reconoce vínculo y los hermanos pueden estar todos juntos. 

Este padre ha ejercido un rol protector hacia sus hijos biológicos y de crianza pero el sistema judicial no reconoce este rol poniendo en duda mantener el cuidado personal provisorio en el padre por las múltiples vulneraciones de derechos de la madre hacia sus hijos. 

Muchas veces escuchamos por parte de grupos opositores a la crianza compartida que el sistema es machista y por ese motivo mantiene la vinculación con padres violentos. Desde Fundación Crianza Compartida Chile no negamos que eso ocurra y deben tomarse las acciones de protección correspondientes en ese caso pero el sistema falla para todos y este caso es la muestra de aquello .

Una madre que vulnera los derechos de sus hijos de forma reiterada en el tiempo y no ha trabajado en recuperar sus habilidades parentales para volver a vincularse sanamente con sus hijos es un factor de riesgo para esos niños. 

#psicologa #estefanyriquelme #vulneracióndederechos #derechosdelosniños #feminismo",https://www.instagram.com/fundacion_crianza_compartida/reel/DBOdrxnxkeI/
2024-10-17T02:22:21.000Z,20,4,NA,"Es tan importante que avancemos en validar el dolor masculino y a empatizar profundamente con su sentir...El dolor de la desvinculación de los hijos es un dolor profundo, desgarrador y que se vive como un duelo eterno en el que la ansiedad, la deseperanza y la sensación de injusticia se apodera de quienes lo viven a diario y cuando además muchos padres varones sienten que solo por su género todo se torna mucho más tortuoso, dificil y se siente como una alta montaña empinada dificil de escalar

#desvinculacion #dolormasculino #paternidadpresente #bienestardelosniños,

No tengo más palabras

Solo concientizar y reflexionar",https://www.instagram.com/ps_perito_caroval/reel/DBNLc-YJTV5/
2024-10-16T13:56:58.000Z,60,4,NA,"La crianza compartida es un derecho humano fundamental de niños , niñas y adolescentes. 

La Fundación Crianza Compartida Chile es una organización sin fines de lucro autofinanciada que busca promover la corresponsabilidad parental y la crianza compartida entre padres y madres estén juntos o separados. 

Su objetivo es garantizar que los hijos tengan una relación constante y saludable con ambos progenitores, incluso en situaciones de separación.

La fundación ofrece asesoramiento legal y apoyo emocional a padres que han separado sus caminos, con el fin de ayudarlos a encontrar soluciones que beneficien a sus hijos. También trabajan para concienciar sobre la importancia de la crianza compartida y la corresponsabilidad parental en la sociedad chilena ¹.

Entre sus actividades, se encuentran la promoción de la Ley de Crianza Compartida, que busca igualar los derechos y responsabilidades de ambos padres en la crianza de los hijos.

Además, la fundación ha realizado diversos talleres en escuelas donde se ha conseguido entregar información sobre la circular 27 y la idea de la corresponsabilidad parental contenida en la legislación nacional , haciendo llegar esta información tanto a apoderados de escuelas como a equipos docentes y directivos. 

*Servicios ofrecidos por la Fundación Crianza Compartida Chile:*

- Asesoramiento legal: ayuda a padres y madres a navegar el sistema judicial y a encontrar soluciones legales que beneficien a sus hijos.

- Apoyo emocional y terapia de coparentalidad: brinda apoyo y orientación a padres y madres que están pasando por un proceso de separación o que estando juntos requieren acompañamiento en la coparentalidad y resolución de conflictos en contexto de crianza

- Talleres y actividades: organiza talleres y actividades para padres ,  madres y familias cuidadoras que buscan mejorar su relación con sus hijos o niños bajo su cuidado y con el otro progenitor y sus competencias parentales. También se entregan talleres y cursos de capacitación a profesionales de las diferentes disciplinas que intervienen en los procesos judiciales. 

Fundación Crianza Compartida Chile",https://www.instagram.com/fundacion_crianza_compartida/p/DBL__4JRpMQ/
2024-10-16T11:07:34.000Z,23,2,NA,Proceso clínico y proceso pericial no es lo mismo sin embargo ambos son elementos que aportan de manera relevante en instancias judiciales. Aquí te explico sus diferencias y aportes,https://www.instagram.com/ps_perito_caroval/reel/DBLsOkkp9c2/
2024-10-15T20:16:09.000Z,15,2,NA,Live divorcio con amor,https://www.instagram.com/fundacion_crianza_compartida/reel/DBKGkk3ynBr/
2024-10-15T15:10:57.000Z,28,1,NA,"Hoy no te pierdas el live con @divorcioconamor en una nueva entrega de #ParlanteCompartido .

#divorciosano #separaciónsana #separacionesconhijos #divorcioconamor #crianzacompartida #coparenting",https://www.instagram.com/fundacion_crianza_compartida/reel/DBJjlFixVSu/
2024-10-15T12:12:40.000Z,137,13,NA,"¿Qué pasa cuando un cuidador se niega a participar en proceso percial? 

La crianza compartida es un derecho humano fundamental de niños , niñas y adolescentes. 

La Fundación Crianza Compartida Chile es una organización sin fines de lucro autofinanciada que busca promover la corresponsabilidad parental y la crianza compartida entre padres y madres estén juntos o separados. 

Su objetivo es garantizar que los hijos tengan una relación constante y saludable con ambos progenitores, incluso en situaciones de separación.

La fundación ofrece asesoramiento legal y apoyo emocional a padres que han separado sus caminos, con el fin de ayudarlos a encontrar soluciones que beneficien a sus hijos. También trabajan para concienciar sobre la importancia de la crianza compartida y la corresponsabilidad parental en la sociedad chilena ¹.

Entre sus actividades, se encuentran la promoción de la Ley de Crianza Compartida, que busca igualar los derechos y responsabilidades de ambos padres en la crianza de los hijos.

Además, la fundación ha realizado diversos talleres en escuelas donde se ha conseguido entregar información sobre la circular 27 y la idea de la corresponsabilidad parental contenida en la legislación nacional , haciendo llegar esta información tanto a apoderados de escuelas como a equipos docentes y directivos. 

*Servicios ofrecidos por la Fundación Crianza Compartida Chile:*

- Asesoramiento legal: ayuda a padres y madres a navegar el sistema judicial y a encontrar soluciones legales que beneficien a sus hijos.

- Apoyo emocional y terapia de coparentalidad: brinda apoyo y orientación a padres y madres que están pasando por un proceso de separación o que estando juntos requieren acompañamiento en la coparentalidad y resolución de conflictos en contexto de crianza

- Talleres y actividades: organiza talleres y actividades para padres ,  madres y familias cuidadoras que buscan mejorar su relación con sus hijos o niños bajo su cuidado y con el otro progenitor y sus competencias parentales. También se entregan talleres y cursos de capacitación a profesionales de las diferentes disciplinas que intervienen en los procesos judiciales. 

Fundación Crianza Compartida Chile",https://www.instagram.com/fundacion_crianza_compartida/p/DBJNyz_RnHZ/
2024-10-14T14:30:13.000Z,60,9,NA,"Hoy les hablaré de la importancia de realizar evaluación de personalidad en contextos de evaluación pericial y principalmente del trastorno paranoide de la personalidad y los riesgos en la crianza cuando no hay un tratamiento de base permanente 

@fundacion_crianza_compartida 
#bienestarsuperiordelosniños #crianzarespetuosa #crianzaconamor #corresponsabilidadparental",https://www.instagram.com/ps_perito_caroval/reel/DBG52hopU4E/
2024-10-14T13:55:05.000Z,200,28,NA,"@otrocumplesinti es la norma general de aquellos padres o madres impedidos de ver a sus hijos.

Detrás de un día sin los hijos hay dolor, llanto , angustia, salud mental precarizada, maltrato institucional . 

Motivos hay muchos .

Cambio arbitrario de domicilio. 

Incumplimiento reiterado de la relación directa y regular sin sanciones .

Falsas denuncias con aperturas de causas y procedimiento judicial y falsas acusaciones dentro de los procesos de intervención de los mismos programas. 

Manipulación psicológica o alienación parental de los hijos. 

Sustitución parental o parentoctomia que es la Sustitución de la figura paterna o materna por la nueva pareja. 

Etcétera. 

No sigamos permitiendo esta conducta delictiva y de maltrato infantil. 

Únamos fuerzas y voluntades para proteger a los niños y niñas de esta grave vulneración de sus derechos 👇 

#interferenciasparentales #Alienaciónparental #incumplimientordr #vulneracióndederechos",https://www.instagram.com/fundacion_crianza_compartida/reel/DBG1gkWRMEP/
2024-10-13T23:24:19.000Z,192,13,NA,"Este mensaje es para papás y mamás en procesos de desvinculación forzada ( familias extensas incluidas ) . 

Pese a todo no soltar, no decaer , no desistir y si resistir y por sobretodo no dejar de vivir la vida propia y seguir presente en la vida de los hijos, por ejemplo, de esta forma, coparticipando en la educación de los hijos. 

Toda separación forzada con los hijos es una situación triste y en algunos casos , angustiante y desesperante , no obstante , depende de ti no dejarte caer, no caer en el abandono de si mismo y enfocar todas las energías en la recuperación del vínculo con los hijos. 

La #LeyCrianzaCompartida busca que hijos e hijas de padres separados convivan el mismo tiempo con su mamá o papá, o que las decisiones respecto a ellos sean tomadas por igual. 🏡

Por una crianza colaborativa, coparticipativa y corresponsable.

¿Te sumas a esta iniciativa? Firma en el enlace de nuestra biografía ✍️⬇️

#LeyCrianzaCompartida
https://chng.it/G5FmrLCmkR",https://www.instagram.com/fundacion_crianza_compartida/reel/DBFSKnzRiHg/
2024-10-13T18:24:26.000Z,184,16,NA,"Cosas que pasan y de verdad pasan.  Este martes haremos nuevamente el live con Adriana Jiménez de @divorcioconamor . 

En el live nos preguntaremos: ¿ Cuál es el mayor miedo de padres y madres luego de la separación ? 

Pues bien , aquí tienen una respuesta desde el punto de vista de un hombre-padre . 

#hombresmaltratados #padres #violênciaintrafamiliar #paternidadactiva",https://www.instagram.com/fundacion_crianza_compartida/p/DBEwOE9xIVN/
2024-10-13T15:08:47.000Z,177,10,NA,"Un padre va por su hija el fin de semana llevándola a su lugar favorito en el parque Quinta Normal.

Juntos disfrutan de un picnic bajo la sombra de un gran roble, donde comparten risas y deliciosos bocadillos preparados con cariño. 

La niña le cuenta emocionada sobre sus aventuras en la escuela, mientras el padre escucha atentamente, orgulloso de cada uno de sus logros.

Más tarde, dan un paseo en bicicleta por los senderos, aprovechando el cálido sol de la tarde. El día culmina con una visita a la heladería local, donde disfrutan de sus sabores favoritos, creando recuerdos que atesorarán para siempre.

El padre despierta.  Solo ha sido un sueño , un recuerdo de lo que vivió alguna vez con su hija cuando podría verla cada día.  Luego de la separación el impedimento de vínculos cambió toda la situación. 

Hoy en día la niña espera a que su padre vaya por ella y cuando se cansa de esperar, va a su cama y llora en silencio bajo las sábanas: "" papá te extraño "" dice entre sollozos. 

Ella no sabe que papá va todos los fines de semana a buscarla y nadie abre la puerta y cuando sale alguien le piden que se vaya sino llamarán a la policía.  Ya van meses sin poder ver a su hija 😢 . La espera se hace eterna con un sistema judicial que no sanciona el incumplimiento de la relación.  Van decenas de constancias en Comisaría Virtual y solicitudes de apremios y la frase que más se repite en las resoluciones de Tribunal de Familia es : "" Se apercibe a la madre a dar estricto cumplimiento al régimen de relación directa y regular "" , algo que no tiene ningún efecto en la realidad. 

Hija , papá te ama y seguirá luchando por volver a vivir esos días de picnic en el Parque Quinta Normal cuando leiamos tu cuento favorito "" Meche echa de menos a su papá "" sin saber que un día , Meche serias tú y yo seria el papá que se va en un viaje sin fecha de regreso. 

Fin .

Intégrese a la comunidad de la crianza compartida 🥰 Necesitamos familias enteras comprometidas contra la obstrucción de vínculos y a favor de la crianza compartida como un derecho humano fundamental de niños , niñas y adolescentes de padres y madres separados. 

#crianzacompartida #cuidadocompartido #corresponsabilidad",https://www.instagram.com/fundacion_crianza_compartida/p/DBEYpR8xGi-/
2024-10-13T12:15:52.000Z,37,1,NA,"Ya lo dijo @citri_nitas en la obra Invicta. 

"" Un padre tan activo en materias de crianza denota un perfil perturbado "" para ciertos profesionales que viven de promover el conflicto parental y últimamente el conflicto íntergénero haciendo activismo judicial donde debe imperar la ciencia del derecho y el imperio de la ley . 

Los profesionales intervienientes deben acompañar al juez en alcanzar la mejor solución para los involucrados y cuando hay niños involucrados la perspectiva que debe imponerse es la perspectiva de infancia. 

La #LeyCrianzaCompartida busca que hijos e hijas de padres separados convivan el mismo tiempo con su mamá o papá, o que las decisiones respecto a ellos sean tomadas por igual. 🏡

Por una crianza colaborativa, coparticipativa y corresponsable.

¿Te sumas a esta iniciativa? Firma en el enlace de nuestra biografía ✍️⬇️

#LeyCrianzaCompartida
https://chng.it/G5FmrLCmkR",https://www.instagram.com/fundacion_crianza_compartida/reel/DBEF-53xIqg/
2024-10-12T21:34:50.000Z,131,20,NA,"¿ Se inscribieron ya ? 

Para que puedas profundizar en años de estudio sobre la temática de alienación parental y la violencia intrafamiliar inscríbete ahora ya . 

No te quedes fuera. 

CONGRESO INTERNACIONAL E INTERDISCIPLINARIO SOBRE ALIENACION PARENTAL Y VIOLENCIA FAMILIAR.

Organizado por el CEAP ( @ceap.argentina ) , los días 14 y 15 de noviembre próximo se desarrollará en el Aula Magna de la Facultad de Derecho de la Universidad de Buenos Aires (UBA).

Los expositores abordarán, desde sus áreas de especialización, temas tales como las separaciones de alta conflictividad, falsas denuncias de violencia familiar, casos agudos de alienación parental, las consecuencias de esta disfunción familiar en las psiquis de los niños afectados, las repercusiones psicosociales de la violencia parental, la alienación parental como abuso parento filial, la responsabilidad legal por los impedimentos de contacto entre padres e hijos, eficacia de las medidas judiciales de revinculación, el análisis de las leyes de violencia familiar y su impacto en los vínculos parento filiales, cómo litigar en la praxis judicial los casos de alienación parental, el derecho del niño a la coparentalidad, la ideología de género como motor de la alienación parental, la negada evidencia de la alienación parental, etcétera. 

Oportunamente se publicará el programa del Congreso con el orden y temática que abordará cada orador.

ℹ️ Fundacion Crianza Compartida Chile estará presente como institución y como miembros colaboradores de COPARA ( Corsorcio Para la Defensa e Investigación de Alienación Parental ) .

¿ Te sumas a la defensa de los derechos de vinculación y a una vida libre de violencia de niños, niñas y adolescentes ? 

Invitan 

@ceap.argentina
@ Copara
@padresporjusticia
@gariparentalalienation

#Alienaciónparental ##ManipulaciónAfectiva ##impedimentodevinculos #obstrucciónparental #CongresoAlienacionParental",https://www.instagram.com/fundacion_crianza_compartida/p/DBChN1YR8gA/
2024-10-12T12:33:09.000Z,44,1,NA,"A ser papá se aprende y en el aprendizaje se cometen errores y los errores son parte del proceso . Este es el mensaje que nos deja @benjaminvicuna.ok en el programa @criemoslibres .

La #LeyCrianzaCompartida busca que hijos e hijas de padres separados convivan el mismo tiempo con su mamá o papá, o que las decisiones respecto a ellos sean tomadas por igual. 🏡

Por una crianza colaborativa, coparticipativa y corresponsable.

¿Te sumas a esta iniciativa? Firma en el enlace de nuestra biografía ✍️⬇️

#LeyCrianzaCompartida
https://chng.it/G5FmrLCmkR

#crianzacompartida #crianzarespetuosa #coparentalidad #paternidadactiva #paternidadconsciente",https://www.instagram.com/fundacion_crianza_compartida/reel/DBBjB6mRX80/
2024-10-13T09:39:42.000Z,125,68,NA,"Cuidado compartido y pago de pensión alimenticia 

Madre pide aumento de pensión alimenticia y además pide que el padre pase un día más con su hija . El padre responde pidiendo pasar 1 semana más de corrido con su hija en el mes , de hecho pide 2 semanas ( por temas laborales no puede cortar la semana el dia miércoles como pide la madre) y el tema llegó hasta que tocaron la disminución de la pensión alimenticia por los días equivalentes en que el padre y la madre pasarían con sus hijos . 

Ha nacido una nueva sección... 

La sección se llama Otro día viviendo bajo una justicia patriarcal que favorece a los hombres ♂️

En esta sección iremos presentando diferentes situaciones,  puntuales todas ( ninguna podría ser la regla obviamente ) donde el sistema supuestamente favorece a los hombres pero no se nota . El patriarcado sería algo así como una mano invisible que carga la balanza hacia los padres en desmadro de las madres y no al revés. 

Agradecimientos especiales a @circulodefensamujeres por la introducción del video ( podría ser la nueva intro versión justicia patriarcal de ¿ Qué carajos quieren los hombres? ) 

También al gran abogado @elpapaabogado por defender de forma ecuánime los derechos de padres y madres afectados por el sistema judicial asecas , sin apellidos.",https://www.instagram.com/fundacion_crianza_compartida/reel/DBAMuF3Rf1U/
2024-10-11T14:59:27.000Z,94,31,NA,"Ya leyeron el último artículo publicado por @alejandromendozaamaromdphd y @silvanaveronicagiachero llamado 

Alienación parental:

Una forma de maltrato infantil: mitos, falacias, integridad científica 

Publicado en REVISTA  LA JUSTICIA URUGUAYA DOCTRINA, JURISPRUDENCIA Y NORMATIVA 

En el artículo podrán encontrar: 

Sumario: I. Introducción.— II. ¿Qué es la alienación parental?— III. El controvertido síndrome de alienación parental, ¿por qué?— IV. Alienación parental en el DSM-V y CIE-11.— V. La alienación parental y las legislaciones.— VI. Estrategias de tergiversación.— VII. Declaración del Movimiento Global de Integridad Científica en Alienación Parental.— VIII. Proyectos en curso de análisis de integridad científica.— IX. Conclusiones.— X. Referencias.— XI. Otras bibliografías.— XII. Artículos y estudios.

Anímate a leerlo completo . Ya disponible en la web de la revista jurídica .

Difunde y comparte. 

Déjanos tu cuenta de correo electrónico y enviaremos directamente el artículo tu bandeja de entrada 👉 

Fundacion Crianza Compartida Chile por una cultura de la crianza compartida y el respeto de los derechos de niños, niñas y adolescentes a vincularse sanamente con ambos padres y familias. 

#Alienaciónparental
#ManipulaciónAfectiva #maltratoinfantíl #derechosdelosniños #crianzacompartida",https://www.instagram.com/fundacion_crianza_compartida/p/DA_PLBxxS7B/
2024-10-11T12:29:25.000Z,172,5,NA,"El peor error que cometen los papás es no ser los papás que ellos quieren ser por lo que diga el resto.¡Y no quiero decir licencia para hacer un idiota!

Quiero decir que si a la mamá, al abuelo, a la tía no le gusta como estás criando, es su problema, no tuyo dice @norellanaf 

Déjanos tus opiniones y comparte

La #LeyCrianzaCompartida busca que hijos e hijas de padres separados convivan el mismo tiempo con su mamá o papá, o que las decisiones respecto a ellos sean tomadas por igual. 🏡

Por una crianza colaborativa, coparticipativa y corresponsable.

¿Te sumas a esta iniciativa? Firma en el enlace de nuestra biografía ✍️⬇️

#LeyCrianzaCompartida
https://chng.it/G5FmrLCmkR",https://www.instagram.com/fundacion_crianza_compartida/reel/DA-9UN_Ra5L/
2024-10-10T14:02:02.000Z,19,3,NA,"Día Mundial de concientización de la salud mental.

¿ Por qué es importante la igualdad en la empatía ante el dolor de hombres y mujeres ? 

Es importante que las instituciones públicas aborden las temáticas de salud mental sin sesgos ideológicos ni mensajes estigmatizadores hacia un género en particular( @sernamegchile @minmujeryeg ) . 

La salud mental no es un juego ni debe ser parte de la disputa de trincheras de los partidos políticos , la salud mental en Chile particularmente , debe ser un tema de interés trasversal y de salud pública. 

Desde Fundación Crianza Compartida Chile promovemos el autocuidado de hombres y mujeres cuidadores quienes en el desarrollo de la conciencia sobre su salud socioemocional van proyectando esta mirada compasiva consigo hacia sus hijos y entorno familiar. 

La salud mental de los hijos puede ser consecuencia de las buenas prácticas de los padres consigo mismos. 

No obstante, la salud mental de niños, niñas y adolescentes tiene sus propias particularidades que los adultos cuidadores deben atender con responsabilidad y empatía. 

#saludmental #saludpublica #igualdadenlaempatia",https://www.instagram.com/fundacion_crianza_compartida/reel/DA8ijxMRV4l/
2024-10-09T15:08:38.000Z,278,6,NA,"Padres y madres protectores enaltecen su rol de cuidado ante sus hijos y se convierten imprescindibles en sus vidas 💛 

Padres y madres protectores y sanos , familias protectoras , sanas y corresponsables permiten una #niñezmásprotegida y niños más felices. 

La #LeyCrianzaCompartida busca que hijos e hijas de padres separados convivan el mismo tiempo con su mamá o papá, o que las decisiones respecto a ellos sean tomadas por igual. 🏡

Por una crianza colaborativa, coparticipativa y corresponsable.

¿Te sumas a esta iniciativa? Firma en el enlace de nuestra biografía ✍️⬇️

#LeyCrianzaCompartida
https://chng.it/G5FmrLCmkR

Créditos a  @jotacartoon",https://www.instagram.com/fundacion_crianza_compartida/p/DA6GogqxOVm/
2024-10-09T12:44:49.000Z,103,7,NA,"Nos duele el relato de la abogada española @carrilyobana , nos duele profundamente porque vemos cada día como tribunal de familia está supeditando el interés superior de los niños y adolescentes al interés de quien tiene más poder o más empatía social , al interés de una ideología que promueve el odio y el conflicto entre los padres luego de la separación , a objetivos burocráticos de logros institucionales que hacen invisible el dolor de los niños y niñas maltratados por los adultos cuidadores. 

España es el simil de Chile en la estructura jurídica en familia , en España está el futuro hacia donde se dirige Chile en la aprobación de leyes con sesgo de género que promueven el estigma social hacia los hombres que desean ejercer la paternidad sin obstáculos o que promueve el estereotipo de género donde las mujeres deben vivir renegadas en sus hogares y se crean políticas públicas para conciliar la vida laboral y familiar pero no incluye la mirada de la corresponsabilidad efectiva.

Desde Fundación Crianza Compartida Chile asumimos una postura , tomamos partido , no nos acomoda la postura aséptica y tibia del "" justo medio "" cuando vemos que la balanza está inclinada hacia el lado incorrecto y este desbalance esta generando un daño irreparable a tantos niños y niñas víctimas de la indolencia de la clase política, el @pjudicialchile y sus burócratas sin espíritu.",https://www.instagram.com/fundacion_crianza_compartida/reel/DA5yaSHx-hS/
2024-10-09T00:44:24.000Z,21,0,NA,"Para que exista una crianza compartida y colaborativa, una coparentalidad efectiva antes debe existir un @divorcioconamor .

Agradecimientos a Adriana Jiménez por el enorme trabajo que hace por acompañar a parejas y personas en procesos de separaciones sanas y concientes. 

#divorcio #crianzacompartida #divorcioconamor #separacionesconhijos",https://www.instagram.com/fundacion_crianza_compartida/reel/DA4jq8HRB0N/
2024-10-08T18:58:14.000Z,206,7,NA,"Los niños necesitan AMBOS padres. ❤️ ♻️

La #LeyCrianzaCompartida busca que hijos e hijas de padres separados convivan el mismo tiempo con su mamá o papá, o que las decisiones respecto a ellos sean tomadas por igual. 🏡

Por una crianza colaborativa, coparticipativa y corresponsable.

¿Te sumas a esta iniciativa? Firma en el enlace de nuestra biografía ✍️⬇️

#LeyCrianzaCompartida
https://chng.it/G5FmrLCmkR",https://www.instagram.com/fundacion_crianza_compartida/p/DA38HOXyIhD/
2024-10-08T12:36:28.000Z,151,35,NA,"@elpapaabogado cuenta una historia dolorosa sobre falsas denuncias de violencia de género. 

Este es un caso real y les invitamos a escucharlo hasta el final. 

Como en Argentina donde el presidente @javiermilei propone penalizar las falsas denuncias en el nuevo código penal en Chile necesitamos , los niños y adolescentes involucrados injustamente en una falsa denuncia necesitan que las autoridades se tomen en serio este tema. 

Pongamos fin a las Falsas Denuncias con la #LeyFalsasDenuncias - ¡Firma la petición! https://chng.it/pF2fGQrtS5 vía @changeorg_chile 

#falseaccusations #falselyacussedday #falsasacusaciones #falsasdenuncias #argentina #javiermilei",https://www.instagram.com/fundacion_crianza_compartida/reel/DA3PxazR9TJ/
2024-10-07T14:58:11.000Z,308,5,NA,"Reino Unido es el país en Europa con la peor licencia por paternidad con solo dos semanas. Una agrupación de hombres exige aumentarlo para tener “suficiente tiempo libre para apoyar a sus parejas y vincularse con sus hijos”.

Según la legislación británica, los trabajadores tienen derecho a un permiso legal de paternidad para pasar tiempo con sus hijos recién nacidos de 14 dias. 

Los empleados que reúnan los requisitos pueden disfrutar de una o dos semanas de permiso. Sin embargo, aunque la pareja del empleado tenga un parto múltiple, como gemelos o trillizos, la duración del permiso sigue siendo la misma.

En Chile el permiso de paternidad es de 5 días y tal como lo informa la BBC sobre las licencias de paternidad en toda latinoamérica: "" En América Latina este derecho es testimonial: Venezuela facilita 14 días, Colombia 8 días y el resto de países entre 8 y dos días "" quedando Chile entre los países latinoamericanos con menor cantidad de días de postnatal paterno .

En el proyecto de ley de #postnatal1año para la madre se incluye un aumento de 5 a 30 días para el padre .

Consideramos que la legislación debe establecer un mínimo legal acorde a lo que ya se aplica en el mundo privado, esto quiere decir que la legislación debe nivelar hacia arriba y no hacia abajo cuando busca promover la corresponsabilidad parental . 

Ya existen empresas privadas como VTR o Latam que aplican #postnatalpaterno por sobre los 5 días del permiso actual y en algunos casos por sobre lo que propone el proyecto de ley de extensión de postnatal de 1 año . 

Por lo mismo desde Fundacion Crianza Compartida Chile y @postnatalpaterno_18semanas se busca pasar de la idea de una paternidad decorativa a una paternidad activa y legitimada socialmente estableciendo como base un mínimo de #postnatal18semanas . 

Coméntanos la experiencia de postnatal paterno en la empresa donde trabajas.  Tu experiencia es muy importante 👇 

#postnatalmasculino #postnatal12meses #postnatal1año #corresponsabilidad #coparetalidad #crianzacompartida",https://www.instagram.com/fundacion_crianza_compartida/p/DA072RuRy0Q/
2024-10-07T13:13:50.000Z,80,0,NA,"De verdad queremos hijos zombies , desatentos de sus emociones , sobreestimulados visual y mentalmente , expuestos a la pornOgrafia, abusador3s y pederastas , que actúan de forma agresiva cuando les pones un límite con respecto al uso del teléfono móvil? 

Claramente no queremos eso . Actuemos y cuidemos de la salud mental de nuestros niños , niñas y adolescentes que se eso depende que alcancen el desarrollo más saludable en sus vidas. 

#escuelassintelefonos #ceropantallas #saludmentalparatodos #adolescentes #derechosdelosniños",https://www.instagram.com/fundacion_crianza_compartida/reel/DA0vj0Txrda/
2024-10-06T14:19:55.000Z,164,20,NA,"Muchas gracias por confiar en nuestro trabajo 😊 Seguimos adelante ☝️

La crianza compartida es un derecho humano fundamental de niños , niñas y adolescentes. 

La Fundación Crianza Compartida Chile es una organización sin fines de lucro autofinanciada que busca promover la corresponsabilidad parental y la crianza compartida entre padres y madres estén juntos o separados. 

Su objetivo es garantizar que los hijos tengan una relación constante y saludable con ambos progenitores, incluso en situaciones de separación.

La fundación ofrece asesoramiento legal y apoyo emocional a padres que han separado sus caminos, con el fin de ayudarlos a encontrar soluciones que beneficien a sus hijos. También trabajan para concienciar sobre la importancia de la crianza compartida y la corresponsabilidad parental en la sociedad chilena ¹.

Entre sus actividades, se encuentran la promoción de la Ley de Crianza Compartida, que busca igualar los derechos y responsabilidades de ambos padres en la crianza de los hijos.

Además, la fundación ha realizado diversos talleres en escuelas donde se ha conseguido entregar información sobre la circular 27 y la idea de la corresponsabilidad parental contenida en la legislación nacional , haciendo llegar esta información tanto a apoderados de escuelas como a equipos docentes y directivos. 

*Servicios ofrecidos por la Fundación Crianza Compartida Chile:*

- Asesoramiento legal: ayuda a padres y madres a navegar el sistema judicial y a encontrar soluciones legales que beneficien a sus hijos.

- Apoyo emocional y terapia de coparentalidad: brinda apoyo y orientación a padres y madres que están pasando por un proceso de separación o que estando juntos requieren acompañamiento en la coparentalidad y resolución de conflictos en contexto de crianza

- Talleres y actividades: organiza talleres y actividades para padres ,  madres y familias cuidadoras que buscan mejorar su relación con sus hijos o niños bajo su cuidado y con el otro progenitor y sus competencias parentales. También se entregan talleres y cursos de capacitación a profesionales de las diferentes disciplinas que intervienen en los procesos judiciales. 

Fundación Crianza Compartida Chile",https://www.instagram.com/fundacion_crianza_compartida/p/DAySrIsxFdl/
2024-10-05T15:28:45.000Z,85,1,NA,"Sin embargo, en ese momento también surgirán nuevas oportunidades para aprender y crecer a partir de los errores del pasado. 

La humanidad, con su capacidad innata de introspección y empatía, encontrará caminos para reconciliarse y construir puentes hacia un futuro más justo y equitativo. 

Es en el reconocimiento de nuestras fallas donde reside la verdadera fortaleza para cambiar y hacer las paces con nuestro entorno. 

A medida que el tiempo avance, aquellos que antes miraron con desdén a los valientes, podrán admirar sus sacrificios y aprender de su legado, forjando así un mundo donde la comprensión y el respeto prevalezcan sobre la ignorancia y el desprecio.

La #LeyCrianzaCompartida busca que hijos e hijas de padres separados convivan el mismo tiempo con su mamá o papá, o que las decisiones respecto a ellos sean tomadas por igual. 🏡

¿Te sumas a esta iniciativa? Firma en el enlace de nuestra biografía ✍️⬇️
chng.it/VWNkLzzjFM",https://www.instagram.com/fundacion_crianza_compartida/p/DAv1wbCxavO/
