fecha,me_gusta,comentarios,visualizaciones,descripcion,link
2025-08-23T01:13:24.000Z,20,3,NA,"📌 ¿Necesitas una abogada que te escuche y te guíe?
Hablemos ahora:
📲 +56 989674662
📧 AbogadaOportus@gmail.com
#SolucionesLegales #AbogadaEnChile #abogadavaleriaoportus",https://www.instagram.com/mediandojusticia.cl/reel/DNrbxzT4vTi/
2025-12-30T11:04:30.000Z,12,0,NA,"Esto no es una discusión.
Es una amenaza.
Es chantaje económico.
Es usar a los hijos como castigo.

Cuando un padre o madre condiciona el divorcio, la pensión o el vínculo con sus hijos,
no estamos ante un conflicto personal,
estamos frente a violencia económica, psicológica y obstrucción del vínculo parental.

Los hijos no son moneda de cambio.
El vínculo no se negocia bajo amenaza.
El interés superior del niño no se suspende por rabia.

Abogada Valeria Oportus

#DerechoDeFamilia
#ViolenciaEconómica
#ViolenciaPsicológica
#ObstrucciónParental
#abogadavaleriaoportus",https://www.instagram.com/abogadavaleriaoportus/reel/DS4p4NEjskP/
2025-12-31T19:17:48.000Z,19,0,NA,"Detrás de cada causa hay personas reales.
Familias.
Niños y niñas que no eligieron el conflicto.

Cerrar un año también es una oportunidad para revisar cómo ejercemos nuestras decisiones, especialmente cuando involucran a otros.

Que este nuevo año nos invite a actuar con conciencia, ética y responsabilidad, priorizando soluciones que cuiden, reparen y eviten daños innecesarios.

Porque el Derecho no se trata solo de ganar,
sino de hacerse cargo.

Abogada Valeria Oportus

#Conciencia
#Ética
#abogadavaleriaoportus 
#añonuevo2026 
#InfanciaPrimero",https://www.instagram.com/abogadavaleriaoportus/reel/DS8HG9BERP4/
2025-12-31T03:42:25.000Z,37,5,NA,"Un día como hoy juré ante la Corte Suprema y recibí mi título de Abogada.

Detrás de ese momento hay años de sacrificio que no siempre se ven: noches sin dormir, jornadas completas de trabajo, estudios de noche y una vida que exigía seguir adelante cuando el cansancio pesaba más que todo. Ya era mamá, con un papá ausente, y eso hizo el camino mucho más difícil… pero también más profundo, más real y más significativo.

Nada fue fácil. Cada paso se construyó con esfuerzo, con renuncias, con miedo y con una convicción que nunca se quebró. Hubo días en que sostuve sola lo que debía ser compartido, y aun así no me detuve. Hoy miro hacia atrás y me levanto con un orgullo inmenso, no solo por el título, sino por la mujer y la madre que fue capaz de sostenerlo todo y no rendirse.

Este logro no es solo profesional. Es una historia de perseverancia, de amor incondicional, de coraje y de dignidad. Es la prueba de que, incluso cuando el camino se recorre sola, cuando la carga es desigual y el apoyo falta, igual se puede llegar lejos sin soltar lo que somos ni a quienes amamos.

#AbogadaValeriaOportus
#CorteSuprema
#juramentoabogada",https://www.instagram.com/abogadavaleriaoportus/reel/DS6cFKGjnY5/
2025-12-30T02:42:46.000Z,25,2,NA,"El Juzgado de Familia de Pudahuel autorizó el viaje al extranjero de una niña, pese a la negativa del padre, considerando un antecedente clave:
una deuda superior a $11 millones en pensión de alimentos.

Cuando un progenitor incumple de forma grave y reiterada sus obligaciones, no puede usar su negativa como herramienta de control.
La justicia debe —y en este caso lo hizo— priorizar el bienestar, la estabilidad y los derechos de niños y niñas.

Abogada Valeria Oportus

#DerechoDeFamilia
#InteresSuperiorDelNiño
#PensiónDeAlimentos
#ResponsabilidadParental
#abogadavaleriaoportus",https://www.instagram.com/abogadavaleriaoportus/reel/DS3whjNjieR/
2025-12-29T01:51:55.000Z,18,0,NA,Así con las locas #abogadavaleriaoportus,https://www.instagram.com/abogadavaleriaoportus/reel/DS1F7_jjheE/
2025-12-28T22:35:08.000Z,9,0,NA,"La violencia no comienza con los golpes.
Empieza cuando se normaliza el control, la humillación, los celos y el miedo.

Reconocer las señales a tiempo puede salvar vidas.
El violentómetro permite identificar la escalada de la violencia y entender que ninguna conducta violenta es menor.

Vivir sin violencia es un derecho humano, no un privilegio.

Abogada Valeria Oportus

#Violentómetro
#VivirSinViolencia
#ViolenciaDeGénero
#abogadavaleriaoportus",https://www.instagram.com/abogadavaleriaoportus/reel/DS0vaMhEVdI/
2025-12-28T20:53:52.000Z,19,2,NA,"Las medidas cautelares son excepcionales, no castigos anticipados.
Cuando se prolongan sin sentencia firme ni prueba suficiente, el daño no es abstracto: lo viven los niños.

El debido proceso no es un formalismo.
El interés superior del niño no es un eslogan.
Separar un vínculo parental exige fundamento, proporcionalidad y control judicial real.

Abogada Valeria Oportus

#DerechoDeFamilia
#TribunalesDeFamilia
#InterésSuperiorDelNiño
#DebidoProceso
#abogadavaleriaoportus",https://www.instagram.com/abogadavaleriaoportus/reel/DS0j2Ljkba9/
2025-12-28T20:48:42.000Z,5,0,NA,"Separar a una madre o a un padre de su hija o hijo no puede ser una reacción automática ni una sanción encubierta.
Es una medida extrema que exige fundamento serio, proporcionalidad y una justificación estricta, siempre desde el interés superior del niño.

Las decisiones judiciales también construyen o destruyen vínculos. Por eso, deben adoptarse con máxima responsabilidad.

#DerechoDeFamilia #InterésSuperiorDelNiño #VínculoFamiliar #abogadavaleriaoportus #InfanciaProtegida",https://www.instagram.com/abogadavaleriaoportus/reel/DS0jNOLEcVw/
2025-12-28T13:47:56.000Z,8,0,NA,"El amor parental no se proclama:
se prueba en la presencia, en la responsabilidad
y en no fallar cuando más se necesita.

Porque en Derecho de Familia —y en la vida—
los hechos siempre pesan más que las palabras.

Abogada Valeria Oportus

#DerechoDeFamilia #ResponsabilidadParental #InterésSuperiorDelNiño #abogadavaleriaoportus",https://www.instagram.com/abogadavaleriaoportus/reel/DSzzD6UDl74/
2025-12-28T02:04:33.000Z,9,0,NA,"La formación continua no es un plus: es un deber cuando se trabaja con infancia.
Derechos de niños, niñas y adolescentes, con enfoque de derechos humanos y responsabilidad jurídica.

#DerechosDeLaNiñez #DerechosHumanos #FormaciónContinua #abogadavaleriaoportus",https://www.instagram.com/abogadavaleriaoportus/reel/DSyimx_Dk14/
2025-12-28T00:49:40.000Z,1,0,NA,"La violencia de género no empieza con golpes.
Empieza con el miedo, el control y el silencio de quienes miran y no hacen nada.
No es un problema de pareja. Es un problema de seguridad pública.

#ViolenciaDeGénero
#ViolenciaPsicológica
#abogadavaleriaoportus",https://www.instagram.com/abogadavaleriaoportus/reel/DSyZ_R8EWMP/
2025-12-28T00:12:19.000Z,7,0,NA,"No toda violencia deja marcas visibles.
Controlar, aislar, invalidar o hacerte dudar de ti misma también es violencia de género.
Si alguien decide por ti, revisa tus mensajes o te hace sentir culpable por vivir tu vida, no es amor ni cuidado: es control.
Reconocerlo es el primer paso para salir.

#ViolenciaPsicológica #ViolenciaDeGénero #NoEsAmorEsControl #ControlNoEsCuidado #abogadavaleriaoportus",https://www.instagram.com/abogadavaleriaoportus/reel/DSyVt4xkeqj/
2025-12-27T22:26:46.000Z,3,0,NA,"Nada de lo que se escribe queda en el aire.
Mensajes, audios, silencios e indirectas también hablan…
y en un proceso judicial, todo puede transformarse en prueba.

#DerechoDeFamilia #PruebaDigital #abogadavaleriaoportus #Audios #Mensajes",https://www.instagram.com/abogadavaleriaoportus/reel/DSyJpXskbTU/
2025-12-27T20:39:04.000Z,14,2,NA,"Desde el 1 de enero de 2026 entran en vigencia nuevos montos mínimos obligatorios de pensión de alimentos en Chile, basados en el aumento del sueldo mínimo.

Esto significa que ningún tribunal puede fijar una pensión inferior a lo legalmente establecido como mínimo para garantizar el sustento de los hijos e hijas. ￼

Sólo si quien debe pagar comprueba ante el tribunal que carece de medios suficientes para pagar siquiera el mínimo legal, el juez puede rebajar prudencialmente el monto por debajo de ese mínimo. 

💡 Para un hijo o hija, el monto mínimo será $215.600 mensuales.
💡 Para dos o más hijos, será $161.700 por cada uno. ￼

Estos valores resultan de aplicar los porcentajes legales (40% para un hijo, 30% por cada uno si son varios) sobre el nuevo ingreso mínimo mensual, que sube a partir de enero de 2026. ￼

📌 Recuerda: estos son mínimos legales. El juez de familia puede fijar montos superiores según las circunstancias del caso. ￼

#PensiónDeAlimentos #LeyAlimentosChile #AbogadaValeriaOportus #Familia",https://www.instagram.com/abogadavaleriaoportus/reel/DSx9JjDERL3/
2025-12-27T19:54:06.000Z,19,1,NA,"Uno guarda recuerdos por cariño.
Otros los guardamos por si acaso.
Nunca se sabe cuándo alguien va a decir
“tuve una infancia difícil”
y una tiene pruebas.

#MemoriaSelectiva
#InfanciaFeliz
#archivoemocionaldesclasificado 
#HumorJurídico
#abogadavaleriaoportus",https://www.instagram.com/abogadavaleriaoportus/reel/DSx3_kmkU2x/
2025-12-27T19:34:41.000Z,5,0,NA,"Decisiones como:
– No firmar acuerdos por presión.
– Poner límites donde antes había silencio.
– Elegir el proceso legal correcto, aunque sea más largo.
– Defender lo justo, incluso cuando incomoda.
– Priorizar la dignidad, la calma y la coherencia.

En derecho —y en la vida— no todo se trata de aguantar.
A veces, el verdadero cambio empieza cuando decides no ceder más.

Abogada Valeria Oportus

#Decisiones
#abogadavaleriaoportus 
#justicia",https://www.instagram.com/abogadavaleriaoportus/reel/DSx18VSESiG/
2025-12-27T19:24:30.000Z,15,0,NA,"Si no pagas, no es “detalle administrativo”.
Es falta de respeto al ejercicio profesional.

#HonorariosProfesionales
#AbogadosChile
#TrabajoProfesional
#abogadavaleriaoportus",https://www.instagram.com/abogadavaleriaoportus/reel/DSx0x_ckQ7V/
2025-12-27T18:51:05.000Z,4,0,NA,"La mediación no es un trámite para firmar por cansancio ni por presión.
Es un espacio para conversar, evaluar y decidir con libertad.
Si el acuerdo no te convence, no estás obligada ni obligado a firmar.
Cuando no hay condiciones justas, el camino es demandar y que sea el tribunal quien resuelva.

#MediaciónFamiliar
#NoFirmesPorPresión
#DerechosEnMediación
#AcuerdosJustos
#abogadavaleriaoportus",https://www.instagram.com/abogadavaleriaoportus/reel/DSxw-NLEYb7/
2025-12-27T13:48:14.000Z,5,0,NA,"En una separación, lo primero es solicitar mediación para regular alimentos. 
Debe hacerse lo antes posible, para que la pensión se fije rápidamente.

La mediación es un espacio para conversar y buscar acuerdos, pero no obliga a aceptar lo propuesto.
Si no hay acuerdo, o no resulta suficiente, puedes iniciar la demanda de alimentos.

Separarse de la pareja no significa desligarse de los hijos.
Los alimentos son un derecho de los niños y una obligación parental.

#MediaciónFamiliar #Alimentos
#ResponsabilidadParental #DerechosDeLaNiñez #abogadavaleriaoportus",https://www.instagram.com/abogadavaleriaoportus/reel/DSxOQDPjt9O/
2025-12-27T00:42:28.000Z,21,0,NA,"La descalificación no es casual.
Llamarla “loca” o “mala madre” suele ser la antesala para justificar el abandono.

Cuando una persona asume sola la crianza, la carga mental, la gestión emocional y todas las responsabilidades cotidianas, mientras la otra continúa su vida sin mayores consecuencias, no estamos frente a un conflicto personal:
estamos frente a una forma de violencia estructural y parental normalizada.

No es histeria.
No es incapacidad.
Es sobrecarga, ausencia y desigualdad.

Y eso, jurídica y socialmente, sí importa.

#AbandonoParental
#ViolenciaPsicológica
#ViolenciaEconómica
#abogadavaleriaoportus",https://www.instagram.com/abogadavaleriaoportus/reel/DSv0XbwkcXE/
2025-12-27T00:13:59.000Z,5,0,NA,"La Corte Suprema fue clara: no es válido impedir la venta de una propiedad solo porque está hipotecada.

En esta sentencia, el máximo tribunal declaró abusiva la cláusula que prohíbe al deudor vender el inmueble, señalando que:
	•	Vulnera la buena fe contractual.
	•	Genera un desequilibrio injustificado en perjuicio del consumidor.
	•	La hipoteca sigue protegiendo al banco, aunque la propiedad cambie de dueño.

En consecuencia, la cláusula se tiene por ineficaz y el banco no puede exigir el pago total anticipado del crédito solo por la venta del inmueble.

Un fallo relevante que refuerza los límites a los abusos contractuales y recuerda que las garantías existen para asegurar obligaciones, no para inmovilizar la propiedad del deudor.

Rol 12.146-2024

#CorteSuprema #abogadavaleriaoportus #DerechoDelConsumidor #CláusulasAbusivas Hipoteca BuenaFeContractual",https://www.instagram.com/abogadavaleriaoportus/reel/DSvxAaUkSnh/
2025-12-26T23:31:31.000Z,32,0,NA,"Cuando una relación ha sido atravesada por la violencia, no basta con “intentar de nuevo” o “aguantar un poco más”. El derecho no exige sacrificio ni tolerancia al daño. Por el contrario, establece un deber de protección, especialmente cuando existen niños, niñas y adolescentes, porque crecer en un entorno violento produce consecuencias profundas y duraderas.

Reconocer que no todo se puede arreglar no es rendirse. Es ejercer un derecho: el derecho a vivir sin violencia, a poner límites y a priorizar la propia integridad física y emocional.

#ViolenciaIntrafamiliar
#DerechoAVivirSinViolencia
#ViolenciaPsicológica
#abogadavaleriaoportus",https://www.instagram.com/abogadavaleriaoportus/reel/DSvsOHCkWCw/
2025-12-26T23:05:20.000Z,39,0,NA,"Un niño que corre espontáneamente a abrazar a su padre está ejerciendo un derecho básico: el derecho al vínculo. Cuando una tercera persona se interpone y lo rechaza, ese derecho se vulnera de manera directa y visible.

El padre no solo tiene derecho a vincularse con su hijo, sino el deber legal de resguardar su bienestar emocional, evitando que terceros bloqueen o condicionen ese vínculo. Estas conductas son valoradas por los tribunales de familia y pueden incidir en decisiones sobre cuidado personal, relación directa y regular e idoneidad parental.

No es un gesto aislado.
No es un malentendido.
Es una señal de alerta.

#DerechosDelNiño #InterésSuperiorDelNiño #VínculoParental #RelaciónDirectaYRegular #abogadavaleriaoportus",https://www.instagram.com/abogadavaleriaoportus/reel/DSvpGK9kRrH/
2025-12-26T22:33:45.000Z,5,0,NA,"Una adulta mayor de Hualpén recurrió a la justicia por los ladridos constantes y reiterados del perro de su vecina, que afectaban su descanso, su tranquilidad y su salud.
La Corte de Apelaciones de Concepción acogió el recurso de protección y calificó esta situación como “violencia sorda”, reconociendo que los ruidos persistentes pueden constituir una vulneración real a derechos fundamentales, aunque no dejen huellas visibles.

El fallo fue claro:
✔️ La exposición permanente a ruidos molestos no es un hecho menor.
✔️ El derecho a vivir en tranquilidad y a la integridad psíquica está constitucionalmente protegido.
✔️ La tenencia de mascotas implica responsabilidad legal frente a terceros.

Por ello, se ordenó a la dueña del animal adoptar medidas eficaces para evitar los ladridos, incluyendo control del comportamiento del perro y, de ser necesario, aislamiento acústico, bajo fiscalización municipal.

Este fallo marca un precedente relevante en materia de convivencia, derechos vecinales y tenencia responsable.

#ViolenciaSorda
#RecursoDeProtección
#CorteDeApelacionesDeConcepción
#RuidosMolestos
#abogadavaleriaoportus",https://www.instagram.com/abogadavaleriaoportus/reel/DSvlqnqEXuF/
2025-12-26T22:06:38.000Z,33,2,NA,"Álvaro Kemp no pasó la Nochebuena en familia. La pasó frente al Tercer Juzgado de Familia de Santiago, intentando hacer visible una historia que ya se extiende por cerca de un año y medio: no puede ver ni mantener vínculo con su hijo Nicolás.

Tras una separación en buenos términos y años de acuerdos cumplidos, todo cambia cuando solicita ampliar el tiempo de contacto con su hijo. Desde ese momento, el vínculo se interrumpe. Se inician mediaciones, denuncias y derivaciones a centros especializados. Los informes técnicos advierten dificultades graves en la revinculación y falta de colaboración de uno de los progenitores. Incluso el tribunal dicta resoluciones y aplica multas. Sin embargo, nada de eso logra lo esencial: que el vínculo se restituya.

El proceso queda suspendido, el tiempo pasa y la separación se prolonga. Lo que debía ser una medida de protección urgente termina transformándose en una desvinculación de larga data, con un costo emocional que recae directamente en el niño.

La historia de Kemp no es excepcional. Es el reflejo de una falla estructural del sistema de familia, donde la inacción y la demora judicial terminan vulnerando derechos. En materia de infancia, el tiempo no es neutro: cuando no hay decisiones efectivas, también se convierte en daño.

#ÁlvaroKemp #TribunalesDeFamilia 
#ViolenciaInstitucional #abogadavaleriaoportus",https://www.instagram.com/abogadavaleriaoportus/reel/DSviP4gkXqR/
2025-12-26T20:04:44.000Z,7,0,NA,"El sistema judicial no es un escenario para relatos convenientes ni estrategias irresponsables.
Una querella mal planteada no es un error menor: es una falta ética que daña el debido proceso, desacredita la profesión y expone a niños y niñas a conflictos que nunca debieron judicializarse.
La abogacía exige verdad, rigor y responsabilidad. Todo lo demás es uso abusivo de la justicia.

#ResponsabilidadProfesional
#ÉticaJurídica
#VerdadProcesal
#abogadavaleriaoportus a",https://www.instagram.com/abogadavaleriaoportus/reel/DSvUolVkZOj/
2025-12-26T02:28:52.000Z,24,2,NA,"Hablar de denuncias falsas no es atacar a las víctimas, es exigir responsabilidad, verdad y un sistema que investigue con rigor, sin prejuicios automáticos ni instrumentalización del dolor.
La justicia no puede basarse solo en un relato: debe basarse en hechos, pruebas y contexto.

Porque cuando se usa una denuncia como amenaza, no hay justicia, hay abuso del sistema.

 #denunciasfalsas #violencia #justicia #abogadavaleriaoportus",https://www.instagram.com/abogadavaleriaoportus/reel/DStbtKajhZd/
2025-12-24T23:40:04.000Z,7,1,NA,"Este año me confiaron historias reales, procesos complejos y decisiones que marcan vidas.
Gracias por permitir que el derecho se ejerza con humanidad, respeto y foco en lo verdaderamente importante: las personas.
Que esta Navidad traiga pausa, claridad y la certeza de que no están solos. Seguiremos trabajando con el mismo compromiso, ética y convicción.

Abogada Valeria Oportus

#DerechoConHumanidad #AbogacíaConConciencia #FamiliaYNiñez #AbogadaValeriaOportus",https://www.instagram.com/abogadavaleriaoportus/reel/DSqjpRHEVg6/
2025-12-24T23:32:28.000Z,6,0,NA,"En materia de infancia, la ausencia no siempre es física.
También se configura cuando el adulto, pudiendo estar, elige no estar.
Las excusas no reparan el daño emocional ni suspenden la responsabilidad parental.
En Navidad —y todo el año— el interés superior del niño no admite postergaciones.

#NiñezPrimero #ResponsabilidadParental #NegligenciaEmocional #InterésSuperiorDelNiño #abogadavaleriaoportus",https://www.instagram.com/abogadavaleriaoportus/reel/DSqiz-skXD9/
2025-12-24T22:25:44.000Z,6,0,NA,"Hay niños y niñas que crecen con preguntas que no deberían cargar, con silencios que no eligieron y con ausencias que no son su responsabilidad. Este mensaje es para ellos: no es tu culpa, nunca lo fue. Tu valor no depende de la presencia de un adulto, tu amor no está en falta y tu corazón merece cuidado siempre. Esta imagen habla de abrigo, de un espacio seguro, de ese adulto que sí se queda y sostiene, porque la infancia necesita protección, no explicaciones forzadas ni conflictos ajenos. Cuando un padre o madre no está, lo que no puede faltar es la verdad, el amor y el resguardo emocional. #NoEsTuCulpa #InfanciasProtegidas #NiñezPrimero #DerechosDeLaNiñez #abogadavaleriaoportus",https://www.instagram.com/abogadavaleriaoportus/reel/DSqbI43EQsw/
2025-12-24T21:50:26.000Z,3,0,NA,"Esta imagen habla de una Navidad distinta, pero profundamente real. La de madres y padres que celebran en momentos separados, con el corazón puesto en un solo lugar: sus hijos. No hay mesas grandes ni fotos perfectas, hay abrazos sinceros, presencia y amor que sostiene. Para quienes crían separados, la Navidad empieza cuando están con sus hijos, cuando pueden mirarlos, cuidarlos y sentirlos cerca. Ahí está todo. Ahí nada falta.

#NavidadConSentido #PadresSeparados #AmorQueSostiene #NiñezPrimero #abogadavaleriaoportus",https://www.instagram.com/abogadavaleriaoportus/reel/DSqXIq1kXfD/
2025-12-23T04:01:07.000Z,4,0,NA,Una opinión vale más que 1000 palabras. #abogadavaleriaoportus #justiciaparatodos #testimonios #reales,https://www.instagram.com/abogadavaleriaoportus/reel/DSl36TGDswA/
2025-12-23T03:21:22.000Z,1200,96,NA,"En muchos de estos casos, el mayor daño no proviene solo de una resolución judicial apresurada, sino del actuar deficiente de los programas y organismos colaboradores de Mejor Niñez. Informes mal elaborados, evaluaciones superficiales, entrevistas sin rigor técnico y conclusiones sesgadas terminan influyendo decisivamente en medidas que separan familias sin una real comprensión del conflicto.

Estos programas, llamados a proteger, se han transformado muchas veces en reproductores del daño. No investigan con profundidad, no contrastan versiones, no evalúan dinámicas familiares complejas y, aun así, emiten juicios que pesan más que la voz del propio niño o niña. El resultado es devastador: decisiones tomadas sobre diagnósticos débiles, pero con consecuencias profundas y duraderas.

Cuando el sistema delega la protección en organismos que no hacen bien su trabajo, la infancia queda desamparada. Y mientras se habla de enfoque de derechos, niños y niñas siguen siendo utilizados como piezas dentro de conflictos adultos mal evaluados y peor intervenidos.

#mejorniñez #organismoscolaboradores #violenciainstitucional #infanciaenriesgo #abogadavaleriaoportus",https://www.instagram.com/abogadavaleriaoportus/reel/DSlzbPnjpEm/
2025-12-21T14:36:08.000Z,1,0,NA,"Lo ocurrido en las cárceles y lo que hoy se cuestiona en el Poder Judicial no son hechos inconexos. Son expresiones distintas de un mismo fenómeno: el debilitamiento progresivo de la institucionalidad.
Cuando fallan los controles internos, la ética pública se relativiza y el poder deja de estar efectivamente fiscalizado, el sistema se vuelve permeable. Y en ese escenario, quien conoce las grietas no duda en aprovecharlas.

El problema no es solo jurídico ni administrativo; es estructural. La pérdida de confianza pública erosiona la legitimidad de las decisiones, afecta la obediencia a la ley y normaliza prácticas que antes resultaban inaceptables.
Sin confianza en las instituciones, el Estado de Derecho se vuelve frágil y la ciudadanía queda expuesta a arbitrariedades.

Esto exige algo más que sanciones puntuales: requiere transparencia real, responsabilidades claras y una revisión profunda de cómo se ejerce y controla el poder.

#CrisisInstitucional #EstadoDeDerecho
#PoderJudicial #SistemaPenitenciario #abogadavaleriaoportus",https://www.instagram.com/abogadavaleriaoportus/reel/DSh20nbjid9/
2025-12-21T13:54:30.000Z,3,0,NA,"Negar el contacto con un hijo o hija de manera reiterada, amparándose en certificados médicos o justificaciones formales, no siempre responde a una situación de salud real.
Cuando esta conducta se repite y coincide sistemáticamente con los días de relación directa y regular, deja de ser un hecho aislado y puede constituir una forma de obstrucción del vínculo parental.

En derecho de familia, el análisis no se centra solo en el documento que se presenta, sino en la frecuencia, el contexto y el impacto en el derecho del niño o niña a mantener una relación sana y continua con ambos padres.

La protección del interés superior del niño exige mirar el fondo de la conducta, no solo la excusa que se invoca.

#DerechoDeFamilia #ObstrucciónDeVínculo #RelaciónDirectaYRegular #InterésSuperiorDelNiño #AbogadaValeriaOportus",https://www.instagram.com/abogadavaleriaoportus/reel/DShyRZOjq2J/
2025-12-21T02:41:19.000Z,2,0,NA,"Esto no es una amenaza ni un invento.
Es una consecuencia legal real.

Cuando existe una pensión de alimentos fijada por el tribunal y no se cumple, el juez puede ordenar el descuento directo del sueldo, precisamente para asegurar el derecho del niño. Y no es la única medida posible: el sistema contempla varias formas de afectar ingresos cuando hay incumplimiento.

La pensión no es opcional, no es negociable y no depende de la voluntad del adulto.
Es una obligación legal basada en resoluciones judiciales y en el interés superior del niño.

Informarse a tiempo evita conflictos mayores.

#PensiónDeAlimentos #DerechoDeFamilia #ResponsabilidadParental #InterésSuperiorDelNiño #AbogadaValeriaOportus",https://www.instagram.com/abogadavaleriaoportus/reel/DSglMPJDmZA/
2025-12-21T02:07:44.000Z,4,0,NA,"La pensión de alimentos en Chile no se fija al azar ni según la voluntad de uno de los padres. La ley establece criterios claros y objetivos: se consideran, por una parte, las necesidades reales del hijo o hija y, por otra, la capacidad económica de ambos padres.
Esto implica que quien percibe mayores ingresos debe asumir una proporción mayor del aporte, siempre en resguardo del interés superior del niño. Cumplir con la pensión de alimentos no es un favor: es una obligación legal y un deber parental.

#PensiónDeAlimentos #DerechoDeFamilia #InterésSuperiorDelNiño #ResponsabilidadParental #abogadavaleriaoportus",https://www.instagram.com/abogadavaleriaoportus/reel/DSghXgMDqyw/
2025-12-21T01:35:22.000Z,52,0,NA,"La ley es clara: los derechos del niño están por sobre la voluntad de los adultos. Cuando los padres no asumen esa responsabilidad, el sistema interviene y fija reglas. No para castigar, sino para proteger.
Esto es lo que ocurre cuando los adultos no logran ponerse de acuerdo.
En materia de alimentos y relación directa y regular, el Tribunal no negocia caprichos ni valida luchas de poder. Si no hay acuerdo, decide el juez.

Y esa decisión no se adopta en función de lo que el padre o la madre quieran, reclamen o condicionen, sino en base a las necesidades reales del niño: su edad, rutina, estabilidad emocional, entorno y desarrollo integral.

#InterésSuperiorDelNiño #Alimentos #RelaciónDirectaYRegular #abogadavaleriaoportus",https://www.instagram.com/abogadavaleriaoportus/reel/DSgdZjTjjEQ/
2025-12-21T01:20:22.000Z,5,0,NA,"El pago de la pensión de alimentos es una obligación legal del padre.
La relación directa y regular es un derecho del niño, no un premio ni un castigo para los adultos.

Un hijo tiene derecho a ver a su padre, incluso cuando ese padre no cumple con la pensión. El incumplimiento se sanciona por la vía legal, no privando al niño de su vínculo.

Aquí no manda el conflicto entre adultos.
Manda el interés superior del niño.

Usar a los hijos como presión o moneda de cambio vulnera sus derechos y reproduce violencia.

#InterésSuperiorDelNiño #DerechosDelNiño #PensiónDeAlimentos #RelaciónDirectaYRegular #abogadavaleriaoportus",https://www.instagram.com/abogadavaleriaoportus/reel/DSgb4TCEbOn/
2025-12-20T20:46:16.000Z,3,0,NA,"Para muchas personas, la confianza en el Poder Judicial no se está “debilitando”: ya se perdió. Se perdió cuando las decisiones parecen desconectadas de la realidad, cuando los nombramientos generan más dudas que certezas y cuando la ciudadanía siente que las instituciones se observan a sí mismas, pero no escuchan a quienes deberían proteger. Esa distancia duele, cansa y genera una sensación de burla frente a problemas que son profundamente serios. Recuperar la confianza no pasa por discursos ni por sonrisas institucionales, sino por hechos concretos, transparencia real y respeto por las personas.

#ConfianzaPerdida #CrisisDeConfianza #JusticiaEnCrisis #Ciudadanía #abogadavaleriaoportus",https://www.instagram.com/abogadavaleriaoportus/reel/DSf8mUjkRBB/
2025-12-20T17:03:11.000Z,10,0,NA,"Esto no es ignorancia. Es abuso.
En la práctica, muchos hombres saben perfectamente que la pensión de alimentos no alcanza, pero aun así deciden usarla como herramienta de control. Fiscalizan, cuestionan, reprochan y humillan, como si ese dinero fuera propio y no un derecho de sus hijos.

No reconocen el trabajo de cuidado, no valoran la crianza sostenida, no agradecen el esfuerzo diario. Exigen cuentas, pero no asumen presencia. Reclaman gastos, pero no cargan con noches sin dormir, enfermedades, colegios, rutinas ni contención emocional.

Eso tiene nombre.
Es violencia económica.
Y la violencia económica es violencia intrafamiliar, reprochable jurídica y éticamente, aunque todavía muchos intenten disfrazarla de “opinión” o “preocupación”.

#ViolenciaIntrafamiliar #ViolenciaEconómica #PensiónDeAlimentos #ControlEconómico #AbogadaValeriaOportus",https://www.instagram.com/abogadavaleriaoportus/reel/DSfjDjvkaUK/
2025-12-20T16:40:32.000Z,4,0,NA,"En el ejercicio profesional cotidiano, quienes intervenimos en causas de violencia intrafamiliar constatamos de manera reiterada un mismo patrón: víctimas que han soportado durante años dinámicas de control, desvalorización y maltrato, muchas veces sin identificarlas como violencia en un inicio. Desde el punto de vista jurídico y psicosocial, la negación y la confusión no son debilidad, sino una consecuencia directa de relaciones asimétricas y de un entorno que, aún hoy, tiende a normalizar estas conductas.
Esta reiteración en los tribunales no es casual ni aislada; evidencia un fenómeno social más amplio que está afectando a numerosas familias, donde el desprecio se disfraza de conflicto y la violencia se minimiza como un problema privado. Comprender este contexto resulta indispensable para una adecuada intervención judicial, una protección efectiva de las víctimas y una respuesta institucional acorde a la gravedad del daño emocional involucrado.

#ViolenciaIntrafamiliar #ViolenciaPsicológica #ProtecciónJurídica #DerechosHumanos #abogadavaleriaoportus",https://www.instagram.com/abogadavaleriaoportus/reel/DSfgYZdkU_E/
2025-12-19T21:36:04.000Z,44,0,NA,"Muchas mujeres se separan para protegerse,
pero siguen manteniendo el contacto con el progenitor pensando en el bienestar de sus hijos.
En ese espacio, que debería ser seguro, también se viven humillaciones, amenazas y golpes.
Esto también es violencia.
Y muchas la sufren en silencio. 

#ViolenciaIntrafamiliar #ViolenciaVicaria #InfanciaPrimero #abogadavaleriaoportus",https://www.instagram.com/abogadavaleriaoportus/reel/DSddZGWkXrS/
2025-12-19T20:49:31.000Z,592,27,NA,"A veces basta una semana para dimensionar lo que implica cuidar.
Otras veces son años de crianza exclusiva, silenciosa y agotadora.
Hoy también hay padres que sostienen solos a sus hijos.
El cuidado no tiene género. La sobrecarga sí tiene historia.

#CuidadoReal #Crianza #Corresponsabilidad #TrabajoInvisible #abogadavaleriaoportus",https://www.instagram.com/abogadavaleriaoportus/reel/DSdYNQ6EdZi/
2025-12-18T02:08:57.000Z,7,0,NA,"No basta con el vínculo biológico cuando la función esencial de la maternidad —proteger— está ausente.
La infancia no se vulnera solo con golpes: también con abandono, omisión y silencio.
El interés superior del niño exige mirar la realidad completa, incluso cuando incomoda.

Abogada Valeria Oportus
#InfanciaProtegida #InterésSuperiorDelNiño #DerechosDeLaNiñez #ViolenciaPorOmisión #MaternidadResponsable",https://www.instagram.com/abogadavaleriaoportus/reel/DSYzIh6jrou/
2025-12-16T23:44:24.000Z,115,12,NA,"⚖️ ¿Cómo se protege a las víctimas reales sin vulnerar la presunción de inocencia?
⚖️ ¿Debe el sistema sancionar cuando una denuncia se demuestra falsa?
⚖️ ¿Dónde está el límite entre el derecho a denunciar y el uso abusivo del sistema judicial?

Este debate ya está en el Congreso.
Ahora, ¿qué opinas tú?

Abogada Valeria Oportus

#DenunciasFalsas #PresunciónDeInocencia #DebidoProceso #Congreso #Chile #DerechoPenal #Opinión #AbogadaValeriaOportus",https://www.instagram.com/abogadavaleriaoportus/reel/DSV90u2EcEu/
2025-12-16T23:15:10.000Z,68,5,NA,"El actor Cristián Campos acudió al Congreso para apoyar e impulsar el debate legislativo en torno a un proyecto de ley que busca tipificar y sancionar penalmente las denuncias falsas, reforzando la presunción de inocencia y abordando los graves efectos personales, familiares y sociales que este tipo de imputaciones puede generar.

El proyecto es impulsado por parlamentarios y actualmente se encuentra en etapa inicial de tramitación, abriendo una discusión necesaria sobre equilibrio entre la protección de las víctimas reales y las garantías del debido proceso.

El debate está abierto y merece un análisis serio, técnico y responsable.

#DebateLegislativo #DenunciasFalsas #PresunciónDeInocencia #DebidoProceso #Congreso #Chile #AnálisisJurídico #AbogadaValeriaOportus",https://www.instagram.com/abogadavaleriaoportus/reel/DSV6bTREfTR/
2025-12-16T21:40:14.000Z,455,42,NA,"Ocurrió en el lugar donde se dictan las leyes: el acoso y la violencia de género no distinguen cargos, espacios ni jerarquías, y nombrarlo es el primer paso para dejar de normalizar conductas que vulneran la dignidad y la seguridad de las personas, incluso dentro de las instituciones del Estado. #ViolenciaDeGénero #AcosoLaboral #ViolenciaInstitucional #NoEsNormal #DenunciarImporta #CongresoNacional #PerspectivaDeGénero #DerechosHumanos #BastaDeAcoso",https://www.instagram.com/abogadavaleriaoportus/reel/DSVvkIGERHc/
2025-12-15T15:13:23.000Z,6,0,NA,"No siempre es evidente.
No siempre grita.
No siempre deja marcas visibles.

El abuso infantil muchas veces ocurre donde debería existir protección: en lo cotidiano, en lo cercano, en lo “normal”.
Por eso cuesta verlo.
Y por eso cuesta detenerlo.

Hablar, creer y proteger sí marca la diferencia.

#AbusoInfantil #ProtecciónDeLaInfancia
#InfanciaSegura #AbogadaValeriaOportus",https://www.instagram.com/abogadavaleriaoportus/reel/DSSeauADpj8/
2025-12-13T02:43:33.000Z,178,15,NA,"El audio que sacude al Poder Judicial expuesto por la Fiscalía abre un debate que va más allá del caso penal. No se trata solo del contenido de una grabación, sino de su impacto en la confianza pública y en la institucionalidad judicial.

Porque cuando la justicia es puesta en duda, el efecto no es individual: es institucional.

#EstadoDeDerecho #DebidoProceso #PresunciónDeInocencia #PoderJudicial #CasoAudio #abogadavaleriaoportus #Justicia",https://www.instagram.com/abogadavaleriaoportus/reel/DSL_AgVDmMi/
2025-12-12T02:19:53.000Z,133,0,NA,"A veces, la pregunta más simple es la que derrumba todas las justificaciones: “¿Qué le dirías a tu hija si viviera lo mismo que yo?”.
En la vida real, esta pregunta tiene un peso enorme, porque obliga a mirar la violencia sin excusas, sin “fue un accidente”, sin minimizar el daño. Nadie aceptaría para una hija lo que muchas mujeres han normalizado durante años.

La verdadera fuerza nace cuando la víctima deja de preguntarse si exagera y comienza a preguntarse si su hija merecería vivir algo así. Ese momento, en la práctica y en el derecho, es el punto de quiebre que permite iniciar la protección, el acompañamiento y la salida del ciclo violento. Ningún “accidente” justifica el daño. Ningún amor justifica el miedo. Ningún perdón repara un patrón.

Romper el círculo no es solo una frase: es un acto jurídico, emocional y profundamente humano. ✨⚖️

#ViolenciaIntrafamiliar #PerspectivaDeGénero #RomperElCírculo #NoMásViolencia #JusticiaParaElla #AbogadaValeriaOportus",https://www.instagram.com/abogadavaleriaoportus/reel/DSJXel2jpKE/
2025-12-11T10:59:35.000Z,5,0,NA,"Como abogada, veo a diario violencia ejercida por mujeres hacia hombres. Y ya no me sorprende.
Lo que sí me sorprende —y sigue siendo un tabú— es hablar del abuso económico que muchos hombres viven en silencio 💸.
Abuso económico es cuando se controla su sueldo, se exige dinero bajo amenaza, se vacían cuentas sin consentimiento, se condiciona el vínculo con los hijos al aporte de más dinero, o se utilizan denuncias y procesos judiciales como herramienta de presión.
Muchos hombres callan por vergüenza, por miedo a no ser creídos o por no querer destruir a su familia.
La violencia no tiene género; el silencio que cargan ellos tampoco debería tenerlo.

#ViolenciaInvisible #AbusoEconómico #DerechoDeFamilia #ViolenciaDePareja #RealidadesQueNoSeCuentan #AbogadaValeriaOportus",https://www.instagram.com/abogadavaleriaoportus/reel/DSHuGcLjtXQ/
2025-12-10T05:11:42.000Z,12,0,NA,"La Corte Suprema dejó claro que:
	•	El arresto nocturno aplicado por el tribunal de familia es legal y válido.
	•	El amparo no sirve como herramienta para eludir deudas de alimentos.
	•	Cuando hay deuda firme y no fue impugnada, las medidas de apremio proceden sin vulnerar la libertad personal.

#CorteSuprema #RecursoDeAmparo #Ley14908 #PensiónDeAlimentos #MedidasDeApremio #ArrestoNocturno #DerechoDeFamilia #EjecuciónDeAlimentos #DebidoProceso #AbogadaValeriaOportus",https://www.instagram.com/abogadavaleriaoportus/reel/DSEhpKkjsOV/
2025-12-09T03:52:01.000Z,44,9,NA,"El caso Tocornal vuelve a recordarnos lo que Chile evita discutir: cómo un relato infantil, un peritaje interpretativo y un sistema que no revisa sus errores pueden construir una verdad judicial que quizá nunca existió.
Cuando la única “víctima” adulta afirma que nada ocurrió, la pregunta deja de ser incómoda para convertirse en necesaria: ¿y si se equivocaron?

#CasoTocornal #DudaRazonable #JusticiaSinMiedo #PeritajesEnCuestión #ChileDebeHablar #abogadavaleriaoportus",https://www.instagram.com/abogadavaleriaoportus/reel/DSBzxA2Dr2r/
2025-12-08T22:11:34.000Z,161,0,NA,"Cuando un hombre y padre se porta mal —mintiendo, engañando, desconectándose emocionalmente, evitando responsabilidades o desvalorizando a su pareja— no solo hiere a la mujer que sostiene el hogar, sino que también daña el modelo de amor y seguridad que sus hijos aprenden cada día, dejando cicatrices que él ni siquiera ve.

#ResponsabilidadAfectiva #PaternidadConsciente #FamiliaNoSeAbandona #AbogadaValeriaOportus",https://www.instagram.com/abogadavaleriaoportus/reel/DSBMxdPEZzq/
2025-12-08T21:41:21.000Z,15,0,NA,"La verdad es simple: ninguna mujer que ha trabajado por su educación, su estabilidad y su bienestar merece desgastarse por alguien que no es capaz ni de sostener lo mínimo.
La madurez no está en aguantarlo todo, sino en reconocer a tiempo cuando un vínculo no aporta, no construye y no respeta.
Elegirse a una misma no es egoísmo; es dignidad.

#abogadavaleriaoportus ResponsabilidadAfectiva #AmorPropio #Chile #Abogada",https://www.instagram.com/abogadavaleriaoportus/reel/DSBJIApERw9/
2025-12-07T22:23:19.000Z,3,0,NA,"Cuando un padre responde con “NO TE VOY A PAGAR NADA”, ejerce violencia económica y desconoce un deber esencial hacia sus hijos.
Es importante comprender que los alimentos no son retroactivos: no se pueden exigir hacia atrás si nunca se inició una acción judicial.

La obligación solo nace desde que el tribunal decreta los alimentos, ya sea de forma provisoria o en una sentencia.
Desde ese momento, el progenitor queda legal y moralmente obligado a pagar, cumpliendo con su rol y garantizando las necesidades básicas del niño.

Por eso, la madre no debe pedir como un favor lo que la ley reconoce como un derecho.
No se trata de limosnear, sino de exigir lo que corresponde para asegurar alimentación, salud, educación y bienestar en general. 

Exigir alimentos no es conflicto:
es proteger a los hijos y hacer cumplir la ley.

#ViolenciaEconómica #PensiónDeAlimentos #DerechosDeNiños #LeyDeFamilia #ProtecciónInfantil #ObligaciónLegalYMoral #CumplimientoDeberes #AbogadaValeriaOportus #NoEsUnFavorEsUnDerecho #Alimentos",https://www.instagram.com/abogadavaleriaoportus/reel/DR-pQxmkaZv/
2025-12-07T21:03:31.000Z,18,0,NA,"La lealtad no se predica, se practica.
Y así como un perro entiende de amor incondicional, muchos adultos siguen fallando en lo más básico: respetar, cuidar y ser responsables afectivamente con quienes dicen querer.

En derecho de familia lo veo todos los días:
las familias no se rompen por casualidad…
se rompen por la falta de fidelidad, por la ausencia de compromiso y por no poner límites a conductas que dañan emocionalmente a la pareja y a los hijos.

La infidelidad no es “un error”,
es una cadena de decisiones que destruye confianza, estabilidad y salud emocional.
Y cuando eso ocurre, quienes más sufren no son los adultos: son los niños, que reciben el impacto de un quiebre que jamás les correspondía cargar.

#AbogadaValeriaOportus #ResponsabilidadAfectiva #Fidelidad #DerechoDeFamilia #RupturaFamiliar #ProtecciónInfantil #ConcienciaEmocional #Chile #VIF #Respeto #Lealtad #SaludMentalFamiliar",https://www.instagram.com/abogadavaleriaoportus/reel/DR-gKHFkUvs/
2025-12-07T12:50:05.000Z,10,0,NA,"La Corte de Apelaciones de Puerto Montt resolvió acoger el recurso de protección presentado por un apoderado que había sido increpado por su condena previa por delitos sexuales. 

El tribunal estableció que no existe en la legislación vigente una prohibición expresa que impida a una persona condenada por estos delitos actuar como apoderado o asistir a actividades escolares, por lo que estimó que impedirle el ingreso vulneraba sus derechos constitucionales. 

El fallo se fundamenta en que la inhabilitación del artículo 372 del Código Penal se aplica solo a cargos, oficios o profesiones en ámbitos educacionales, no al rol de apoderado, que no se encuentra regulado como una función profesional.

#CorteDePuertoMontt #RecursoDeProtección #DerechoConstitucional #Inhabilitación #Artículo372CP #AbogadaValeriaOportus",https://www.instagram.com/abogadavaleriaoportus/reel/DR9nIqnjkNg/
2025-12-07T12:23:10.000Z,5,0,NA,"Criar no es solo una tarea cotidiana: es un deber jurídico, emocional y humano.
Cumplir con la corresponsabilidad parental no es un mérito ni un favor, es lo mínimo que exige la ley y el bienestar de los hijos.
Y por lo mismo, la ausencia nunca ha sido —ni será— un derecho.
Cuando uno falta, la carga se duplica; cuando ambos cumplen, la infancia se fortalece. ⚖️💜

#CorresponsabilidadParental #DerechosDeNiños #ResponsabilidadAfectiva #abogadavaleriaoportus #NoEsFavorEsObligación #AbogadaDeFamilia #ProtecciónIntegral #NiñezPrimero",https://www.instagram.com/abogadavaleriaoportus/reel/DR9kqfYDk9W/
2025-12-07T12:13:44.000Z,126,4,NA,"En Chile, la falta de humanidad de algunos padres y madres queda en evidencia en cifras que no deberían normalizarse.

Según el Registro Nacional de Deudores de Pensiones de Alimentos (2024), hoy existen más de 147.000 personas inscritas como deudores, y el 96% son hombres. Cada nombre ahí representa a un niño o niña que no recibe lo mínimo que la ley exige.

Pero el problema empieza incluso antes.
De acuerdo a datos del Instituto Nacional de Estadísticas (INE), publicados por La Tercera en 2019, más de 20.000 niños al año nacen sin ser reconocidos por su padre biológico (20.138 solo en 2016).
No es un número: es abandono desde el primer día.

Cuando la corresponsabilidad se evade, no solo se vulnera la ley:
se rompe un vínculo moral con la infancia que nunca debió romperse.

#ResponsabilidadParental #InfanciaPrimero #NoMásDeudores #Chile2025 #abogadavaleriaoportus",https://www.instagram.com/abogadavaleriaoportus/reel/DR9jlRejjQ8/
2025-12-07T04:48:24.000Z,219,1,NA,"Cuando los padres se separan, el vínculo con los hijos no se divorcia.
La responsabilidad afectiva significa cuidar el mundo emocional de los niños incluso cuando la relación de pareja terminó.

Implica que los padres deben:

🔹 Evitar conflictos frente a ellos
🔹 No usarlos como mensajeros o escudos emocionales
🔹 Mantener cariño, presencia y estabilidad
🔹 Explicar la separación de forma adecuada a su edad
🔹 Protegerlos de culpas, miedos y tensiones de adultos

En simple:
💛 Los hijos no tienen por qué cargar con los problemas de la separación; tienen derecho a sentirse seguros y amados por ambos padres.

⸻

#ResponsabilidadAfectiva #abogadavaleriaoportus #BienestarInfantil #CorresponsabilidadParental #NiñezProtegida #FamiliasEnTransformación #PadresConscientes #MediaciónFamiliar",https://www.instagram.com/abogadavaleriaoportus/reel/DR8wlBSDvFc/
2025-12-06T17:06:22.000Z,13,0,NA,"Un buen padre cuida todo lo que rodea a sus hijos, incluida la estabilidad de su mamá.
Porque cuando ella cae, ellos también lo sienten 🌧️➡️🌈

¿De verdad podemos llamar “paternidad” a algo que nace desde el daño?

#CrianzaConRespeto #NoMásViolenciaEmocional #AbogadaValeriaOportus",https://www.instagram.com/abogadavaleriaoportus/reel/DR7gUaWEcRK/
2025-12-06T05:25:39.000Z,113,9,NA,"Un problema estructural y histórico en Chile:
la falla sistemática del Estado en proteger a los niños, niñas y adolescentes bajo su cuidado institucional (antes SENAME, hoy Servicio Mejor Niñez).

Aunque cambien los nombres, los ministros o los logos, el fondo sigue siendo exactamente el mismo:
niños vulnerables expuestos a negligencia, violencia, abuso, explotación sexual e incluso muerte dentro de instituciones que, en teoría, existen para protegerlos.

Edison Gallardo —autor de El Infierno del SENAME y sobreviviente del sistema— lo ha dicho con crudeza y con verdad:
“El daño que se vive en esas instituciones no se supera. Se sobrevive.”
Sus relatos no solo destapan horrores; explican cómo un sistema completo puede fallar a generaciones enteras sin asumir responsabilidad real.

Este no es un problema aislado. Es un patrón. Una herida abierta que Chile no ha querido mirar de frente.

#abogadavaleriaoportus #MejorNiñez #sename #InfanciaVulnerada #JusticiaParaLaNiñez  #DerechosHumanos #EdisonGallardo #ElInfiernoDelSename #NoMásAbuso",https://www.instagram.com/abogadavaleriaoportus/reel/DR6P6wPjqVn/
2025-11-22T03:23:57.000Z,25,2,NA,"Muchas personas sienten hoy que la justicia no es igual para todos.
Y esa duda no aparece de la nada: nace de lo que ven, de lo que viven y de decisiones que parecen contradictorias.
Cuando la gente deja de confiar en quienes deben impartir justicia, el sistema se vuelve frágil.
Por eso es importante hablar de esta realidad y de la distancia que existe entre lo que la ley promete y lo que las personas realmente experimentan.

#JusticiaParaTodos #abogadavaleriaoportus #PoderJudicial #Desconfianza",https://www.instagram.com/abogadavaleriaoportus/reel/DRV_An1Dn5-/
2025-11-24T23:08:12.000Z,4,0,NA,"La mediación puede ser ese respiro que necesitas: rápida, clara y sin desgaste emocional ni juicios eternos.
💬 Te acompaño a ordenar ideas, bajar tensiones y llegar a acuerdos que realmente funcionen para todos.
Si necesitas apoyo, estoy aquí para ayudarte.
📎 En mi perfil está el enlace para contactarte conmigo.",https://www.instagram.com/abogadavaleriaoportus/reel/DRdQMGRkYtF/
2025-11-29T17:01:47.000Z,12,0,NA,"Lo bueno de tener una amiga abogada es que, después de tu mamá, soy la única que te va a defender incluso cuando tu historia tiene más vacíos que un expediente mal armado.
La adultez es peligrosa sin alguien que traduzca el ‘metí las patas’ a lenguaje jurídico y que encima te crea… o al menos haga el intento.
Ser abogada es eso: escuchar, ordenar el caos y preparar tu defensa mientras tú todavía estás procesando el desastre. 😂⚖️

#Abogada #HumorLegal #VidaAdulta #LaAbogadaAmiga #DefensaGarantizada #EntreLeyesYRisas #abogadavaleriaoportus #JusticiaPeroConHumor #LawyerLife",https://www.instagram.com/abogadavaleriaoportus/reel/DRpeDY1Ed-F/
2025-12-06T04:55:38.000Z,11,0,NA,"A muchas mamás nos ha tocado escuchar excusas así… y tolerarlas, porque “bueno, algo le habrá salido”.
Pero si esta misma excusa la da una mujer, el juicio social es inmediato: irresponsable, poco comprometida, mala madre.

¿Por qué normalizamos en un padre lo que consideraríamos grave en una madre?
¿Hasta cuándo la carga sigue siendo de un solo lado?

Abramos el debate.

#CorresponsabilidadParental #CrianzaReal #MadresAgotadas #PadresPresentes #abogadaValeriaOportus #IgualdadEnLaCrianza #JusticiaFamiliar",https://www.instagram.com/abogadavaleriaoportus/reel/DR6MqqWDobv/
2025-12-06T04:07:53.000Z,6,0,NA,"Hoy, muchas mujeres enfrentan violencia post separación, vicaria o institucional simplemente por decidir salir de relaciones insostenibles. Somos la primera generación que rompe el silencio, desarma el mito de la “familia perfecta” y se atreve a decir: basta.

Y, como era de esperar, el sistema patriarcal responde con resistencia… porque nunca estuvo diseñado para que las mujeres dijeran “no más”.

Pero este cambio ya comenzó, y no tiene vuelta atrás.

¿Estamos como sociedad realmente preparados para proteger a quienes deciden romper el ciclo de la violencia?
#abogadavaleriaoportus
#ViolenciaPostSeparación #ViolenciaVicaria #DerechosDeLasMujeres #DebatePúblico #RompamosElCiclo",https://www.instagram.com/abogadavaleriaoportus/reel/DR6HKVJDn_S/
2025-12-06T03:56:54.000Z,3,0,NA,"✨ La maternidad no debería ser un obstáculo para estudiar.
La nueva Ley “Yo Cuido, Yo Estudio” reconoce esa realidad y busca que ninguna estudiante tenga que elegir entre su formación y la gestación o crianza.

Esta normativa garantiza acompañamiento, facilidades académicas y protección para madres y futuras madres que siguen estudiando, impulsando su autonomía y la continuidad educativa.

Porque cuidar también es un derecho, y educarse es una herramienta para transformar vidas. 

#YoCuidoYoEstudio #DerechosDeLasMujeres #MaternidadYEstudios #EducaciónConEquidad #AbogadaValeriaOportus #Chile #LeyYoCuidoYoEstudio",https://www.instagram.com/abogadavaleriaoportus/reel/DR6Fy3Wjvs6/
2025-12-06T00:47:53.000Z,5,0,NA,"Gracias por la confianza. Cada caso es único y mi compromiso es acompañar, orientar y buscar siempre la mejor estrategia para tu familia.

Revisa más opiniones aquí 👇
https://g.page/r/CSkJzcNP2bgBEAE/review

@abogadavaleriaoportus

#AbogadaDeFamilia #MediaciónFamiliar #TestimonioReal #JusticiaParaLasFamilias #abogadavaleriaoportus #DerechoDeFamilia",https://www.instagram.com/abogadavaleriaoportus/reel/DR5wThCkSVi/
2025-12-05T01:44:00.000Z,11,0,NA,"Muchas mujeres no eligen criar solas… la vida las empuja a proteger a sus hijos cuando la convivencia deja de ser segura. 💜
No es impulso, no es capricho: es sobrevivencia emocional, física y económica.
Hablar de esto importa, porque detrás de cada historia hay niños que merecen crecer en paz y una madre que hizo lo que pudo con lo que tenía.

#ViolenciaInvisible #abogadavaleriaoportus #DerechosDeLasMujeres #MediaciónFamiliar #Chile",https://www.instagram.com/abogadavaleriaoportus/reel/DR3R3cOEaGw/
2025-12-04T22:14:50.000Z,32,1,NA,"💸 Cuando el papá tiene plata para todo… menos para la pensión de alimentos.
Pasando por fuera de la pega del papito corazón, porque al parecer la responsabilidad solo aparece cuando hay funa, pero no cuando hay un hijo esperando lo que por derecho le corresponde.

La crianza no es opcional. La pensión no es un favor.
Es un deber legal, moral y humano.

¿Hasta cuándo normalizamos que quien menos da… es justamente quien más debería cumplir?

#PensiónDeAlimentos #PapitoCorazón #Corresponsabilidad #JusticiaParaLosNiños #NoMásExcusas #AbogadaValeriaOportus",https://www.instagram.com/abogadavaleriaoportus/reel/DR26Bd9Eft9/
2025-12-04T11:25:48.000Z,7,0,NA,"📢 Desde el 1 de enero de 2026 aumentan los montos mínimos de pensión de alimentos en Chile.
Esto significa que ningún tribunal puede fijar una pensión por debajo de estos valores:

🔸 $215.600 cuando es un solo hijo.
🔸 $161.700 por cada hijo cuando son dos o más.

¿Por qué importa?
Porque estos montos establecen un piso mínimo de derechos, algo fundamental en un país donde muchas pensiones siguen siendo insuficientes para cubrir lo básico.

⚠️ Pero hay una excepción:
La ley permite fijar una pensión más baja solo si el alimentante demuestra —con pruebas reales y objetivas— que no tiene capacidad económica para pagar el mínimo legal.
No basta decir “no tengo plata” o “estoy sin pega”: debe ser una imposibilidad seria, involuntaria y acreditada.

🤔 ¿Crees que estos montos y esta excepción reflejan la realidad del costo de criar a un niño hoy en Chile?
Te leo en los comentarios.

#PensiónDeAlimentos #LeyChile #DerechosDeNiños #Alimentos #Corresponsabilidad #JusticiaChile #Familia #AbogadaValeriaOportus",https://www.instagram.com/abogadavaleriaoportus/reel/DR1u49zDrBu/
2025-12-04T03:08:42.000Z,4,0,NA,"Mientras algunos ponen excusas… quien cuida no tiene opción: debe seguir.
Porque la crianza no se pausa, no se posterga y no admite “no puedo”.

Y lo peor… hasta en los tribunales se normaliza 😒
Se revisa lo que el alimentante gana y se concluye: “es lo que puede dar conforme lo tengo a la vista”.
¿Y quien cuida? Debe ingeniárselas para cubrir TODO: comida, ropa, útiles, salud, contención emocional… todo.

La corresponsabilidad no es un discurso: es una deuda pendiente.

💬 ¿Hasta cuándo seguiremos validando que solo uno cargue con todo?
#Corresponsabilidad #PensionDeAlimentos #abogadavaleriaoportus #JusticiaParaLosNiños",https://www.instagram.com/abogadavaleriaoportus/reel/DR022SXDsRF/
2025-12-04T02:00:49.000Z,3,0,NA,"La violencia no siempre deja marcas visibles… pero sí deja huellas profundas.
Muchos niños y niñas crecen creyendo que el maltrato es “normal”, que los gritos son parte del día a día y que callar es la única forma de sobrevivir.

Recordemos: lo que un niño ve, escucha y siente construye su mundo interno, su forma de relacionarse y de amarse a sí mismo.

Hablar, educar y acompañar puede interrumpir ciclos que llevan generaciones repitiéndose.
No miremos hacia otro lado.

¿Qué estamos enseñando sin darnos cuenta?

#InfanciaPrimero #SaludMentalInfantil #CrianzaRespetuosa #ViolenciaIntrafamiliar #ProtecciónInfantil #AbogadaValeriaOportus",https://www.instagram.com/abogadavaleriaoportus/reel/DR0vC7HDqNN/
2025-12-04T01:22:48.000Z,11,1,NA,"🔎 Histórico fallo en Chile: por primera vez se condena un femicidio no íntimo, reconociendo que la violencia extrema contra las mujeres no depende de un vínculo previo, sino de un acto motivado por odio o desprecio de género.

Este precedente marca un avance en cómo la justicia aborda la violencia contra las mujeres.
Pero la pregunta es inevitable:
👉 ¿Crees que este tipo de fallos ayudará a prevenir futuros casos o aún falta mucho por avanzar?

💬 Te leo.

#FemicidioNoÍntimo #HistóricoFallo #ViolenciaDeGénero #NiUnaMenos #AbogadaValeriaOportus",https://www.instagram.com/abogadavaleriaoportus/reel/DR0qsPnEeAF/
2025-12-03T17:23:20.000Z,18,1,NA,"Cuando una conversación entre padre e hija se convierte en el plan para un delito, no estamos frente a “mala conducta”: estamos frente a infancia vulnerada, desprotección y un modelo que fractura todo lo que debió cuidarse.

Los niños no nacen delincuentes.
Aprenden lo que ven, repiten lo que viven y normalizan lo que les enseñan a aplaudir.

La pregunta es inevitable:
👉 ¿Qué estamos haciendo —como familias y como sociedad— para romper este ciclo?

#InfanciaVulnerada #ViolenciaFamiliar #Crianza #ResponsabilidadParental #Chile #Justicia #ProtecciónDeNiños #abogadavaleriaoportus",https://www.instagram.com/abogadavaleriaoportus/reel/DRzz4GzkTc1/
2025-12-02T22:32:01.000Z,8,0,NA,"La defensa de Jorge Tocornal buscó anular la condena mediante una acción de revisión basada en la retractación de su hijo.
Pero la Corte Suprema fue categórica: una retractación tardía no constituye un hecho nuevo suficiente para destruir la prueba rendida en el juicio.

El máximo tribunal recordó que la condena se sustentó en múltiples testimonios, peritajes y evidencias concordantes, no en una sola declaración.
Por eso, resolvió mantener la sentencia firme.

Este caso vuelve a poner sobre la mesa un punto esencial:
👉 ¿Cómo debe actuar la justicia cuando una víctima cambia su versión?
👉 ¿Debe primar la retractación o el conjunto de pruebas ya acreditadas?

💬 Te leo: ¿qué opinas de la decisión de la Corte Suprema?

#abogadavaleriaoportus 
#Justicia #CorteSuprema #DelitosSexuales #ProtecciónInfantil #DebateNecesario",https://www.instagram.com/abogadavaleriaoportus/reel/DRxyXEmEdjP/
2025-12-02T21:52:30.000Z,40,1,NA,"Lo que ocurrió entre Daniela Aránguiz y Mariela Sotomayor revela algo mucho más profundo que un cruce televisivo: en Chile, miles de niños siguen enfrentando el incumplimiento de la pensión de alimentos.
Esto no es farándula, es corresponsabilidad.

Porque creer que 200 lucas bastan para criar a un hijo muestra una realidad dolorosa:
👉 hay cuidadores —madres o padres— que cargan solos con todo,
👉 niños que quedan esperando lo que les corresponde,
👉 e irresponsabilidades que se repiten sin importar el género.

Los derechos de los hijos no se discuten. Se garantizan.

#PensióndeAlimentos #Corresponsabilidad #Chile #DebateSocial #abogadavaleriaoportus",https://www.instagram.com/abogadavaleriaoportus/reel/DRxtkoOEXfK/
2025-12-02T10:42:49.000Z,23,1,NA,"Cuando existe cuidado personal compartido, muchas personas creen que automáticamente se termina la obligación de pagar la pensión de alimentos… pero no es así.

El Tribunal de Los Lagos razonó así: el niño sigue teniendo gastos permanentes (educación, salud, vestuario, alimentación, traslado, vida cotidiana), y ambos padres deben contribuir según sus capacidades económicas reales, no solo por el tiempo que pasan con él.

🔍 ¿Qué hizo el Juzgado?
Reconoció que el padre tenía nuevas cargas económicas, lo que hacía razonable ajustar el monto, pero no cesarlo, porque ello afectaría directamente el bienestar del niño.

💛 En resumen:
Cuidado compartido no significa gasto compartido en partes iguales, y menos implica dejar sin pensión al hijo o hija.

#CuidadoCompartido #PensiónDeAlimentos #DerechoDeFamilia #InterésSuperiorDelNiño #ObligaciónAlimenticia #Familia #TribunalesDeFamilia #AbogadaValeriaOportus #Chile",https://www.instagram.com/abogadavaleriaoportus/reel/DRwhCP2jigL/
2025-11-30T18:12:36.000Z,5,0,NA,"El amor no necesita papeles… pero tus derechos sí.

Muchísimas parejas conviven por años creyendo que “todo funciona igual que en un matrimonio”, hasta que llega una separación, un accidente, una enfermedad… y descubren que no tienen protección legal, no hay derechos heredados, no hay compensación, no hay seguridad económica.

Hablar de patrimonio, acuerdos y efectos legales no es falta de amor: es cuidarte, es cuidar a tus hijos, es evitar abusos, es prevención, no desconfianza.

Normalicemos conversar sobre derechos antes de que sea demasiado tarde.
Porque amar también es protegerse. 

#Derechos #UniónCivil #Parejas #Patrimonio #AmorConResponsabilidad #EducaciónLegal #AbogadaValeriaOportus #Chile",https://www.instagram.com/abogadavaleriaoportus/reel/DRsLE4XkYQS/
2025-11-30T02:54:24.000Z,42,3,NA,"¿Tú cómo lo ves? 
Quiero leerl@s 👀💬

#videoreaccion #abogadavaleriaoportus #opinión #reaccion #fyp #parati #foryou #maternidad #paternidad #redflags",https://www.instagram.com/abogadavaleriaoportus/reel/DRqh9g-jh4u/
2025-11-30T02:39:09.000Z,4,0,NA,"👉 La Violencia se instala de forma silenciosa, se aprende como costumbre y se soporta como si fuera parte de la vida cotidiana.

Hablar de esto, educar y acompañar es indispensable.
Porque lo que no se nombra, no existe… y lo que no existe, no puede cambiarse.

💜 Sigamos visibilizando. Sigamos acompañando. Sigamos educando. 

#ViolenciaDeGénero #NoMásViolencia #DerechosDeLasMujeres #ConcienciaYPrevención
#abogadavaleriaoportus",https://www.instagram.com/abogadavaleriaoportus/reel/DRqgLV0DsqT/
2025-11-30T01:49:29.000Z,3,0,NA,"Cuando niños, niñas y adolescentes crecen en hogares marcados por discusiones constantes, gritos, violencia o negligencia, su cerebro entra en un estado de estrés tóxico.

Ese estrés sostenido no es “solo emocional”:
📌 modifica físicamente el desarrollo cerebral,
📌 afecta zonas clave como la memoria, el aprendizaje, las emociones y la regulación de la conducta,
📌 y genera patrones muy similares a los observados en personas expuestas a situaciones extremas, como soldados después del combate.

Esto ocurre porque el cerebro en desarrollo es altamente sensible. Cuando el ambiente familiar es inestable, el niño vive en alerta constante, y ese estado activa hormonas de estrés que, con el tiempo, pueden alterar las conexiones neuronales.

Por eso es fundamental proteger a la infancia:
✔️ Entornos seguros importan.
✔️ El buen trato importa.
✔️ La estabilidad emocional importa.

La ciencia confirma lo que tantas veces vemos en tribunales: la violencia y los conflictos en el hogar dejan huellas reales en el cerebro que acompañan a los niños durante toda su vida.

#Neurociencia #Infancia #ProtecciónIntegral #SaludMentalInfantil #AbogadaValeriaOportus",https://www.instagram.com/abogadavaleriaoportus/reel/DRqadyCjrlH/
2025-11-30T00:40:22.000Z,8,1,NA,"Aunque el Senado ya aprobó, la norma aún NO es ley. Ahora debe ser votada en la Cámara de Diputadas y Diputados.

Seguiremos atentos al avance.

#LeyDeCelulares #Educación #Infancia #DerechosDeLosNiños #Chile #ActualidadLegislativa #abogadavaleriaoportus",https://www.instagram.com/abogadavaleriaoportus/reel/DRqSj8oEZT3/
2025-11-29T19:55:47.000Z,13,1,NA,😂 @abogadavaleriaoportus,https://www.instagram.com/abogadavaleriaoportus/reel/DRpyITOkUix/
2025-11-29T19:37:45.000Z,46000,4404,NA,"La corresponsabilidad no es un favor, es una obligación.
Criar no significa “ayudar a la mamá”, significa asumir el 50% del trabajo emocional, físico y mental que implica tener un hijo.

Cuando uno de los dos se desconecta, la carga se vuelve injusta y la relación también. La responsabilidad no se comparte cuando conviene, se ejerce todos los días, incluso cuando estamos cansados o no tenemos ganas.

👉 Y aquí la pregunta que abre debate:
¿Crees que hoy existe verdadera corresponsabilidad… o seguimos normalizando que uno críe y el otro “coopere”?

#Corresponsabilidad #RolesParentales #CrianzaReal #abogadavaleriaoportus #ResponsabilidadCompartida #NoEsAyudaEsCriar",https://www.instagram.com/abogadavaleriaoportus/reel/DRpwA42EZur/
2025-11-29T18:56:25.000Z,6,0,NA,"A tres años de su creación, el Registro Nacional de Deudores de Pensiones de Alimentos muestra una tendencia potente: 7 de cada 10 personas inscritas han regularizado sus deudas.

Eso significa que, de más de 295.000 inscritos, más de 226.000 deudas ya fueron pagadas o acordadas.

Sin embargo, aún quedan miles de niños, niñas y adolescentes dependiendo de que el sistema siga funcionando y de que los tribunales continúen aplicando las medidas con firmeza.

👉 La corresponsabilidad parental no es opcional.
👉 El derecho de los hijos a recibir alimentos es irrenunciable.

#RegistroDeDeudores #PensionesDeAlimentos #CorresponsabilidadParental #LeyPapitoCorazón #Chile #Justicia #NiñezPrimero #AbogadaValeriaOportus",https://www.instagram.com/abogadavaleriaoportus/reel/DRprLCqkcma/
2025-11-29T04:38:38.000Z,5,0,NA,"No es mala idea llevar un orden como este 😉.
Así podrás ver con total claridad cuáles son los gastos reales de tus hijos —tanto los ordinarios como los extraordinarios— y evitar confusiones.
Además, este registro te sirve como prueba sólida si más adelante necesitas pedir un reembolso o presentar una demanda. ¡Todo queda claro, ordenado y comprobable!

#abogadavaleriaoportus #PensiónDeAlimentos #GastosOrdinarios #GastosExtraordinarios #PruebaDocumental #JusticiaParaLosNiños #LaPruebaHabla",https://www.instagram.com/abogadavaleriaoportus/reel/DRoJDc7DeU6/
2025-11-28T10:09:14.000Z,19,1,NA,"El diputado sostiene que existe un serio problema en los tribunales de familia: afirma que algunos Organismos Colaboradores, junto a ciertos jueces, abogados y psicólogos, estarían participando en la creación o validación de denuncias falsas.
Según él, estas prácticas han provocado que personas inocentes hayan sido encarceladas, por lo que rechaza entregar más presupuesto a la Subsecretaría de la Niñez y a estos organismos mientras —en su visión— no se regule este funcionamiento.

#TribunalesDeFamilia #DenunciasFalsas #OrganismosColaboradores #abogadavaleriaoportus #ProtecciónDeLaNiñez #PresupuestoPúblico #JusticiaChile #Opinión #DiscusiónAbierta",https://www.instagram.com/abogadavaleriaoportus/reel/DRmKESCjtoQ/
2025-11-27T01:38:02.000Z,32,1,NA,"Cuando un hombre engaña, humilla y además hace creer que “sin él no eres nada”, no es un problema de pareja: es violencia económica y psicológica.
Te destruye la autoestima, te controla a través del dinero y te hace dudar de tu propio valor.

Esto no se normaliza.
Esto se denuncia.

Ninguna mujer le debe su vida al hombre que la rompe.

 #ViolenciaEconómica #ViolenciaPsicológica #NoMásViolencia #abogadavaleriaoportus",https://www.instagram.com/abogadavaleriaoportus/reel/DRiqyTRkXZO/
2025-11-26T22:31:46.000Z,295,23,NA,"Este tipo de situaciones abre una pregunta incómoda que pocas parejas se atreven a enfrentar:
¿hasta qué punto el “agradecimiento” hacia una ex puede convivir con la estabilidad emocional y patrimonial de la nueva relación?

Porque no se trata solo de una transferencia.
Se trata de lo que esa transferencia significa.

👉 ¿Qué siente la actual esposa cuando su marido decide destinar parte del patrimonio familiar a una ex pareja?
👉 ¿Es inseguridad… o es una reacción legítima ante una decisión tomada sin acuerdos?
👉 ¿Puede alguien decir que “es su dinero” si esa decisión afecta a la nueva familia, a la convivencia, a la confianza?
👉 ¿Cuánto pesa el pasado cuando está poniendo en riesgo el presente?
👉 ¿De verdad es gratitud… o es una falta de límites que no se está nombrando?
👉 ¿Y qué consecuencias emocionales, económicas y legales puede traer seguir insistiendo en una conducta que hiere a la pareja actual?

Pero aquí viene la otra parte que nadie habla:
🔹 ¿Cómo se concilia este conflicto?
Tal vez no se trata de prohibir ni de imponer, sino de conversar expectativas.
🔹 Hablar de límites claros.
🔹 Ser transparentes en lo económico.
🔹 Tomar decisiones con acuerdos, no unilateralmente.
🔹 Y entender que ayudar al pasado no puede destruir al presente.

Entonces…
¿Lo que él hace es noble o irresponsable?
¿Lo que ella reclama es exagerado o completamente válido?
¿Se puede encontrar un punto medio o están destinados a chocar?

Los leo. 💬👇

#DebateEnPareja #abogadavaleriaoportus #LímitesSanos #PatrimonioFamiliar #TribunalesDeFamilia #Chile #ParejasHoy #DinámicasReales #ConversacionesDifíciles #AgradecimientoVsLímites #Confianza #RespetoMutuo #Conciliación #PsicologíaDePareja",https://www.instagram.com/abogadavaleriaoportus/reel/DRiVlh7EfqU/
2025-11-25T12:55:00.000Z,10,0,NA,"25 de noviembre — Día Internacional de la Eliminación de la Violencia contra la Mujer
Hoy recordamos que ninguna mujer debe enfrentar el miedo, la violencia o la impunidad.
La violencia no siempre deja marcas visibles: también existe en lo psicológico, económico, vicario y digital.

Alzar la voz es un acto de valentía.
Acompañar, creer y proteger, una responsabilidad social. ✊💛

Si necesitas orientación, apoyo o una ruta clara para actuar, no estás sola.
📩 Agenda tu asesoría en el enlace de mi perfil.

#NiUnaMenos #25N #ViolenciaContraLaMujer #Ley20066 #DerechosDeLaMujer
@abogadavaleriaportus",https://www.instagram.com/abogadavaleriaoportus/reel/DReu0sWDrfC/
2025-11-25T11:27:24.000Z,17,3,NA,"Verte linda no es un delito.
Si él se enoja, se ofende o te hace sentir culpable, el problema es suyo, no tuyo.
Eso no es amor: es control, celos patológicos y violencia psicológica.
No te apagues para que otro no se incomode.

#AmorPropio #NoMásControl #ViolenciaPsicológica #BrillaSinPedirPermiso #abogadavaleriaoportus",https://www.instagram.com/abogadavaleriaoportus/reel/DRekyQ2Dnnl/
2025-11-25T01:41:54.000Z,10,0,NA,"Usar el dinero para presionar, castigar o desestabilizar a la mamá de tus hijos no es una discusión de pareja: es violencia económica y vicaria.
Porque cuando afectas a quien los cuida, también afectas directamente a tus hijos.
La responsabilidad no se mide en palabras, se mide en hechos.

#ViolenciaEconómica #PaternidadResponsable #NoEsContraEllaEsContraEllos #abogadavaleriaoportus",https://www.instagram.com/abogadavaleriaoportus/reel/DRdhvvmkX7x/
2025-11-25T00:57:47.000Z,78000,910,NA,"La pensión no es solo plata: es crianza, tiempo, presencia y responsabilidad.
Este caso muestra que cuando un padre tiene que asumir TODO… entiende lo que realmente cuesta criar.
La pensión es solo una parte, la crianza es el todo. 🤍

#PensiónDeAlimentos #CrianzaReal #ResponsabilidadParental #abogadavaleriaoportus #CoResponsabilidad #NoEsSoloPlata #JusticiaFamiliar",https://www.instagram.com/abogadavaleriaoportus/reel/DRdcpxakRen/
2025-08-22T12:55:34.000Z,2,0,NA,"En las relaciones humanas pasa lo mismo:
El cariño y el amor se cuidan y disfrutan 💕, no se dominan ni controlan.

Cuando alguien cree que puede “poseer” a la otra persona, está cruzando la línea hacia la violencia 🚫.
El amor jamás debe convertirse en un espacio de miedo o sometimiento.

#NoMásViolencia #ViolenciaIntrafamiliar #DerechoDeFamilia #AmorSano #RespetoMutuo",https://www.instagram.com/abogadavaleriaoportus/reel/DNqHWuDO_e-/
2025-07-31T00:08:48.000Z,4,0,NA,"💡 Un acuerdo puede ahorrarte años de desgaste. Porque un divorcio no siempre tiene que ser una pelea, a veces basta con el diálogo correcto para resolverlo todo en menos de un mes. ⚖️✨

#Divorcio #Acuerdo #CuidadoPersonal #RelaciónDirecta #PensiónDeAlimentos #JusticiaConRespeto #Abogada",https://www.instagram.com/abogadavaleriaoportus/reel/DMwF9TEO5Kz/
2025-11-24T14:01:53.000Z,6,0,NA,"Cada testimonio confirma que el trabajo serio, transparente y comprometido sí marca diferencias reales en la vida de las familias.
Ver recuperar vínculos es, sin duda, lo más valioso de mi profesión 🤍

🔎 Opinión verificada en Google Reviews
@abogadavaleriaportus

#TestimonioReal #GoogleReviews #AbogadaDeFamilia #Familia #Crianza #Justicia #Compromiso #Profesionalismo #Valparaíso #ViñaDelMar #Mediación #DerechoDeFamilia #Confianza #VínculosFamiliares #AbogadaValeriaOportus",https://www.instagram.com/abogadavaleriaoportus/reel/DRcRrhDDvFA/
2025-11-24T11:00:34.000Z,9,0,NA,"Obligación no es responsabilidad.
Pagar la pensión es lo mínimo que exige la ley, no un favor ni un gesto heroico.
La verdadera responsabilidad se ve en la presencia, la constancia y el compromiso real.

💜 Si necesitas orientación en temas de familia, estoy para ayudarte.
📲 @abogadavaleriaoportus

#PensionesDeAlimentos #ResponsabilidadParental #LeyPapitoCorazón #abogadavaleriaoportus  #DerechoDeFamilia #Chile #Justicia #Corresponsabilidad",https://www.instagram.com/abogadavaleriaoportus/reel/DRb84EyjjKH/
2025-11-24T02:20:47.000Z,18,0,NA,"Si estás inscrito en el Registro de Deudores de Pensiones de Alimentos, el Estado sí puede negarte la renovación del pasaporte o la cédula, incluso si resides fuera de Chile.

La Corte de Santiago confirmó que esta medida es totalmente legal cuando existe una deuda impaga, como en este caso: más de $150 millones en pensiones de alimentos adeudadas.

Esto no es castigo:
👉 Es protección al derecho de niños y niñas.
👉 Es una herramienta para combatir la evasión sistemática.
👉 Es corresponsabilidad parental hecha norma.

La ley cambió. La cultura de pago también debe cambiar.

#PensionesDeAlimentos #LeyPapitoCorazón #DerechosDeNiños #ResponsabilidadParental #AbogadaValeriaOportus",https://www.instagram.com/abogadavaleriaoportus/reel/DRbBcJAjiPe/
2025-11-23T15:55:25.000Z,13,0,NA,"Chile tiene leyes claras, pero cuando no se fiscalizan, los derechos de los niños quedan desprotegidos.
Entre 2022 y 2024, 242 municipios entregaron licencias de conducir a más de 3.400 deudores de alimentos, pese a la prohibición establecida en la Ley 21.389.

Esto no es un detalle administrativo.
➡️ Es una falla grave del sistema.
➡️ Es permitir que la deuda alimentaria siga normalizada.
➡️ Es abandonar nuevamente a quienes dependen de esos recursos: los niños y niñas.

La corresponsabilidad no se declara: se cumple y se fiscaliza.

#LeyPapitoCorazón #PensionesDeAlimentos #Fiscalización #InfanciaPrimero #Deudores #AbogadaValeriaOportus #DerechoDeFamilia",https://www.instagram.com/abogadavaleriaoportus/reel/DRZ5yFskc9W/
2025-11-23T03:59:08.000Z,6,0,NA,"La corresponsabilidad no es un discurso, es una obligación legal.
Y cuando no se cumple, el derecho de los niños se vulnera todos los días.

#PensionesDeAlimentos #Corresponsabilidad #LeyPapitoCorazón #NiñezPrimero #Valparaíso #AbogadaValeriaOportus #DerechoDeFamilia",https://www.instagram.com/abogadavaleriaoportus/reel/DRYn4Z3ju7a/
2025-11-22T21:20:48.000Z,14,0,NA,"Cuando un progenitor llega al tribunal diciendo: “no puedo pagar más pensión, tengo muchos gastos”, la respuesta judicial es clara: los gastos personales no justifican reducir la pensión alimenticia.

La ley exige que primero se cubran las necesidades del hijo o hija.
Créditos de consumo, nuevas deudas, compras voluntarias o cambios de estilo de vida no son excusa válida.
El tribunal evalúa los ingresos reales, no “lo que le sobra”.

Los hijos no esperan. Los adultos ordenan sus prioridades.

#PensiónDeAlimentos #DerechoDeFamilia #TribunalesDeFamilia #PrioridadInfantil #AbogadaValeriaOportus",https://www.instagram.com/abogadavaleriaoportus/reel/DRX6Tk6Ef5N/
2025-11-22T15:10:39.000Z,6,0,NA,"La Corte Suprema abordó un caso donde una tercera persona —alguien distinto del padre obligado a pagar alimentos— cubrió la deuda alimenticia para evitar que el niño o niña siguiera afectado por el incumplimiento.

¿Qué implica esto en la práctica?

Si un abuelo, tío, pareja de la madre, o cualquier persona cubre la deuda para proteger al menor, el deudor alimentario no queda liberado:
👉 queda obligado ahora con el tercero que pagó.
👉 se puede iniciar un juicio para exigir el reembolso.

Fuente oficial: Corte Suprema, Rol 175538-2023, sentencia de 8 de agosto de 2024.

📲 Si necesitas orientación sobre cobro de alimentos, subrogación o deudas impagas, puedes escribirme por WhatsApp.

#DerechoDeFamilia #Alimentos #CorteSuprema #ProtecciónInfantil #JusticiaParaNiños #AbogadaValeriaOportus",https://www.instagram.com/abogadavaleriaoportus/reel/DRXP0SnjvJZ/
2025-11-22T13:46:55.000Z,6,0,NA,"La confianza se construye con dedicación, cercanía y resultados reales.
Agradezco profundamente cada opinión que mis clientes dejan, porque reflejan el compromiso con el que enfrento cada caso: con responsabilidad, honestidad y un acompañamiento humano en todo el proceso legal.

💜 Tu experiencia también puede ser distinta cuando tienes una defensa clara, atenta y profesional.

🔗 Opiniones verificadas en Google Reviews
📩 Escríbeme por WhatsApp para agendar una consulta.

#TestimoniosReales #ClientesFelices #AbogadaValeriaOportus #AbogadaDeFamilia #Chile #Justicia #Profesionalismo #AcompañamientoLegal #GoogleReviews #ExperienciaReal #PensiónDeAlimentos #Divorcios #MediaciónFamilia",https://www.instagram.com/abogadavaleriaoportus/reel/DRXGU26DnwS/
2025-11-22T13:39:11.000Z,97,2,NA,"Muchas veces la pregunta no es “¿por qué no lo deja?”, sino “¿qué daño ha sufrido para no poder irse?”.

En las relaciones violentas no hay libertad: hay miedo, manipulación, ciclos de abuso, esperanza de cambio y dependencia emocional. Esto se llama vínculo traumático, y está reconocido en la Ley 21.675 como una forma de violencia psicológica que afecta la autonomía y la seguridad de la víctima.

Cuando este patrón aparece, no basta con decirle que se vaya:
💜 Se debe pedir medidas de protección.
💜 Acompañar evidencia de violencia psicológica.
💜 Solicitar evaluación de riesgo.
💜 Exigir al tribunal que considere el contexto, no solo los episodios aislados.

La ley protege a quienes han sido atrapadas en dinámicas de poder que las quiebran internamente. La salida existe, pero requiere apoyo, seguridad y comprensión real del daño.

#ViolenciaPsicológica #abogadavaleriaoportus #VínculoTraumático #NoEsTuCulpa #JusticiaParaLasVíctimas",https://www.instagram.com/abogadavaleriaoportus/reel/DRXFdbmDip1/
2025-11-22T13:17:21.000Z,8,0,NA,"La Corte Suprema rechazó una demanda de divorcio unilateral debido a que existían pensiones de alimentos impagas.

¿Por qué?
Porque antes de poner fin a un matrimonio, la ley exige cumplir con lo más básico: el deber de proveer alimentos a los hijos.
Si esa obligación está incumplida, el Tribunal no da paso al divorcio.

💜 Primero se cumple.
💜 Luego se tramita.

🔗 Fuente: Diario Constitucional (17/10/2025)

#DivorcioUnilateral #CorteSuprema #PensiónDeAlimentos #DerechoDeFamilia #abogadavaleriaoportus",https://www.instagram.com/abogadavaleriaoportus/reel/DRXC_kYjqJT/
2025-11-22T12:57:16.000Z,13,0,NA,"La Corte Suprema fue clara: los hijos no pueden condonar la deuda de pensión de alimentos del padre.
¿La razón? Esa deuda no desaparece, porque la madre ya asumió esa obligación con su propio esfuerzo, y por eso la ley protege sus derechos.

Cuando un padre no paga la pensión, la madre termina cumpliendo sola con los gastos del hijo. Por eso, la deuda se transforma en un derecho adquirido por ella, y los hijos no pueden “perdonarla”.

💜 Es justicia y protección para quien sostuvo la crianza.
Fuente: Diario Constitucional (11/08/2023)

#DerechoDeFamilia #PensiónDeAlimentos #CorteSuprema #Chile #Justicia #AbogadaValeriaOportus #ProtecciónMaterna #DerechosDeLaMadre #ObligaciónAlimentaria #FamiliasChile #MamáSostén #DerechosAdquiridos",https://www.instagram.com/abogadavaleriaoportus/reel/DRXApc9Dt4u/
2025-11-22T12:33:10.000Z,3,0,NA,"La confianza se construye con hechos.
Gracias por cada persona que comparte su experiencia y por permitirme acompañarlos en procesos tan importantes de sus vidas.

💜 Profesionalismo, dedicación y claridad en cada caso.
🔗 Opiniones reales en Google: g.page/r/CSkJzcNP2bgBEAE/review
📩 Agenda tu consulta por WhatsApp

#Confianza #TestimoniosReales #AbogadaValeriaOportus #Chile #Justicia #OpinionesGoogle",https://www.instagram.com/abogadavaleriaoportus/reel/DRW94MDjrri/
2025-11-22T12:27:14.000Z,25,0,NA,"La comunicación honesta entre abogado y cliente es esencial.
No porque el abogado vaya a justificar lo injustificable, sino porque necesita claridad para orientar correctamente.

La verdad siempre es mejor que una versión incompleta que termina generando inconsistencias en el juicio.

#ÉticaProfesional #Transparencia #JuicioOral #AbogacíaResponsable #DebidoProceso #ComunicaciónClara #TrabajoLegal #abogadavaleriaoportus",https://www.instagram.com/abogadavaleriaoportus/reel/DRW89HaDiDr/
2025-11-22T05:23:11.000Z,11,0,NA,"Muchas víctimas de violencia intrafamiliar vuelven con su agresor porque:
	•	La relación funciona en ciclos: después de la agresión viene el “perdón” y la “luna de miel”.
	•	Hay miedo: a represalias, amenazas o quedarse sola.
	•	Hay dependencia emocional o económica.
	•	Están aisladas y sin redes de apoyo.
	•	Hay culpa y manipulación constante.
	•	Existe un vínculo traumático que hace muy difícil cortar la relación.

No es que “quiera volver”.
Es que está atrapada entre el miedo, la manipulación y la dependencia.
Por eso no se juzga: se acompaña.

#VIF #AcompañarSinJuzgar #CicloDeLaViolencia #abogadavaleriaoportus",https://www.instagram.com/abogadavaleriaoportus/reel/DRWMtXxjg6W/
2025-11-20T17:02:30.000Z,15,0,NA,"No esperes al último minuto: el permiso de salida del país es obligatorio para viajar con menores. ¡Planifica con tiempo!
#abogadavaleriaoportus #vacaciones2025 #tipslegales",https://www.instagram.com/abogadavaleriaoportus/reel/DRSTGVGkT0t/
2025-11-20T02:31:37.000Z,4,3,NA,"Confirmado:
El 90% de los hombres estaba esperando este saludo en silencio…

¡Feliz día!",https://www.instagram.com/abogadavaleriaoportus/reel/DRQvWMqjg30/
2025-11-19T22:48:35.000Z,3,0,NA,"🔍 ¿Buscas una abogada clara, directa y que realmente te acompañe?
Estos testimonios no los escribo yo—los escriben mis clientes después de resolver sus casos.

🟣 Cuando el trabajo se hace bien, se nota.
Lee más opiniones: g.page/r/CSkJzcNP2bgBEAE/review

#abogadavaleriaoportus #justiciaparatodos #Chile #abogados",https://www.instagram.com/abogadavaleriaoportus/reel/DRQV5PPkZdV/
2025-11-19T01:49:47.000Z,4,0,NA,"La prueba habla. Pero también duele. Acompañemos con empatía cada etapa del proceso.
#LaPruebaHablaPeroTambiénDuele #ViolenciaIntrafamiliar #VIF #Acompañamiento #Empatía #JusticiaConPerspectiva #NoMásViolencia #ProtecciónAlaVíctima",https://www.instagram.com/abogadavaleriaoportus/reel/DROF3G5ESmn/
2025-11-18T02:51:47.000Z,23,1,NA,"Feliz cumpleaños, mamá 💖

Tú, que fuiste mamá y papá en un país y en una época dura, cuando tantos elegían mirar hacia el lado y abandonar sus responsabilidades.
Tú, que con esfuerzo, sacrificio y un coraje que pocas mujeres podían siquiera mostrar en esos años, te abriste camino y te titulaste en la Universidad de Concepción, rompiendo barreras que otros ni siquiera se atrevían a tocar.

Tú, que siempre enfrentaste lo imposible con valentía, con amor del bueno, del que sostiene, del que salva.
Tú, con ese corazón inmenso, capaz de proteger, sanar y levantar incluso cuando tú misma estabas cansada.

Si miro mi vida, sé que sin ti nada habría sido posible. Porque solo tú estuviste ahí, siempre, sin condiciones, sin dudas, sin medir esfuerzos.
Tu presencia fue mi hogar, tu amor mi refugio, tu fuerza mi ejemplo.

Eres una mujer gigante.
Eres una madre única.
Eres mi vida entera.

Feliz cumpleaños, mamá. Gracias por existir. 💖✨",https://www.instagram.com/valoportus/p/DRLoQJVDSAGUclS4G567nzM-ixchfOrXSkeR_Y0/
2025-11-09T16:25:50.000Z,108,0,NA,"Una mujer celebró que el hombre que cuidó y amó a su hija no era el padre biológico. Mientras él lloraba por la niña que creyó suya, ella aplaudía como si la verdad fuera un trofeo. Esa reacción no revela fuerza, revela ego, resentimiento y una profunda desconexión con lo que significa ser madre.

Ser mamá no es traer un hijo al mundo, es proteger su corazón. Y cuando una madre festeja un daño emocional, no está defendiendo a su hija: está fallándole. Porque la mala maternidad no siempre es abandono físico; también es celebrar el dolor, usar a los hijos como botín y olvidar que ellos sienten, recuerdan y sufren.

El ADN puede decir quién es padre, pero las acciones revelan quién no está actuando como madre.

#abogadavaleriaoportus #justicia #proteccióninfantil #fundaciónynes",https://www.instagram.com/abogadavaleriaoportus/reel/DQ16J1FEfAn/
2025-11-09T11:53:59.000Z,20,0,NA,"En Chile, el sistema creado para proteger a los niños está viviendo una paradoja: mientras busca evitar riesgos y violencias, está siendo usado en algunos casos como arma para separar a hijos de sus padres o madres sin pruebas contundentes.
Denuncias instrumentalizadas, medidas rápidas y evaluaciones tardías generan un daño profundo: niños creciendo sin un vínculo esencial y adultos marcados por la sospecha antes de la verdad.
Proteger no puede ser sinónimo de destruir familias; la infancia necesita seguridad, pero también necesita vínculo, verdad y justicia.

#InfanciaPrimero  #SistemaProteccional #FalsasDenuncias #FundaciónYnes #abogadavaleriaoportus",https://www.instagram.com/abogadavaleriaoportus/reel/DQ1bDxqDmfn/
2025-11-08T14:35:40.000Z,21,3,NA,"La Corte Suprema refuerza la corresponsabilidad parental.
El tribunal recordó que el cuidado personal —aun cuando esté radicado en un solo progenitor— no otorga un poder absoluto: las decisiones relevantes sobre los hijos deben tomarse en conjunto, promoviendo el vínculo con ambos padres y el interés superior del niño.

📌 En simple: los hijos necesitan y tienen derecho a ambos padres presentes y activos.

🔗 Lee el fallo completo aquí:
https://www.pjud.cl/prensa-y-comunicaciones/noticias-del-poder-judicial/132902

#CorteSuprema #CorresponsabilidadParental #abogadavaleriaoportus",https://www.instagram.com/abogadavaleriaoportus/reel/DQzIuFhDh8F/
2025-11-08T14:34:09.000Z,18,1,NA,"Se promulgó la ley que crea el Servicio Nacional de Acceso a la Justicia y la Defensoría de Víctimas, para entregar apoyo jurídico y psicosocial gratuito a quienes más lo necesitan.
Un paso clave para una justicia más cercana y efectiva.

#AccesoALaJusticia #DefensoríaDeVíctimas #NuevaLey #abogadavaleriaoportus",https://www.instagram.com/abogadavaleriaoportus/reel/DQzAGiQDj_I/
2025-10-30T16:47:32.000Z,46,8,NA,"Nada llega solo, y nada ocurre sin propósito. Gracias a Dios por la fortaleza, la claridad y las puertas que se abren en el momento justo.

Cada paso es preparación para servir mejor, crecer con sentido y avanzar con humildad.

Seguimos aprendiendo, confiando y caminando con Él 🙏🏼⚖️",https://www.instagram.com/abogadavaleriaoportus/reel/DQcMeZgkdHm/
2025-10-26T16:28:53.000Z,20,1,NA,"Cristián Campos demandó por $794 millones a Raffaella di Girolamo, afirmando que busca cerrar un capítulo “injusto y doloroso” tras lo que describe como una “calumnia sin sustento” que le costó un alto precio emocional y reputacional. Su caso reabre un debate necesario: ¿cómo equilibrar el derecho a denunciar con la protección de quienes resultan acusados injustamente?

No se trata de negar la importancia de las denuncias reales, sino de reflexionar sobre cómo garantizar justicia sin permitir que el sistema sea instrumentalizado para dañar.

La justicia no solo debe escuchar a las víctimas, también debe proteger a los inocentes.

#CristianCampos #abogadavaleriaoportus #denunciasfalsas",https://www.instagram.com/abogadavaleriaoportus/reel/DQR3RnfkVjw/
2025-10-21T22:44:46.000Z,27,2,NA,"Una experiencia inolvidable en #AhoraCaigo de TVN 🙌
Gracias a Dios, a todos los santos, y por supuesto a Magdalena Montes, logramos ganar el capítulo 🏆
Pero más allá del premio, nuestro corazón es grande ❤️ y decidimos compartirlo con quienes nos conmovieron: la historia de @todosxbasti nos recordó que en esta casa… ¡hay lugar para todos! 🫶💫

#GraciasTVN #AhoraCaigo #Solidaridad #CorazónGrande #AbogadaValeriaOportus #TodosxBasti",https://www.instagram.com/fundacionynes/reel/DQFqUTwESJ7/
2025-10-14T15:13:39.000Z,4,0,NA,"Cuando el sistema público se demora, la mediación privada se vuelve la mejor alternativa. 🤝✨
Agilidad, confidencialidad y acuerdos reales.
Contáctame para agendar tu mediación. ⚖️
#MediaciónPrivada #AbogadaValeriaOportus #MediaciónLicitada #Familia #mediacionfamiliar",https://www.instagram.com/abogadavaleriaoportus/reel/DPy1Rucjn8s/
2025-10-13T21:40:23.000Z,17,0,NA,"Un hecho de extrema gravedad está siendo investigado en la Región del Bío Bío.
La Policía de Investigaciones incautó un computador perteneciente al Servicio de Vivienda y Urbanismo (Serviu), luego de que una funcionaria denunciara haber encontrado en el equipo archivos que podrían corresponder a material de abuso sexual infantil (MASI), comúnmente —aunque de manera incorrecta— llamado “pornografía infantil”.

El hallazgo se habría producido cuando la funcionaria, recién trasladada a esa oficina, encendió el computador asignado y detectó una carpeta con contenido sospechoso. De inmediato, informó a sus superiores, y posteriormente el caso fue denunciado ante la PDI, que realizó el levantamiento del equipo para su análisis forense.

De acuerdo con los primeros antecedentes, el material será periciado por la Brigada de Delitos Sexuales, que busca determinar la naturaleza real de los archivos y el nivel de responsabilidad de las personas que tuvieron acceso al computador. La investigación quedó a disposición de la Fiscalía de Concepción.

El Serviu, a través de un comunicado, señaló que la denuncia fue presentada de manera inmediata y que se instruyó un sumario administrativo para esclarecer los hechos y colaborar con las diligencias policiales.

#Serviu #BíoBío #PDI #Fiscalía #AbusoInfantil #NoEsPornografíaEsAbuso #ProtecciónInfantil #ResponsabilidadDelEstado #DerechosHumanos #NoticiasChile #Denuncia #AbogadaValeriaOportus",https://www.instagram.com/abogadavaleriaoportus/reel/DPw8mHcEZk0/
2025-10-12T19:44:02.000Z,31,3,NA,"La Corte Suprema confirmó una sentencia histórica: se condenó a un hombre por contagiar a su esposa con una enfermedad de transmisión sexual y por ejercer violencia psicológica.
Pronto subiré un video explicando este fallo y por qué marca un antes y un después en materia de responsabilidad dentro del matrimonio. ⚖️
#CorteSuprema #ets #AbogadaValeriaOportus #infidelidad #matrimonio",https://www.instagram.com/abogadavaleriaoportus/reel/DPuKpNnkeN4/
2025-10-11T15:10:52.000Z,20,3,NA,"Carolina Pesce, exesposa de Jorge Tocornal, asegura que la retractación de su hijo “fue bajo presiones y extorsión”.
Tocornal murió tras pasar casi una década en prisión por abuso sexual.
Hoy, la historia vuelve a abrir heridas: ¿cuántas verdades caben en un mismo caso?
#jorgetocornal #carolinapesce #abogadavaleriaoportus #justiciaparatodos",https://www.instagram.com/abogadavaleriaoportus/reel/DPrGf3NDs1t/
2025-10-11T13:29:27.000Z,31,0,NA,"¡GANAMOS! 🎉💜
Anoche en ¡Ahora Caigo! de TVN, representando a Fundación Ynes – Ya No Están Solos, logramos la victoria 🙌

Fue una experiencia maravillosa junto al gran Huevo Fuenzalida (@exhuevo), quien nos llenó de cariño y buena energía, y con la increíble Magdalena Montes, que nos representó con fuerza, alegría y corazón 💪✨

Pero lo más hermoso vino después: decidimos compartir el premio y entregar la mitad a @todosxbasti, un pequeño guerrero de 3 años que lucha con amor contra la Anemia Diamond-Blackfan 💙
Su historia nos tocó el alma y nos recordó por qué hacemos lo que hacemos: porque cada gesto solidario puede cambiar una vida 🌷

Gracias de corazón al equipo de ¡Ahora Caigo!, a Daniel “Huevo” Fuenzalida por su cercanía, a Magdalena por su entrega, y a los papás de Basti por su ejemplo de esperanza.

💜 En Fundación Ynes seguimos trabajando por una infancia más protegida, más digna y más amada.
Juntos, ¡ya no están solos!

#FundaciónYnes #YaNoEstánSolos #AhoraCaigo #TVN #HuevoFuenzalida #MagdalenaMontes #TodosxBasti #InfanciaProtegida #abogadavaleriaoportus #edisongallardo",https://www.instagram.com/fundacionynes/reel/DPq5h0ejTQS/
2025-10-11T12:38:54.000Z,75,1,NA,"Gracias de corazón, Juan Pablo Álvarez, por tus palabras y por ayudarnos a visibilizar la labor que realizamos en Fundación Ynes – Ya No Están Solos 💜

Tu apoyo nos emociona profundamente, porque detrás de cada gesto como el tuyo hay humanidad, empatía y esperanza 🌷
Gracias por recordarle al país que la infancia necesita de todos, y que juntos podemos construir un futuro más justo, más seguro y lleno de amor para nuestros niños, niñas y adolescentes 💫

Ojalá sigamos encontrándonos en este camino, con la misma fuerza, autenticidad y corazón que te caracteriza 💪💙

Gracias, Juan Pablo 🙏💙 Nos encantaría leer tu comentario y seguir compartiendo esta causa contigo.

#FundaciónYnes #JuanPabloÁlvarez #YaNoEstánSolos #AhoraCaigo #TVN #abogadavaleriaoportus #edisongallardo",https://www.instagram.com/fundacionynes/reel/DPq0-wyEde2/
2025-10-11T12:32:40.000Z,4,0,NA,"Gracias, Berta Lasala, por tu cariño, por tus palabras y por ayudarnos a visibilizar la labor que realizamos como Fundación Ynes – Ya No Están Solos 💕
Tu apoyo, tu voz y tu sensibilidad nos inspiran profundamente a seguir acompañando y protegiendo a niños, niñas y adolescentes que necesitan entornos seguros, amorosos y llenos de esperanza 🌷

Berta, reconocida actriz chilena con una destacada trayectoria en teatro, cine y televisión —recordada por su papel en Adrenalina y por su calidez humana—, nos envió un hermoso mensaje invitando a todos a apoyar nuestra causa y sumarse a esta misión por la infancia 💫

¡Gracias por tu abrazo, tu energía y por ser parte de este camino! 💜

#FundaciónYnes #YaNoEstánSolos #BertaLasala #TVN #AhoraCaigo #abogadavaleriaoportus #edisongallardo",https://www.instagram.com/fundacionynes/reel/DPq0PRSkSKi/
2025-10-11T12:25:30.000Z,5,1,NA,"Estuvimos en ¡Ahora Caigo! de TVN compartiendo el trabajo de Fundación Ynes, donde cada día acompañamos y protegemos a niños, niñas y adolescentes que merecen crecer en entornos seguros y llenos de amor.

Gracias por ayudarnos a visibilizar nuestra misión 💜

🌐 www.fundacionynes.cl
#FundaciónYnes #YaNoEstánSolos #InfanciaProtegida #TVN #AhoraCaigo
#abogadavaleriaoportus #edisongallardo",https://www.instagram.com/fundacionynes/reel/DPqzjHkETZO/
2025-10-10T01:35:40.000Z,13,0,NA,"Año 2007.
Una orden del Tribunal de Familia de Osorno, firmada por la jueza Verónica Vymazal, autoriza retirar de su casa a una niña de cinco años. Carabineros llegan con una asistente social. La menor es llevada sin explicación. Nadie le muestra una resolución al padre.

Días después, el tribunal —bajo la misma jueza— decide internarla en un hogar colaborador del SENAME. El motivo: supuestas sospechas de abuso. Pero en abril de 2008, el Servicio Médico Legal descarta completamente esa denuncia.

Aun así, la niña permanece más de siete meses en el hogar. Según su padre, fue golpeada, humillada y torturada. Y cuando él presenta audios, fotos y certificados médicos para probarlo, esas evidencias desaparecen… del mismo tribunal que dirigía Vymazal.

Años más tarde, el padre denuncia la pérdida de las pruebas y pide una investigación. Los documentos —que La Otra Diaria logró obtener— muestran firmas, resoluciones y oficios suscritos por la jueza Vymazal, en todas las etapas: el ingreso de la niña, la revisión de medidas y la posterior entrega del caso.

Pero cuando la denuncia se hace pública, la Asociación de Magistradas y Magistrados —de la cual Vymazal era vicepresidenta— responde que la niña “nunca estuvo en SENAME”.
El problema es que los papeles dicen otra cosa.

Entonces, la duda persiste:
¿cómo puede desaparecer un expediente completo con su firma al inicio y al final?
¿Negligencia… o protección institucional?

La historia no tiene cierre judicial.
Pero sí deja una huella incómoda:
la de una jueza cuyo nombre aparece en cada documento…
y en cada silencio del caso.
 
#abogadavaleriaoportus #justiciaparatodos #derechodefamilia #justicia #proteccióninfantil",https://www.instagram.com/abogadavaleriaoportus/reel/DPnEaDHjkii/
2025-10-08T14:10:19.000Z,33,0,NA,"Este es un gran logro para los derechos de mi representada, porque reafirma la justicia de su posición y consolida una resolución que reconoce y protege lo que por ley le corresponde. Es el fruto de un trabajo serio, perseverante y con convicción. 💪⚖️

#abogadavaleriaoportus #justiciaparatodos #derechodefamilia #justicia",https://www.instagram.com/abogadavaleriaoportus/reel/DPjRQa1jsXX/
2025-10-07T19:10:00.000Z,4,0,NA,"Según el estudio Canasta de Crianza elaborado por UNICEF y el Ministerio de la Mujer y Equidad de Género, criar a un hijo en Chile cuesta en promedio $595.000 mensuales 😳.
De ese monto, $383.267 corresponden a bienes y servicios (ropa, alimentación, educación, salud, etc.) y $211.616 al tiempo de cuidado no remunerado.
Sí… ¡la guagua viene con la marraqueta, pero la boleta también! 🧾😅

#CrianzaEnChile #CanastaDeCrianza #UNICEF #MinMujer #abogadavaleriaoportus",https://www.instagram.com/abogadavaleriaoportus/reel/DPhOyMHEVar/
2025-10-07T19:07:46.000Z,43,3,NA,"Su hijo viajó a EE. UU. con un permiso temporal para ver a su padre… y nunca regresó.
Durante estos años, el entorno paterno ejerció lo que su defensa llamó “influencia indebida”: un proceso sutil y prolongado que transformó el vínculo con su madre en algo distante y hostil.
La justicia estadounidense cerró definitivamente el caso, dejando al niño bajo la custodia del padre y a Mane con visitas limitadas.
Detrás de los fallos y tribunales, hay un niño que vio cómo su afecto fue moldeado por discursos ajenos.
No es solo un caso mediático, es una advertencia: cuando la manipulación emocional se instala, el tiempo y la distancia pueden romper vínculos que parecían inquebrantables.
#ManeSwett #InfluenciaIndebida #CustodiaInternacional #ManipulaciónEmocional #DerechosDeLosNiños #JusticiaFamiliar #Reflexión #abogadavaleriaoportus",https://www.instagram.com/abogadavaleriaoportus/reel/DPhOhd9EYTx/
2025-10-07T13:08:02.000Z,14,0,NA,"La compensación económica no es un “premio” ni un regalo. Es una herramienta legal para equilibrar la balanza cuando uno de los dos dejó de trabajar o crecer profesionalmente para dedicarse al hogar o a criar. Mientras uno avanzaba en lo laboral, el otro sostenía la base de la familia. Por eso, cuando el matrimonio termina, la ley no mira con lástima… reconoce un aporte real y exige justicia económica. #CompensaciónEconómica #JusticiaFamiliar #abogadavaleriaoportus #divorcio",https://www.instagram.com/abogadavaleriaoportus/reel/DPglQuUDhNn/
2025-10-07T00:05:27.000Z,7,0,NA,"Este proyecto busca modificar diversas leyes para establecer restricciones respecto al uso y tenencia de armas de fuego cuando existen antecedentes de violencia intrafamiliar.

En términos simples, pretende que ninguna persona denunciada, formalizada o condenada por violencia intrafamiliar pueda portar, tener, adquirir, usar ni almacenar armas de fuego.
Esto incluye también a quienes se encuentren en suspensión condicional del procedimiento.

Aunque el proyecto cuenta con amplio respaldo, existen críticas que deben abordarse en la etapa de indicaciones.

Algunos advierten que aplicar la prohibición de armas desde la denuncia o formalización podría tensionar la presunción de inocencia, por lo que se piden mecanismos de revisión claros.
También se señala la necesidad de mayor precisión técnica y coordinación entre tribunales, Ministerio Público y la DGMN, para que la norma sea efectiva.
Finalmente, expertos recuerdan que esta medida debe complementarse con mejoras reales en fiscalización y protección, para no quedarse solo en el papel.

#ProyectoDeLey #ViolenciaIntrafamiliar  #ProtecciónDeVíctimas #abogadavaleriaoportus",https://www.instagram.com/abogadavaleriaoportus/reel/DPfLyuJjgPq/
2025-10-06T22:36:21.000Z,10,0,NA,"Un niño de apenas 2 años recibió un disparo en la cabeza… de su propio padre. 
Todo ocurrió en Temuco, tras una discusión por pensión alimenticia. El pequeño estuvo más de un mes luchando por su vida y hoy, milagrosamente, fue dado de alta.

Este no es “un caso más”. Es el reflejo más crudo de cómo la violencia puede infiltrarse en el espacio que debería proteger: el hogar. Un padre que dispara no solo hiere un cuerpo frágil, sino que rompe un lazo irrecuperable, dejando cicatrices que ninguna condena ni disculpa podrán borrar.

Como sociedad, no podemos normalizar estos hechos ni reducirlos a titulares pasajeros. Hay que exigir justicia real, protección efectiva y políticas que prioricen la seguridad y el bienestar de los niños por sobre cualquier disputa adulta. 

#InfanciaPrimero #NoMásViolencia #JusticiaParaLosNiños #Temuco #Chile #abogadavaleriaoportus",https://www.instagram.com/abogadavaleriaoportus/reel/DPfBgNRjlwH/
2025-10-06T03:05:15.000Z,3,3,NA,"👉 Un llamado urgente a revisar y fiscalizar profundamente el sistema, para evitar que medidas que deberían proteger terminen destruyendo lazos familiares fundamentales.

#ProtecciónInfantil #DerechosDelNiño #ViolenciaInstitucional #JusticiaFamiliar #CartaAlDirector #DiarioConstitucional #abogadavaleriaoportus",https://www.instagram.com/abogadavaleriaoportus/reel/DPc7gGHjgZQ/
2025-10-05T21:25:33.000Z,5,0,NA,"📌 Comparto el Proyecto de Ley de Abandono Parental o Maternal, impulsado por la diputada Ana María Gazmuri. Una propuesta que busca abordar el incumplimiento sostenido del rol parental y abrir un debate necesario sobre responsabilidad, vínculos y protección de la infancia. 👧👦⚖️

#ProyectoDeLey #AbandonoParental #AnaMaríaGazmuri #InfanciaPrimero #JusticiaFamiliar #DebateLegal #Chile #DerechosDeLosNiños #ResponsabilidadParental #abogadavaleriaoportus",https://www.instagram.com/abogadavaleriaoportus/reel/DPcUnfojncC/
2025-10-05T20:38:19.000Z,3,0,NA,"Aunque la propuesta ha sido valorada por visibilizar una realidad muchas veces silenciada, también ha generado críticas: especialistas advierten que podría desatender el interés superior de los niños, abrir espacio a usos estratégicos en conflictos parentales y no aborda con suficiente profundidad el acompañamiento psicoemocional que estos casos requieren.

Más allá de las posturas, el proyecto nos invita a reflexionar:
👉 ¿Cómo equilibrar la responsabilidad parental, la protección de la infancia y los derechos de ambos progenitores?
👉 ¿Qué rol debe jugar el Estado en garantizar vínculos afectivos sanos y estables?

#AbandonoParental #AnaMaríaGazmuri #InfanciaPrimero #DerechosDeLosNiños #DebateLegal #Familia #LeyChilena #ProyectoDeLey #ReflexiónSocial #JusticiaFamiliar #Chile #abogadavaleriaoportus",https://www.instagram.com/abogadavaleriaoportus/reel/DPcPMrkkaoR/
2025-10-05T15:59:55.000Z,13,0,NA,"Por un lado, se vulneran derechos fundamentales de personas comunes; por otro, se manipulan las estructuras institucionales para favorecer intereses particulares.
👉 En ambos extremos, la justicia deja de actuar como poder autónomo y se transforma en un instrumento, ya sea de errores sistémicos o de redes de poder.

Esto no es menor: cuando el Estado de Derecho se debilita, la justicia pierde legitimidad, y con ello, la confianza social que la sostiene.
De ahí la urgencia de reformas profundas, controles efectivos y una ciudadanía vigilante que no permita que ni la arbitrariedad ni la corrupción se normalicen.

#EstadoDeDerecho #CasoTocornal #CasoHermosilla #abogadavaleriaoportus",https://www.instagram.com/abogadavaleriaoportus/reel/DPbvX2jjkWN/
2025-10-05T12:39:56.000Z,27,2,NA,"Antonia Carrasco, de 20 años, fue asesinada el 24 de septiembre de 2025 por su expareja Pablo Zúñiga Burgos, pese a que el Estado sabía que su vida corría peligro. Antonia había presentado tres denuncias por violencia intrafamiliar, la última en febrero, donde declaró estar en “riesgo vital”. Aun así, las medidas otorgadas —orden de alejamiento, arraigo nacional y resguardo policial por 30 días— fueron meramente formales, sin una protección efectiva y sostenida.

Pablo tenía un extenso prontuario: violencia previa, consumo de drogas, receptación de vehículos y un historial de agresividad conocido por las autoridades. Esa noche, usando como excusa dejar dinero para su hijo, entró a su departamento, la atacó con un cuchillo, hirió al padre de Antonia y luego cayó desde un piso alto al intentar escapar.

⚠️ Este femicidio no fue inesperado: fue advertido. El Estado tuvo toda la información para prevenirlo y falló estrepitosamente. No se trata solo de leyes en el papel, sino de una protección real y oportuna, que en este caso simplemente no existió.
#abogadavaleriaoportus #femicidio #antoniacarrasco #violencia",https://www.instagram.com/abogadavaleriaoportus/reel/DPbYhBajpgR/
2025-10-05T01:41:04.000Z,19,0,NA,"En Chile no se habla lo suficiente de esta brutal realidad:
👉 Padres arrancados de la vida de sus hijos por acusaciones falsas, sin pruebas sólidas, con un sistema que prefiere condenar antes que investigar.

El caso de Jorge Tocornal lo grita con fuerza:
Pasó 9 años preso por una denuncia que terminó siendo falsa. Nueve años de su vida… destruidos.
Murió sin justicia, sin reparación y con el Estado mirando para el lado.

⚠️ Esto no es un error aislado. Es un patrón, es una maquinaria que aplasta familias enteras en nombre de una “protección” que muchas veces ni siquiera protege.

📚 Si aún crees que estas historias son excepciones, lee el libro “Falsas Denuncias” de Javier Rebolledo.
Después de eso, difícilmente podrás seguir mirando hacia otro lado.

#leytocornal #FalsasDenuncias #Mosciatti #abogadavaleriaoportus #tomasmoscatti",https://www.instagram.com/abogadavaleriaoportus/reel/DPaNI9ujr0b/
2025-10-05T00:47:04.000Z,9,0,NA,"A todas y todos quienes llaman, insisten, mandan mensajes y sólo reciben silencio…
A quienes cargan solos con la responsabilidad diaria de criar, alimentar y sostener, mientras el otro evade, desaparece o simplemente corta el teléfono cuando se trata de cumplir.
A quienes han tenido que enfrentar el abandono económico disfrazado de excusas, retrasos y “no tengo”…

Hoy en Chile ya no se trata de un “favor”, se trata de un derecho garantizado por ley. Con la Ley 21.084, 21.389 y 21.484, existen mecanismos concretos para perseguir deudas, retener fondos, inscribir en el Registro Nacional de Deudores y aplicar medidas reales.
Porque el silencio, la evasión y la irresponsabilidad ya no pueden seguir marcando la infancia de miles de niños, niñas y adolescentes.

Esto es por ustedes, por cada llamada no contestada, por cada cuenta que se pagó sola, por cada lucha silenciosa.
Porque exigir lo justo no es venganza, es justicia. #abogadavaleriaoportus #justiciaparatodos #abogadosentiktok #abogadoseninstagram #derechofamiliar",https://www.instagram.com/abogadavaleriaoportus/reel/DPaGzSVjo3N/
2025-10-04T14:19:36.000Z,7,0,NA,"Mientras en Chile aumentan las denuncias falsas en materia de familia, la Asociación de Magistradas Chilenas envía una carta al Presidente de la Corte Suprema para impedir que un Ministro participe en un seminario académico sobre el tema.
En lugar de abrir el debate, buscan instalar una visión única, desestimando investigaciones, testimonios y realidades que hoy afectan a cientos de familias.
¿Negacionismo institucional? ¿Miedo al escrutinio? Lo cierto es que pretenden “tapar el sol con un dedo” en un tema que exige transparencia, discusión abierta y protección real de la infancia. 
#abogadavaleriaoportus #derechofamiliar #derechodefamilia #justicia",https://www.instagram.com/abogadavaleriaoportus/reel/DPY_JJHDmHQ/
2025-10-04T14:01:16.000Z,11,0,NA,"No comparto la afirmación de que las denuncias falsas sean casos aislados. Hoy en día son muchos, demasiados los casos, y las consecuencias son gravísimas.
Las sanciones aplicadas afectan no solo a padres o madres injustamente acusados, sino también a niños, niñas y adolescentes, quienes terminan siendo las principales víctimas de estas situaciones.
La Convención Internacional de los Derechos del Niño nos impone el deber de proteger su bienestar y su infancia, y justamente eso es lo que se está vulnerando cuando se permite que relatos falsos se utilicen sin el debido rigor probatorio.
Frente a este daño profundo a la infancia, no podemos permanecer pasivos: es un deber ético, jurídico y social actuar y tomar todas las medidas conducentes para esclarecer los hechos y sancionar efectivamente las denuncias falsas.
#LeyTocornal #Justicia #FalsasDenuncias #DerechosDelNiño #abogadavaleriaoportus",https://www.instagram.com/abogadavaleriaoportus/reel/DPY9C4GDo17/
2025-10-04T13:38:01.000Z,25,3,NA,"La historia de Jorge Tocornal remueve las bases del sistema judicial chileno. Condenado por una denuncia que años después su propio hijo reconoció como falsa —impulsada y manipulada por su madre—, pasó casi una década en prisión defendiendo su inocencia.
Tras recuperar su libertad, se reencontró con su hijo… y allí, la verdad salió a la luz.
Pese a su incansable lucha por limpiar su nombre, Jorge Tocornal falleció sin ver completamente reparada la injusticia que marcó su vida.
#JorgeTocornal #DenunciaFalsa #Manipulación #Justicia #abogadavaleriaoportus",https://www.instagram.com/abogadavaleriaoportus/reel/DPY6ZrYDkLc/
2025-10-04T12:46:16.000Z,39,0,NA,"Comparto un fragmento que merece ser escuchado con atención.
👉 Javier Rebolledo aborda sin filtros un tema incómodo pero real: las falsas denuncias y el profundo daño que generan en la vida de los niños y sus familias.

Este no es solo un problema individual… 
📌 Se habla del negocio que se mueve detrás de algunas causas:
	•	Organismos colaboradores del SENAME / Servicio Mejor Niñez.
	•	Peritos privados contratados dentro de los juicios.
	•	Instituciones que, en lugar de aclarar, a veces terminan alimentando el conflicto.

Cuando la denuncia se instrumentaliza, los niños dejan de ser protegidos y se transforman en herramientas de poder.

#FalsasDenuncias #JavierRebolledo #JusticiaReal #MejorNiñez #abogadavaleriaoportus",https://www.instagram.com/abogadavaleriaoportus/reel/DPY0dh3DsNl/
2025-10-04T01:55:49.000Z,32,1,NA,"✨ Una de las pocas veces —¡y probablemente la única en una universidad!— en que se habla abiertamente de este tema tan delicado 👏

El video corresponde a una intervención del ministro Diego Simpértigue Limare, actual ministro de la Corte Suprema de Justicia de Chile, quien hoy lidera importantes lineamientos en materia de Infancia y Familia dentro del Poder Judicial 👨‍⚖️⚖️

Lo comparto porque creo que es de relevancia absoluta abrir espacios de conversación serios, informados y responsables sobre este fenómeno, que impacta directamente en la protección de derechos y en la credibilidad de los procesos judiciales.

#Justicia #Familia #Infancia #Derechos #DenunciasFalsas #CorteSuprema #DiegoSimpértigue #Reflexión #YTrataDeSerUnPocoMásDinámico",https://www.instagram.com/abogadavaleriaoportus/reel/DPXqAzIDsxm/
2025-10-04T01:08:35.000Z,9,0,NA,"Siempre escuchamos que “la educación viene de casa”. Y es verdad. Los valores, las responsabilidades y las conductas que mostramos como adultos tienen raíces profundas en lo que vimos en nuestro hogar.

Entonces, cuando una persona decide abandonar a su hij@, desentenderse emocional o económicamente, o simplemente desaparecer, la pregunta es inevitable:
👉 ¿De dónde aprendió que eso era aceptable?
👉 ¿Fue el ejemplo de su padre?
👉 ¿De su madre?
👉 ¿O fue la falta de límites y consecuencias la que le enseñó que podía evadir sus deberes sin consecuencias?

No se trata de justificar, sino de asumir responsabilidad. Ser padre o madre no es opcional ni temporal: es un compromiso legal, moral y afectivo. Y cuando alguien elige no cumplirlo, no solo daña a un niño, también rompe el tejido social y perpetúa patrones de abandono.

📌 La ley es clara: si alguien no quiere cumplir, el sistema jurídico existe para recordarle que no se trata de una elección, sino de una obligación.

#abogadavaleriaoportus #abogadosentiktok #abogadoseninstagram #derechodefamilia",https://www.instagram.com/abogadavaleriaoportus/reel/DPXkklXDk24/
2025-10-02T19:44:00.000Z,18,0,NA,"Un hijo puede decir ‘no quiero verte’… pero al mismo tiempo correr a abrazarte. 💔 Esa disonancia entre lo que dicen y lo que hacen revela algo que pocos se atreven a hablar: la manipulación emocional en los juicios de familia. ⚖️ ¿Crees que la justicia está preparada para detectarlo? 👀👇”

#DerechoDeFamilia #DisonanciaEmocional #AlienaciónParental #AbogadaValeriaOportus",https://www.instagram.com/abogadavaleriaoportus/reel/DPUacZuEbVV/
2025-10-02T14:40:38.000Z,8,0,NA,"📌 Un buen consejo legal, a tiempo, puede ahorrarte problemas

Abogada – Mediadora Familiar 

📲 WhatsApp: +56989674662
📧 Email: abogadaoportus@gmail.com",https://www.instagram.com/abogadavaleriaoportus/reel/DPT3828DjWa/
2025-09-25T02:40:15.000Z,9,6,NA,"Un despido puede llegar de sorpresa y dejarte sin tiempo para reaccionar 😓.
Pero no tienes por qué quedar indefenso. Existe algo llamado “reserva de derechos”, que funciona como un escudo legal 🛡️ para protegerte y poder reclamar después si algo no está bien.

✨ Comenta la palabra “reserva” aquí abajo ⬇️ y te enviaré la cláusula completa para que la descargues y sepas exactamente qué escribir.

🔒 No firmes a ciegas, firma protegido.

#DerechoLaboral #Finiquito #ReservaDeDerechos #AbogadaValeriaOportus #ProtegeTusDerechos #DespidoInjustificado #Chile #Laboral #TipLegal #NoFirmesSinLeer #Despidos #AsesoríaLegal",https://www.instagram.com/abogadavaleriaoportus/p/DPAkAYNDmwn/
2025-09-24T01:46:30.000Z,7,2,NA,"El tiempo solo te da la historia… la sentencia te da el derecho. 

#DatoLegal #CuriosidadesLegales #prescripciónadquisitiva #abogadavaleriaoportus #justiciaparatodos",https://www.instagram.com/abogadavaleriaoportus/reel/DO94-hpjmcE/
2025-09-12T10:47:56.000Z,10,1,NA,"💡 IMPORTANTE: El pago de la pensión de alimentos siempre debe hacerse en la cuenta que estableció el Tribunal. ⚖️
Pagar por otro medio podría traer problemas, como que no se reconozca el abono, se genere una deuda aparente o incluso se inicien apremios en tu contra, ¡aunque hayas pagado! 😱

📲 Si necesitas orientación sobre tu caso, contáctame directamente por WhatsApp al +56 9 8967 4662.

#PensiónDeAlimentos #DerechoDeFamilia #AbogadaValeriaOportus #CumplimientoLegal #ProtegeATusHijos #Justicia #Chile #MediandoJusticia",https://www.instagram.com/abogadavaleriaoportus/reel/DOf9MPJDiGH/
2025-09-11T01:49:19.000Z,16,0,NA,"Muchas parejas comienzan su vida juntas creyendo que todo se construye en equipo: casa, bienes, proyectos… pero en la práctica, todo queda a nombre de uno solo.

Por amor o confianza, se firman papeles sin leer, sin preguntar… y cuando llega el divorcio, la traición no solo es emocional, también legal y patrimonial. ⚖️

✨ Consejo: ¡Confía, pero protégete! Pregunta, asesórate y cuida tu futuro.

#Divorcio #Confianza #DerechoDeFamilia #ProtegeTusDerechos #Separación #Parejas #AmorYDerecho #AbogadaValeriaOportus #ConsejoLegal",https://www.instagram.com/abogadavaleriaoportus/reel/DOca-7SjnCR/
2025-09-04T03:58:24.000Z,8,0,NA,"Ella siempre sonríe cuando te la cruzas en la feria, cuando pasa a dejar a los niños al colegio o cuando comenta en el grupo de WhatsApp de apoderados.
Parece tenerlo todo bajo control.

Pero al llegar a su casa, cierra la puerta… y empieza el infierno.
Los gritos, las humillaciones, los golpes.
Él controla hasta el dinero para el pan.
Si ella quiere salir, debe pedir permiso.
Si se retrasa, la acusa de estar con otro.
Si llora, él dice que está loca.

Una vez intentó denunciar.
Fue a la comisaría, con la cara marcada y el corazón hecho pedazos. Se arrepintió. 

⚖️ La Ley 21.675 dice que el Estado debe prevenir, sancionar y erradicar la violencia contra las mujeres,
pero en la práctica, muchas como ella siguen atrapadas…
no porque quieran callar, sino porque nadie las escucha como deberían.

🔊 Si sabes de alguien que esté viviendo esto, no mires hacia otro lado.
Denuncia.
Tu voz puede salvar una vida.
Porque el silencio protege al agresor, no a la víctima. 🚫

#NoMásViolencia #Ley21675 #DenunciaYa #abogadavaleriaoportus",https://www.instagram.com/abogadavaleriaoportus/reel/DOKoMewjvv7/
2025-08-31T08:09:29.000Z,12,0,NA,"¿No sabes dónde vive el papá o la mamá de tu hijo? 🚫🏠
👉 Igual puedes demandar pensión de alimentos. El tribunal tiene mecanismos para ubicarlo y seguir el proceso.

La ley protege a los niños: el derecho a alimentos no se detiene por no tener una dirección exacta.

#Alimentos #DerechosDeLosNiños  #Justicia #ProtecciónInfantil #abogadavaleriaoportus",https://www.instagram.com/abogadavaleriaoportus/reel/DOAxtVbDg0L/
2025-08-30T02:12:14.000Z,15,1,NA,"Cuando un padre o madre se comporta de manera miserable con sus hijos —es decir, incumple sus deberes de cuidado, afecto o sustento—, no solo vulnera la ley 📜 (que establece obligaciones claras en materia de alimentos, cuidado personal y relación directa y regular), sino que además genera un impacto emocional y social que tarde o temprano se devuelve como un “boomerang”.

👉🏼 Esa es la idea del “karma”: lo que das, vuelve. Si entregas abandono, indiferencia o maltrato, la vida tarde o temprano te lo cobra con la misma moneda.

⚖️ En Derecho familiar existe un principio fundamental: el interés superior del niño. Ignorarlo no solo acarrea sanciones legales (demandas, multas, pérdida de cuidado personal o restricciones de visitas), sino que además trae consecuencias en la vida real: hijos que crecen con dolor, resentimiento o quiebre del vínculo.

En otras palabras:
❌ Tratar mal a tus hijos no queda impune.
✅ La vida y la justicia siempre encuentran la forma de equilibrar la balanza.

⸻

🔑 Recuerda:
“Mientras más miserable seas con tus hijos, más miserable será la vida contigo”.

#InterésSuperiorDelNiño #JusticiaFamiliar #ElKarmaTambiénJuzga #abogadavaleriaoportus #abogadosentiktok #derechofamiliar #abogadoseninstagram #derechodefamilia",https://www.instagram.com/abogadavaleriaoportus/reel/DN9kEMODuH0/
2025-08-29T05:19:51.000Z,27,2,NA,"Si el papá/mamá no paga 💸, el juez ordena que sea el empleador quien descuente directo del sueldo la pensión 👨‍👩‍👧‍👦.
Así, los hijos reciben lo que corresponde sin excusas ✅.

#PensiónDeAlimentos #DerechoDeFamilia #RetenciónJudicial #Justicia #abogadavaleriaoportus",https://www.instagram.com/abogadavaleriaoportus/reel/DN7Us6ijo1Z/
2025-08-23T00:20:15.000Z,11,0,NA,"💡 En la práctica: si tu matrimonio ya terminó y quieres dar el paso, no dependes de la voluntad del otro. Dependes de tu decisión y de hacerlo de la manera correcta.

⚖️ Porque el divorcio no se trata de pedir permiso, se trata de ejercer un derecho.

#DivorcioChile #DerechosFamiliares #DivorcioUnilateral #Separación #DivorcioExpress #Justicia #abogadavaleriaoportus",https://www.instagram.com/mediandojusticia.cl/reel/DNrVsHs4vC5/
2025-08-22T16:38:13.000Z,21,3,NA,"💔✍️ “Él me mintió… pero en los tribunales no. Cada caso de divorcio tiene detrás una verdad que debe ser escuchada y defendida. Si estás pasando por lo mismo, no estás sola: la justicia también se escribe.” ⚖️✨

#Divorcio #DerechoDeFamilia #Abogada #Justicia #abogadavaleriaoportus",https://www.instagram.com/abogadavaleriaoportus/reel/DNqg0uhu_zi/
2025-08-22T16:02:03.000Z,11,0,NA,"Los derechos de los hijos comienzan antes de nacer.
Esto significa que una madre embarazada puede exigir pensión de alimentos.

⚖️ La ley es clara: si el hijo ya tiene derechos, el padre ya tiene obligaciones. No se trata de esperar al nacimiento… la protección comienza desde el primer momento.

💡 Muchas veces, no saberlo juega en contra. Con la asesoría correcta, puedes asegurar desde ya el bienestar de tu hijo y la tranquilidad de tu embarazo.

Porque un hijo no espera, y la justicia tampoco.
✨ Si necesitas orientación, ya sabes dónde encontrarla 😉.

#DerechosDeLosHijos #ProtecciónInfantil #JusticiaConCorazón #abogadavaleriaoportus",https://www.instagram.com/mediandojusticia.cl/reel/DNqcqazx-id/
2025-08-22T12:56:03.000Z,11,0,NA,"En las relaciones humanas pasa lo mismo:
El cariño y el amor se cuidan y disfrutan 💕, no se dominan ni controlan.

Cuando alguien cree que puede “poseer” a la otra persona, está cruzando la línea hacia la violencia 🚫.
El amor jamás debe convertirse en un espacio de miedo o sometimiento.

#NoMásViolencia #ViolenciaIntrafamiliar #DerechoDeFamilia #AmorSano #RespetoMutuo",https://www.instagram.com/mediandojusticia.cl/reel/DNqHarJR0y4/
2025-08-22T03:44:47.000Z,27,0,NA,"Ella es mi querida hijita Valentina 💕, mi primogénita, la que llegó a enseñarme que el amor verdadero no tiene medida ✨. Tiene unas ocurrencias únicas, esas que iluminan mis días y me hacen reír hasta las lágrimas 😂.

La amo con todo mi corazón ❤️, pero no les voy a mentir: hay momentos en que sus ideas y respuestas me dejan tan descolocada que me dan ganas de pedirle un “recurso de protección” contra mí misma antes de vulnerar sus derechos 🤯😂.

Porque así es la maternidad: un constante equilibrio entre el amor infinito y la paciencia infinita 🫠💞.

#AmorDeMamá #PrimogénitaPower #DerechosHumanosInfantiles #HijitosConOcurrencias #ManualDePacienciaNoIncluido",https://www.instagram.com/mediandojusticia.cl/reel/DNpIULPM1Hd/
2025-08-22T02:45:52.000Z,11,0,NA,"Porque en este juego no gana el más fuerte,
sino el que sabe usar la estrategia y la ley a su favor🔥

#NoMeSubestimes #AbogadaEmpoderada #GameOver #Justicia #DerechoConEstilo",https://www.instagram.com/mediandojusticia.cl/reel/DNpBjeDx8qY/
2025-08-21T23:55:09.000Z,9,0,NA,"¿Realmente pensamos en los niños cuando dejamos que los conflictos de pareja los arrastren a una guerra emocional?
La paz entre los padres no es un lujo, es una necesidad. 🌱✨
Quizás el mejor regalo que podemos darles no sea un juguete ni un viaje, sino un hogar libre de batallas. 

👉 ¿Qué opinas tú? ¿Se puede separar el rol de pareja del de padre/madre?

#NiñezProtegida #PazFamiliar #Reflexión #DebateAbierto #AmorQueSana",https://www.instagram.com/mediandojusticia.cl/reel/DNot3vBR1Qk/
2025-08-21T16:09:28.000Z,18,0,NA,"Porque en esta profesión uno se entera de todo: conflictos familiares, demandas, acuerdos secretos y hasta dramas dignos de farándula. La diferencia es que en tribunales no son chismes, son pruebas. 😉

#CahuinesLegales #AbogadaConEstilo #DerechoDeFamilia #YerkoCopuchento #BumBum",https://www.instagram.com/abogadavaleriaoportus/reel/DNn4tNROZ81/
2025-08-11T19:18:18.000Z,14,0,NA,"💼 Trabajando, porque mujer con plata no sufre… ¡resuelve! 💪⚖️
Cuando sabes tus derechos y cómo defenderlos, las ‘penas’ duran lo que un trámite bien hecho. 😉✨

#MujerConPoder #IndependenciaEconómica #Abogada #EmpoderamientoFemenino #SinMiedo #LeyYEstilo #FinanzasParaEllas #MujerQueInspira",https://www.instagram.com/abogadavaleriaoportus/reel/DNOeSj2x5e1/
2025-08-10T16:45:36.000Z,14,2,NA,"💥 Pagaste siempre… y aún así te llaman deudor? 🤯
Este caso es la prueba.

✅ En juicio demostramos la verdad: un padre responsable 💪 víctima de la mala fe de la otra parte.
Porque en tribunales no todo es lo que parece… ⚖️

#PensiónDeAlimentos #JusticiaFamiliar #PadresQueCumplen #DerechoFamiliar #HistoriasReales #DefensaLegal #PadresResponsables #TribunalesDeFamilia #DerechoChile #CasoReal #papitocorazón #deuda #alimentos #pensiondealimentos #tribunaldefamilia",https://www.instagram.com/abogadavaleriaoportus/reel/DNLnv-buMmS/
2025-07-29T19:18:26.000Z,22,0,NA,"Cuando hay para todo, menos para tu hijo… no es falta de recursos, es falta de voluntad.
⚖️ La ley lo llama violencia económica.
🚫 No normalices el abandono.
👩‍⚖️ Yo puedo ayudarte a exigir lo que por derecho le corresponde a tu hijo.
📩 Escríbeme y hagamos justicia.

#JusticiaFamiliar #PensiónDeAlimentos #DerechosDeLosNiños #ViolenciaEconómica #AbogadaDeFamilia #NoMásExcusas",https://www.instagram.com/abogadavaleriaoportus/reel/DMs_671Rtlm/
2025-07-29T00:54:29.000Z,20,0,NA,"✨ Cuando se trata de la pensión de alimentos, no hay atajos.
Si estás en el Registro de Deudores, el tribunal cerrará la puerta antes de que puedas tocarla.
La diferencia entre quedarse atrapado o encontrar una salida está en cómo y con qué argumentos llegas al tribunal.
Porque tus hijos merecen estabilidad, y tú mereces que tu historia sea escuchada con justicia.

📩 Si este tema te toca de cerca, conversemos.

#DerechoDeFamilia #PensiónDeAlimentos #JusticiaParaTodos #FamiliasConDerechos #RegistroDeDeudores #AbogadaDeFamilia #Chile #Justicia #Ley #ProtecciónInfantil",https://www.instagram.com/abogadavaleriaoportus/reel/DMrBcN3uGEN/
2025-07-27T23:29:00.000Z,8,0,NA,NA,https://www.instagram.com/abogadavaleriaoportus/reel/DMoTLiSuuSr/
2025-07-23T08:16:39.000Z,17,0,NA,"Hoy despedimos a una leyenda del rock, Ozzy Osbourne, cuyo legado musical marcó generaciones. 🙏 Su vida fue intensa, rebelde y profundamente humana, con luces y sombras, como muchas historias familiares.

Sus hijos crecieron entre lujos, sí, pero también enfrentaron inestabilidad, exposición mediática y conflictos. Y es que la protección de los hijos va mucho más allá del dinero.

En Chile, el derecho de familia pone el foco en su desarrollo integral: afecto, tiempo, contención emocional y también deberes parentales.

Si estás lidiando con un padre ausente, negligente o conflictivo, no estás sola.
Como abogada, te puedo ayudar a hacer valer los derechos de tus hijos y resguardar su bienestar.

📲 Escríbeme al +56 9 8967 4662.

#OzzyOsbourne #DespedidaConRespeto #DerechoDeFamilia #ProtecciónInfantil #AusenciaParental #JusticiaParaLosHijos #AbogadaValeriaOportus",https://www.instagram.com/abogadavaleriaoportus/reel/DMcXal6OXQu/
2025-07-23T07:58:44.000Z,11,0,NA,"Créeme, no estás sola. Como abogada, lo veo todos los días: papás que desaparecen cuando toca pagar, pero aparecen con excusas dignas de un guion de película.
Si estás cansada de esperar lo que por derecho le corresponde a tu hijo, yo te puedo ayudar. 💪

📲 Escríbeme al +56 9 8967 4662.
Vamos a hacer valer tus derechos ✊✨",https://www.instagram.com/abogadavaleriaoportus/reel/DMcVgiyOEd3/
2025-07-21T04:06:06.000Z,31,2,NA,"🎉✨ ¡Feliz cumpleaños, querida amiga del alma! ✨🎉

Decirte que te quiero 💕 es quedarme corta… porque te amo, te re amo, te requete recontra amo 💖. Eres, sin exagerar, una de las personas más lindas que me dio la vida 🌈. Tenerte a ti es como tener una hermana que no comparte mi sangre, pero sí cada lágrima 😢, cada carcajada 😂 y cada aventura loca 🤪.

Aunque el tiempo ⏳ y la distancia 🛣️ a veces nos juegan en contra, cada instante contigo es un tesoro 💎. Con cada risa, con cada conversación 🗣️, con cada silencio compartido 🤫, vamos construyendo un álbum de recuerdos 📸 que ni el tiempo ni la vida nos van a quitar.

Continúa en los comentarios…",https://www.instagram.com/valoportus/reel/DMWtTJct81V9BFF9a4yRlzpB7pDwSI99mHRjrg0/
2025-07-19T02:37:15.000Z,29,13,NA,"📥 ¿Te gustó? ¡Comenta #Guía o #Mediación y recibe el enlace para descargarla!
Prepárate con confianza y sin enredos 💬✨
#MediaciónFamiliar #PensiónDeAlimentos #GuíaLegal #ConversemosBien #DerechoDeFamilia #abogadavaleriaoportus",https://www.instagram.com/abogadavaleriaoportus/reel/DMRdT-aOpkm/
2025-07-14T00:32:07.000Z,37,0,NA,"Aunque hay sentencias, mediaciones y leyes que protegen ese derecho, la realidad es otra:
🔸 Obstaculizar el vínculo no se sanciona con fuerza.
🔸 Las medidas tardan.
🔸 Y el niño queda atrapado en el medio.

📌 Triste pero cierto:
Es más fácil cambiar una ley que garantizarle a un niño el amor de ambos padres.

¿Y después dicen que el sistema protege a la infancia?

#DerechoDeFamilia #RelaciónDirectaYRegular #InfanciaPrimero #JusticiaLenta #ObstrucciónParental #NiñezConDerechos #ChileDebeCambiar #abogadavaleriaoportus",https://www.instagram.com/abogadavaleriaoportus/reel/DMEXE83OtqQ/
2025-07-13T05:17:38.000Z,12,0,NA,"📢 Decir que no tienes plata NO es excusa.
Tus hijos no comen aire. No viven de tus excusas.
👊 Tener hijos es asumir una responsabilidad, no hacer caridad cuando puedes.
La ley te obliga. Y si no cumples, se te exige.

💬 ¿Qué opinas? ¿Te ha tocado lidiar con alguien que cree que criar es opcional?
Cuéntalo en los comentarios. Que se escuche fuerte.

#NoMásExcusas #TusHijosNoEsperan #PensiónDeAlimentos #JusticiaParaLaNiñez #ResponsabilidadParental #CumpleOResponde #LeyDeAlimentos #NiñezPrimero #LoLegalEsClaro #ComentaYComparte #abogadavaleriaoportus #justiciaparatodos #abogadosentiktok #abogadoseninstagram",https://www.instagram.com/abogadavaleriaoportus/reel/DMCS8WmMBCc/
2025-07-12T16:00:20.000Z,145,69,NA,"Ofrecer $200.000 cuando se gana más de $2.000.000 no es un gesto, es una burla.
La pensión de alimentos no es una limosna, es una obligación legal y un acto mínimo de responsabilidad parental.

¿De verdad cree que con ese monto se cubren salud, educación, vestuario, alimentación y bienestar de un hijo?

La justicia debe dejar de tolerar propuestas humillantes que sólo perpetúan la precarización de la niñez.",https://www.instagram.com/abogadavaleriaoportus/reel/DMA2IcoudxW/
2025-07-09T03:10:45.000Z,26,0,NA,"Rodéate de personas que estarían contigo en un tribunal… aunque no haya juicio.
Esas que conocen tu historia completa, no solo la versión que llega a una carpeta.
Las que te han visto caer, pero también te han ayudado a levantarte.

Porque en la vida —como en el Derecho de Familia— lo que importa no es solo lo que dices, sino quién puede dar fe de lo que has vivido.
Y créeme: los jueces también escuchan cuando detrás de una madre fuerte hay alguien que la sostiene.

No es solo un tema legal. Es un tema lógico:
¿Cómo cuidamos mejor, si estamos completamente solos? ¿Cómo enfrentamos procesos duros sin nadie que nos abrace después de la audiencia?

Por eso:
	•	No minimices tu red de apoyo.
	•	No tengas miedo de mostrar que alguien te acompaña.
	•	Y si un día te toca luchar por tus hijos o por tu paz, hazlo de la mano de quienes han estado contigo cuando nadie más lo hizo.

🌀 Porque a veces la mejor defensa en la vida… es un buen testigo del amor real que te sostiene.

#RedDeApoyo #DerechoDeFamiliaConCorazón #AmistadesQueSostienen #NoEstoySola #FamiliaElegida #JusticiaConEmpatía #ResilienciaFamiliar #VínculosQueProtegen #TestigoDelAmor #JuicioYVida #LuchaPorTusHijos #ConfíaEnTuHistoria #ProcesosConAlma #HumanizarLaJusticia #abogadavaleriaoportus #justiciaparatodos",https://www.instagram.com/abogadavaleriaoportus/reel/DL3w2wFupTS/
2025-07-07T02:32:15.000Z,25,0,NA,"👩‍👧‍👦 Si estás enfrentando temas como pensión de alimentos, visitas, cuidado personal o violencia intrafamiliar, no tienes por qué hacerlo sola.
Estoy aquí para ayudarte a construir una estrategia legal, pero también humana. Porque en estos procesos, la contención emocional y la claridad jurídica van de la mano.

🛑 Dejar todo para después o enfrentar sola una situación legal familiar puede costarte más de lo que imaginas.
📌 Actúa a tiempo, rodéate de las personas correctas y arma tu red. Yo puedo ser parte de ella.

📲 Escríbeme si necesitas orientación o si no sabes por dónde empezar. Estoy aquí para ayudarte.

🔖 #DerechoDeFamilia #AbogadaDeFamilia #RedLegal #CuidadoPersonal #Pensiones #VisitasReguladas #MediaciónFamiliar #NoEstásSola #JusticiaConEmpatía #FamiliaYLey #AbogadaValeriaOportus",https://www.instagram.com/abogadavaleriaoportus/reel/DLyjW2ROqKy/
2025-07-05T00:05:34.000Z,35,3,NA,"🎙️ ¿Ganas el mínimo y quieres saber cuánto podrías pagar de pensión de alimentos? Te lo explico fácil:

📌 Desde el 1 de mayo de 2025, el sueldo mínimo en Chile subió a $529.000, y eso impacta directamente en las pensiones fijadas en pesos.

💬 Entonces, ¿cuánto se paga?

👶 Si tienes 1 hijo, lo orientativo es un 40% del sueldo → $211.600 aprox.

👧👦 Si tienes 2 o más hijos, se suele fijar un 30% del sueldo por cada uno → $158.700 aprox. por hijo

⚖️ ¡Ojo! Estos son montos referenciales. El tribunal siempre va a fijar la pensión según las necesidades reales de los niños y la capacidad económica de los padres.

#SueldoMínimo #PensiónDeAlimentos #LeyDeAlimentos #SubeElMínimo #JusticiaFamiliar #AlimentosChile #PapitosCorazón #DerechoFamiliar #EducaciónLegal #ReformaDeAlimentos #FamiliaYJusticia #ChileLegal #TikTokLegal #AbogadaChile #AbogadaValeriaOportus",https://www.instagram.com/abogadavaleriaoportus/reel/DLtIHGsuZD6/
2025-07-03T00:53:29.000Z,22,0,NA,"La pensión de alimentos no es para la madre, es para los hijos.
Cuando un padre no paga o pone excusas como “no tengo trabajo” o “con 150 mil basta”, está vulnerando ese derecho y ejerciendo violencia económica.

Si te toca vivir esto, no te quedes callada. Busca ayuda, denuncia y protege a los niños. ¡Ellos se lo merecen! 👍🏻

#PensiónParaLosHijos #DerechosDeLosNiños #NoMásViolenciaEconómica #MadresQueLuchan #abogadavaleriaoportus #justiciaparatodos #abogadoseninstagram",https://www.instagram.com/abogadavaleriaoportus/reel/DLoE0J-O0Dz/
2025-07-01T17:05:39.000Z,27,1,NA,"Pedir pensión de alimentos no debería ser una lucha ⚖️💔
No se trata solo de plata, se trata de responsabilidad, de estar presente, de cuidar 🤱👨‍👧‍👦

Lo triste no es la pensión baja…
Lo que realmente duele es tener que ir a tribunales 🧾 para lograr que alguien cumpla con lo más básico: alimentar y cuidar a sus hijos.

Mientras eso pasa, los niños crecen ⏳…
Crecen esperando. Crecen entendiendo que hay que mendigar lo que les corresponde por derecho.
Esto no es solo un tema legal. Es un tema humano ❤️

#PensiónDeAlimentos #InfanciaConDerechos #NoEsLaPensiónEsLaDignidad #ResponsabilidadParental #JusticiaFamiliar #NiñezPrimero #CumpleConTusHijos #abogadavaleriaoportus",https://www.instagram.com/abogadavaleriaoportus/reel/DLkqfCNOB-q/
2025-06-28T21:13:32.000Z,13,0,NA,"No es una simple discusión cuando hay golpes, amenazas y niños presentes. Eso se llama violencia intrafamiliar y tiene consecuencias legales.
Los niños no necesitan ser golpeados para ser víctimas: ver, oír o vivir en el miedo también es maltrato.

📌 No es conflicto de pareja, es delito.
📌 No se negocia el interés superior del niño.
📌 Minimizar la violencia perpetúa el daño.

#ViolenciaIntrafamiliar #NiñezPrimero #NoEsPeleaEsDelito #ProtejamosALosNiños #DerechoDeFamilia #Ley20066 #InfanciaSinMiedo #ParenLaViolencia #abogadavaleriaoportus",https://www.instagram.com/abogadavaleriaoportus/reel/DLdYZ2QuAqK/
2025-06-27T23:26:21.000Z,32,3,NA,"💔 Lo que debería ser una herramienta para proteger, se convierte en una condena sin defensa.

La justicia no puede construirse sobre papeles mal hechos.

✍️ ¿Has vivido una experiencia con informes periciales injustos? Cuéntala. Tu voz importa.

#JusticiaSinRigor #ViolenciaInstitucional
#FamiliasEnRiesgo #PericiasConControl
#TribunalesDeFamilia #NoMásErroresJudiciales
#abogadavaleriaoportus",https://www.instagram.com/abogadavaleriaoportus/reel/DLbCkxvuYL_/
2025-06-27T21:22:27.000Z,24,0,NA,"📍Miles de causas por pensión de alimentos siguen estancadas en los tribunales de familia.
En algunos casos, las liquidaciones demoran hasta 6 meses, impidiendo a madres y cuidadores saber cuánto les deben y cómo exigir el pago.
La ley existe, pero el sistema no tiene capacidad para aplicarla.
💬 Mientras tanto, son los niños y quienes los crían quienes pagan el costo del colapso judicial.

❌ No es burocracia.
⚖️ Es abandono institucional.

#JusticiaEnEspera #PensiónDeAlimentos #CrisisJudicial #ViolenciaInstitucional #FamiliasOlvidadas #Chile2025 #NiñezPrimero 👶🏽📄💔 #abogadavaleriaoportus",https://www.instagram.com/abogadavaleriaoportus/reel/DLa00HnuyoR/
2025-06-27T03:45:18.000Z,6,0,NA,"Como profesional, he visto a muchos padres y madres atravesar procesos judiciales donde sienten que nadie escucha su dolor ni su verdad. Sé que el sistema no está hecho para protegerlos a ellos directamente, sino a los niños, pero también entiendo que para cuidar bien a esos niños, es fundamental escuchar y acompañar a sus padres. No puedo prometer soluciones mágicas, pero desde mi trabajo me esfuerzo cada día por ser esa voz que sí escucha, que entiende y que busca un camino más humano para las familias que lo necesitan.

#EscucharConEmpatía #JusticiaHumana #PadresYNiños #AcompañamientoReal #FamiliasEnProceso #DerechosYSentimientos #TrabajoConCorazón #abogadavaleriaoportus #derechofamiliar #justicia",https://www.instagram.com/abogadavaleriaoportus/reel/DLY7jDduT4N/
2025-06-27T03:29:24.000Z,9,0,NA,"El 2 de junio de 2025, la exjueza Ivonne Gutiérrez (85) fue procesada por asociación ilícita y sustracción de menores, al ser la primera imputada en una red de adopciones ilegales ocurridas en los 70 y 80. Hay más de 1.300 causas activas, revelando cómo el Poder Judicial encubrió crímenes de lesa humanidad por décadas.

#AdopcionesIlegales #CrímenesDeLesaHumanidad #JusticiaParaLosNiños #DóndeEstánLosBebés #NoFueAdopciónFueRobo #ChileNoOlvida #PoderJudicialCómplice #MemoriaYReparación #abogadavaleriaoportus #justiciaparatodos #derechofamiliar",https://www.instagram.com/abogadavaleriaoportus/reel/DLY50mUOF43/
2025-06-26T02:40:37.000Z,9,0,NA,"En todo proceso legal, más allá de los documentos y audiencias, es fundamental que te mantengas centrado en cuatro pilares: estar bien, hacer el bien, verte bien y sentirte bien. Porque no solo se trata de lo que se defiende en tribunales, sino también de cómo te posicionas frente a la vida. Tu bienestar físico y emocional, tu actuar correcto, tu imagen y tu paz interior no solo fortalecen tu causa, sino que también te protegen y te dignifican en el camino. Lo legal es importante, pero tu equilibrio personal lo es aún más.

#ConsejoLegal #BienestarYJusticia #EstarBien #HacerElBien #VerteBien #SentirteBien #AcompañamientoLegal #EquilibrioEnElProceso #AbogacíaConSentido #abogadavaleriaoportus",https://www.instagram.com/abogadavaleriaoportus/reel/DLWPreMuhs9/
2025-06-26T02:18:44.000Z,8,0,NA,"¡Hablemos claro! No más violencia disfrazada de indiferencia.

Cuando alguien deja de pagar la pensión de alimentos no solo está desobedeciendo una orden judicial.

Así lo reconoce el artículo 14 bis de la Ley de Violencia Intrafamiliar, que establece sanciones penales para quienes, con la intención de controlar o menoscabar la posición económica de la mujer, incumplen reiteradamente el pago de alimentos.

🔎 Infórmate.
📣 Denuncia.
⚖️ Exige justicia.

#ViolenciaEconómica #PensiónDeAlimentos #RegistroDeDeudores #Artículo14bis #JusticiaParaLasInfancias #NoMásSilencio #AlimentosNoEsOpcional #abogadavaleriaoportus",https://www.instagram.com/abogadavaleriaoportus/reel/DLWNKLSuC_Y/
2025-06-26T01:42:13.000Z,16,1,NA,"Hay días en que mi trabajo como abogada trasciende lo jurídico…

Ver a una clienta emocionada, con los ojos brillantes y una risa que solo aparece cuando se siente justicia en el alma, me recuerda por qué elegí este camino. 💔⚖️

Acompañarla en su historia, sostenerla en sus momentos más difíciles y finalmente lograr que su entrega, sus años dedicados al hogar y a sus hijos, sean reconocidos… no tiene precio. 🙌🏼👩‍👧‍👦

Porque detrás de cada caso, hay personas reales que merecen ser escuchadas, protegidas y reparadas.
Y cuando la justicia llega, también sana. ✨

🔹 Si estás pasando por un proceso familiar difícil, no estás sola. Busca apoyo.
🔹 Si necesitas orientación, aquí estoy. 💙

#DerechoDeFamilia #JusticiaConCorazón #CompensaciónEconómica #DivorcioJusto #AbogadaDeFamilia #EmocionesQueSanen #JuntasEsPosible #HazValerTusDerechos #abogadavaleriaoportus",https://www.instagram.com/abogadavaleriaoportus/reel/DLWIzpsOSPS/
2025-06-25T01:08:42.000Z,34,0,NA,"✨ Sumándome a la moda de las hadas… entre todas las abogadas, a mí me tocó ser la abog-hada 🧚‍♀️⚖️
Especialista en convertir procesos difíciles en nuevas oportunidades.
¿Necesitas iniciar tu nueva vida? Yo te convierto en la divorci-hada 💼💔➡️🧚‍♀️
Justicia con un toque de magia legal ✨👩🏻‍⚖️",https://www.instagram.com/abogadavaleriaoportus/reel/DLTgDAqOeWt/
2025-06-24T13:31:50.000Z,8,1,NA,"📢 ¿Sigues sin pagar la pensión de alimentos?
Ahora el tribunal puede decirle directo a tu jefe que te descuente el sueldo 💸 y sacar la plata de tus cuentas bancarias si tienes deuda.
No es amenaza, es ley.
Es por los niños, no por capricho. 👶🏼👧🏽

#PensiónDeAlimentos #Ley21484 #RegistroDeDeudores #JusticiaParaLosNiños #NoMásPapitosCorazón #DerechosDeLaInfancia #abogadavaleriaoportus",https://www.instagram.com/abogadavaleriaoportus/reel/DLSQc9YO6g5/
2025-06-24T01:40:24.000Z,8,2,NA,"Antes, al fijar la pensión de alimentos, el juez solo miraba lo que ganaba el padre y la madre y lo que necesitaba el niño.
❌ ¿Y el tiempo, esfuerzo y cuidados diarios? Ni se mencionaban.

Hoy, gracias a la Ley 21.484, eso cambió.
✅ Ahora el juez debe valorar también el trabajo de cuidado que hace quien cría.

Tu tiempo, tu entrega y tu rol como cuidador@ importan. Y la ley lo reconoce.

#CuidadosConValor #Ley21484 #TrabajoNoRemunerado #JusticiaFamiliar #PensiónJusta #ElCuidadoTambiénCuenta #DerechoFamiliar #abogadavaleriaoportus",https://www.instagram.com/abogadavaleriaoportus/reel/DLQ_E9vOoUn/
2025-06-22T03:12:08.000Z,10,0,NA,"Un progenitor abusivo no solo falla en su deber, sino que destruye el entorno emocional fundamental para el desarrollo saludable de niños, niñas y adolescentes.
No basta con gestos superficiales cuando hay violencia y manipulación.
Protejamos su derecho a crecer seguros y libres de miedo.
#InfanciaSegura #CeroViolencia #DerechosDeLaNiñez #abogadavaleriaoportus",https://www.instagram.com/abogadavaleriaoportus/reel/DLL_zOFuy0V/
2025-06-22T01:06:55.000Z,5,0,NA,"📸 Puedes tener el Instagram lleno de fotos con tu hijo, pero si no estás cuando realmente te necesita… 💔 eso no es paternidad, es teatro.

👀 Tus hijos no necesitan filtros ✨, necesitan tiempo ⏰, amor ❤️ y compromiso 🤝.

🧠 Los “likes” 👍 no reemplazan abrazos 🤗, ni las stories 📱 construyen vínculos verdaderos.

👉 Ser papá o mamá es todos los días 🗓️, no solo los fines de semana… y mucho menos solo en las fotos 📷.

#PresenciaReal #ResponsabilidadParental #DerechosDelNiño #NoMásAusencias #PaternidadConsciente #abogadavaleriaoportus",https://www.instagram.com/abogadavaleriaoportus/reel/DLLxqNTOewK/
2025-06-22T00:44:41.000Z,7,0,NA,"No era falta de dinero.
No era que no pudieras.
Era que no querías.

Porque cuando se trata de evadir responsabilidades, hay quienes se vuelven expertos en excusas. Pero cuando entra a escena el tribunal, mágicamente aparece el dinero que “no estaba”.

#PensiónDeAlimentos #ResponsabilidadParental #NoMásExcusas #JusticiaParaL@sNiñ@s #SíPodías #abogadavaleriaoportus 
👉 Exige lo justo. Ell@s lo merecen.",https://www.instagram.com/abogadavaleriaoportus/reel/DLLvG7oOxtM/
2025-06-21T04:56:44.000Z,5,0,NA,"❌ ¡FALSO! Estar cesante no es excusa.
El derecho de los hijos a recibir pensión está blindado por ley y la responsabilidad de mamá o papá no se suspende por excusas.

👨‍👧‍👦 Los hijos no dejan de comer, de crecer ni de tener necesidades. 

🎯 Ser mamá o papá es una responsabilidad constante. La obligación de pagar alimentos también.

La Ley 14.908 sobre Abandono de Familia establece una presunción: el progenitor se presume con medios para pagar. Esto invierte la carga de la prueba: quien debe acreditar incapacidad es el alimentante, no el menor ni su madre.

La misma ley fija un piso: al menos 40 % del ingreso mínimo por un hijo (30 % por cada uno si son varios). Es un umbral pensado para asegurar lo esencial mientras se define la cifra definitiva.

#PensiónDeAlimentos #ResponsabilidadParental #DerechosDeNiños #NoMásExcusas #NiñezPrimero #abogadavaleriaoportus",https://www.instagram.com/abogadavaleriaoportus/reel/DLJm5MmMj6m/
2025-06-20T14:29:33.000Z,7,0,NA,"🛑 Porque cuando todo se puede denunciar sin responsabilidad, la justicia deja de ser justicia.

¿Tú qué opinas?
#DenunciaFalsa #JusticiaReal #ProyectoDeLey #InocenteHastaQueSePruebeLoContrario #VerdadImporta #ChileDespierta #NoTodoVale #abogadavaleriaoportus",https://www.instagram.com/abogadavaleriaoportus/reel/DLID09MuOMc/
2025-06-20T00:27:45.000Z,15,0,NA,"Cuando la justicia se convierte en un campo de batalla donde se disparan denuncias falsas, nadie gana. Se daña la credibilidad del sistema, se perjudica a las verdaderas víctimas y se desvían recursos que deberían proteger derechos reales. Usar los tribunales con mala fe no es estrategia: es una forma de violencia.

#JusticiaConResponsabilidad #NoALasDenunciasFalsas #DerechosHumanos #ViolenciaJudicial #VerdadYJusticia #abogadavaleriaoportus",https://www.instagram.com/abogadavaleriaoportus/reel/DLGjjMAuBhh/
2025-06-18T03:14:58.000Z,15,0,NA,"Escuchamos, pero no juzgamos:
Esa mujer elegante de los años 20 representa más que una época: representa a todas aquellas que enfrentaron en silencio la violencia, la desigualdad y las renuncias impuestas. Su vestimenta habla de glamour, pero su mirada calla historias que nunca llegaron a tribunales. Hoy, a pesar de los avances, muchas siguen luchando en silencio, invisibilizadas por estereotipos o revictimizadas por sistemas que aún no las escuchan como corresponde. Este caso no es aislado, es parte de una cadena histórica de injusticias que exige ser reconocida, visibilizada y reparada.

#NiUnaMenos #JusticiaConPerspectivaDeGénero #EscuchamosPeroNoJuzgamos #abogadavaleriaoportus #justiciaparatodos #abogadosentiktok #abogadoseninstagram #derechofamiliar",https://www.instagram.com/abogadavaleriaoportus/reel/DLBtJO1uXFv/
2025-06-18T02:23:42.000Z,17,6,NA,#abogadavaleriaoportus,https://www.instagram.com/abogadavaleriaoportus/reel/DLBnWvrO4nE/
2025-06-16T01:15:15.000Z,10,0,NA,#abogadavaleriaoportus,https://www.instagram.com/abogadavaleriaoportus/reel/DK8V6Tru2KB/
2025-06-16T00:07:32.000Z,13,2,NA,#abogadavaleriaoportus,https://www.instagram.com/abogadavaleriaoportus/reel/DK8OLwduEbN/
2025-06-15T20:38:12.000Z,20,0,NA,"Se nos ha enseñado a asociar ausencia con abandono, y muchas veces no nos detenemos a preguntar por qué un padre no está presente.

¿Y si no es porque no quiere?
¿Y si es porque no lo dejan?

Hay padres que lo intentan todo: conciliación, visitas, acuerdos, incluso renunciar a derechos personales con tal de seguir en la vida de sus hijos. Y aun así, enfrentan trabas legales, manipulaciones emocionales, y un sistema que los juzga con más dureza solo por ser hombres.

Por eso, esta frase invita a completarla:

❓ ¿Por culpa de qué o quién crees que muchos buenos padres no pueden ver a sus hijos?
¿Del sistema judicial?
¿De prejuicios sociales?
¿De una denuncia instrumental?
¿De una cultura que no les cree cuando quieren ser cuidadores?

🗣️ Te invito a responderla, completarla y debatirla. Porque si queremos una sociedad con paternidades reales, primero tenemos que dejar de estigmatizarlas. 

#DíaDelPadre #PaternidadPresente #PadresInvisibles #NoMásEstigmas #PadresQueLuchan #CorresponsabilidadParental #PaternarEsResistir #JusticiaFamiliar #NiUnaInfanciaSinSuPadre #PadresReales #IgualdadParental #PaternidadSinJuicios
#abogadavaleriaoportus #abogadoseninstagram #abogadosentiktok #justiciaparatodos #justicia",https://www.instagram.com/abogadavaleriaoportus/reel/DK72BTIxyHl/
2025-06-15T18:27:08.000Z,12,0,NA,#abogadavaleriaoportus,https://www.instagram.com/abogadavaleriaoportus/reel/DK7nO8zu1yL/
2025-06-15T16:09:54.000Z,802,22,NA,"⚠️ Generalizar solo alimenta el odio y borra a los buenos padres que sí luchan por sus hijos.
⚖️ Generalizar es un error grave. No todos los padres son ausentes, negligentes o agresivos.
👨‍👧‍👦 Muchos hombres luchan día a día por estar con sus hijos, involucrarse en su crianza y ser una figura estable en sus vidas.

📂 En los tribunales de familia, he visto cómo el prejuicio puede jugar en contra de padres presentes, responsables y afectuosos, solo por cargar con el peso de estereotipos que no les corresponden.

📅 Este Día del Padre no se trata de justificar ausencias, sino de visibilizar presencias reales.
💪 Las de quienes acompañan, sostienen, educan y cuidan con amor y constancia.

❌ Desprestigiar a todos los padres por errores de algunos solo daña a los niños que sí tienen un papá comprometido a su lado.

🚫 No confundamos justicia con ideología, ni reparación con odio.

#DíaDelPadre #PapásPresentes #CrianzaConAmor #JusticiaFamiliar #NoTodosSonIguales #DerechosDeLosNiños #PaternidadActiva #FamiliasQueImportan  #PadresQueCrían #NoMásPrejuicios #TribunalesDeFamilia #NiñezProtegida #EquilibrioJudicial
#abogadavaleriaoportus",https://www.instagram.com/abogadavaleriaoportus/reel/DK7XbnoOQnP/
2025-06-15T14:46:41.000Z,7,3,NA,"La presencia activa de un papá en la vida de sus hijos no se mide solo por el tiempo que comparte, sino por cómo ese tiempo transforma emocionalmente a los niños y niñas.

Un papá presente da seguridad, construye identidad, enseña a amar y también a poner límites con respeto. La paternidad no es un rol secundario: es un pilar del desarrollo afectivo y psicológico infantil.

Hoy celebramos a los papás que están, que cuidan, que contienen y que se involucran con el corazón. Porque el amor de un padre también deja una huella profunda.

🟣 Porque los niños y niñas necesitan vínculos seguros, no solo presencias formales.

#DíaDelPadre #PaternidadActiva #InfanciaProtegida #PresenciaQueTransforma #NiñezConDerechos #FamiliasConAmor #DerechosDeLosNiños #RolPaterno #VínculoPadreHijo #CrianzaRespetuosa #PapásQueCuidan #AmorPaterno #ConAmorSeCrianMejor #abogadavaleriaoportus #justiciafamiliar",https://www.instagram.com/abogadavaleriaoportus/reel/DK7N6YXu6Nj/
2025-06-12T01:11:36.000Z,12,0,NA,"Acompaño a personas rotas por dentro.
A padres que no saben cómo seguir,
a madres agotadas, a niñas y niños que han visto demasiado,a adolescentes que ya no creen en nadie,a abuelos que sienten que ya no cuentan.

En este trabajo no hay guiones, solo historias reales, dolorosas, profundas.

Historias donde a veces hay gritos… y otras, un silencio que pesa más que cualquier palabra.

Y aunque sé que no puedo cambiar todo,
sí puedo estar ahí, presente. Preguntar lo que nadie pregunta. Escuchar lo que el sistema no quiere oír. Sostener sin juicio. Defender sin violencia.

Trabajo con leyes, sí…pero también con empatía. Porque detrás de cada carpeta hay una vida, un padre que quiere estar,
una madre que no puede más, un niño que merece crecer sin miedo.

Yo no vengo a salvar a nadie.
Vengo a caminar al lado.
A pelear lo que es justo.
A recordarle al sistema que el dolor no se archiva.

Porque cuando la justicia nace del alma,
no se rinde,
no se vende,
y no se calla.

#JusticiaConAlma #DerechoDeFamilia #VidasQueImportan #NiñezSinMiedo #PadresPresentes #MadresAgotadas #AbogacíaEmpática #NoMásSilencio #AcompañarTambiénEsDefender #HistoriasReales #ProtecciónSinJuicio #abogadavaleriaoportus #justiciaparatodos #abogadosentiktok #abogadoseninstagram #derechofamiliar #proteccióninfantil",https://www.instagram.com/abogadavaleriaoportus/reel/DKyCIygulrK/
2025-06-11T02:00:37.000Z,17,0,NA,"He estado en muchas arenas de batalla jurídica. No llevo espada ni armadura… llevo historias. Historias de madres y padres agotados, de niñ@s con miedo, de adolescentes confundidos, de adultos mayores olvidados. Historias que no caben en un expediente, pero que merecen justicia. 

Aprendí a escuchar lo que no se dice, 
a leer el alma cuando el conflicto habla más fuerte que las palabras. Y a proteger sin gritar, sin herir, pero con toda la firmeza del amor y del derecho. 

No defiendo casos. Defiendo vidas. 
Y si tú también crees que la justicia familiar debería doler menos y cuidar más,
entonces no mires hacia otro lado. 
Escucha. Acompaña. Cuida. Denuncia. Lucha. 

#DerechoDeFamilia #JusticiaConAlma #MujerAbogada #EmpoderamientoFemenino #JusticiaParaTodos #ProtecciónFamiliar #ViolenciaIntrafamiliarNo #VozDeLaJusticia #AcompañamientoLegal #DerechosDeLaInfancia #AbogadaEnTribunales #MujerPoderosa #LeyYCorazón #JusticiaSocial #TransformarElSistema #abogadavaleriaoportus #justiciaparatodos #abogadosentiktok #abogadoseninstagram",https://www.instagram.com/abogadavaleriaoportus/reel/DKvi8KcuyNb/
2025-06-08T20:29:17.000Z,21,0,NA,"Acompañar a personas en medio de conflictos familiares difíciles y dolorosos 💔 no requiere magia ✨, sino compromiso, estrategia y humanidad 🤝.
Mi trabajo como abogada ⚖️ es construir acciones legales sólidas 📑, basadas en hechos claros y pruebas firmes 🔍, para detener el abandono 🚫, proteger a los niños y niñas 👧👦, y recuperar derechos que nunca debieron ser vulnerados 🛡️. Porque detrás de cada caso hay una historia que merece justicia ⚖️… y alguien que no puede esperar más ⏳.

#DerechoDeFamilia #JusticiaParaEllos #ProtecciónInfantil #NoMásAbandono #AbogadasQueLuchan #EmpoderamientoLegal #FamiliasConDerechos #InterésSuperiorDelNiño #DemandasConSentido #NiñezPrimero #AbogacíaConPropósito #DetrásDeCadaCaso #NiUnaNiñezMenos #JusticiaFamiliar #MaternidadYJusticia #abogadavaleriaoportus #justiciaparatodos #abogadosentiktok #abogadoseninstagram #derechofamiliar #proteccióninfantil #justicia",https://www.instagram.com/abogadavaleriaoportus/reel/DKpzmXPxKHT/
2025-06-08T14:58:44.000Z,10,0,NA,"⚖️ Tanto la madre como el padre tienen deberes legales: alimentarlos, protegerlos, darles estabilidad y afecto. Y no, la corresponsabilidad no es opcional. Está en la ley y está en la vida. Si uno falla, el otro no puede compensarlo todo.

🛑 Así que antes de desaparecer, no pagar pensión, o visitar “cuando tengo ganas”, recordá: no es un favor, es tu obligación. Y si no lo haces, la justicia sí puede intervenir.

💬 Porque los niños no son de juguete. Y sus derechos no se apagan cuando se termina el amor de los adultos.

#abogadavaleriaoportus #justiciaparatodos #abogadosentiktok #abogadoseninstagram #derechofamiliar #proteccióninfantil #justicia #derechodefamilia",https://www.instagram.com/abogadavaleriaoportus/reel/DKpN0BMuw9C/
2025-06-07T06:17:48.000Z,35,3,NA,#deudadealimentos #cobrala,https://www.instagram.com/abogadavaleriaoportus/reel/DKltUvus5U7/
2025-06-06T18:20:25.000Z,16,1,NA,"Bienvenido viernes 😅😍
#abogadavaleriaoportus #justiciaparatodos #abogadosentiktok #abogadoseninstagram #justicia #derechofamiliar #abogadosdefamilia",https://www.instagram.com/abogadavaleriaoportus/reel/DKkbRYVu-bc/
2025-06-06T03:07:55.000Z,9,0,NA,"La compensación económica NO es automática.
No basta con divorciarte para que te la den:
👉 Tienes que pedirla expresamente en el juicio.

Si no lo haces en el momento correcto, la pierdes para siempre.#abogadavaleriaoportus #justiciaparatodos #abogadosentiktok #abogadoseninstagram #derechofamiliar #proteccióninfantil #justicia",https://www.instagram.com/abogadavaleriaoportus/reel/DKiytPlO6Bi/
2025-06-04T22:45:18.000Z,17,0,NA,"Muchas personas viven en pareja durante años 👩‍❤️‍👨, crían hijos 👶, compran cosas en conjunto 🛒🏠, hacen vida de familia 🧺… pero nunca formalizan legalmente su relación con un matrimonio 💍.

Cuando una de las partes —generalmente quien ha invertido más emocional ❤️ o económicamente 💸— propone formalizar el vínculo o casarse 💑, la otra parte desaparece 🏃‍♂️, se congela ❄️ o simplemente “se hace el Moái” 🗿: no responde, no se compromete, y muchas veces, abandona 💔. 

#abogadavaleriaoportus #justiciaparatodos #abogadosentiktok #abogadoseninstagram #derechofamiliar #proteccióninfantil #justicia #derechodefamilia #abogadosdefamilia #derechosdelosniños",https://www.instagram.com/abogadavaleriaoportus/reel/DKfv2w8uyxw/
2025-06-04T19:52:46.000Z,16,0,NA,En otras palabras: tú tienes el control de quién entra a tu vida y cuánto poder les das sobre ti. Es un recordatorio sobre poner límites y cuidar tu bienestar emocional. #abogadavaleriaoportus #justiciaparatodos #abogadosentiktok #abogadoseninstagram #derechofamiliar #proteccióninfantil #justicia #vif,https://www.instagram.com/abogadavaleriaoportus/reel/DKfcQotx1qO/
2025-06-02T00:47:11.000Z,8,0,NA,"Yo celebrando discretamente la sentencia 😌📜… mientras recuerdo cuando la otra parte decía: “esa demanda no tiene futuro” 👀. Y bueno… ahora tiene sentencia en contra ⚖️. A veces no hace falta gritar la victoria, basta con una buena estrategia, un escrito bien hecho y dejar que el tribunal hable por ti 💼🧠. Porque sí, el derecho también es estrategia y justicia. Si te gustó, guarda este reel o compártelo con esa colega que entiende lo que se siente 💬🙌

#SentenciaAFavor #ReelJurídico #DerechoConEstilo #EstrategiaLegal #AbogadasQueBrillan #NoSubestimesElEscrito #SíSePudo #JusticiaReal #abogadavaleriaoportus #justiciaparatodos #abogadosentiktok #abogadoseninstagram",https://www.instagram.com/abogadavaleriaoportus/reel/DKYPabMOaFd/
2025-06-01T21:14:57.000Z,7,0,NA,"💔 Muchos acuerdos que parecen “consensuados” en realidad son decisiones tomadas desde el miedo o la manipulación.
Y sí, esos papeles después se usan en tu contra… 📉

❌ No se firma sin entender sus efectos.

👁️‍🗨️ Un mal acuerdo hoy… puede ser un gran problema mañana.

#CuidadoPersonal #AcuerdosEnMediación #ErroresLegales #NoFirmesSinSaber
#HumorJurídico #LoQueCallamosEnDerechoDeFamilia #ReelEducativo #FirmaConCriterio #abogadavaleriaoportus #justiciaparatodos",https://www.instagram.com/abogadavaleriaoportus/reel/DKX2_yFuUXf/
2025-05-31T00:20:47.000Z,7,0,NA,"❌ No se trata de quién gana…
🧸 Se trata de quién CUIDA.

Muchos llegan al tribunal pensando que es una competencia: “Yo crié sola”, “Él no va a quitármelos”, “Yo tengo más derechos”, “Tengo mejor trabajo…”
Pero la ley dice otra cosa:💥 El cuidado personal no es un premio. Es una responsabilidad.
Y el centro debe ser uno solo: 👦👧 el bienestar del niño o niña.

⚖️ El Código Civil es claro:📌 Art. 225 → Se prioriza a quien puede ofrecer vínculos sanos, contención emocional y estabilidad.
👉 No importa cuánto grites o cuánto inviertas en el juicio. Importa cómo CUIDAS.

💬 Y atención: también importa quién te representa. Porque sí, hay abogados que ayudan a resolver…
🙅‍♀️ Y hay otros que alimentan el conflicto para alargar el proceso y fracturar aún más a la familia.

💡 Busca un abogado o abogada que esté en tu misma sintonía.
Alguien que no solo conozca la ley, sino que la use para proteger a los niños, no para castigar al otro adulto.

📞 Consulta. Infórmate. Actúa con conciencia.
🧠 El Derecho de Familia no es un campo de batalla. Es una herramienta para proteger lo que realmente importa.

#CuidadoPersonal #DerechoDeFamiliaConConciencia #CustodiaResponsable #InterésSuperiorDelNiño #FamiliasQueCuidan #AbogacíaÉtica #EligeBienTuAbogado #ProtegeLoQueImporta #abogadavaleriaoportus #justiciaparatodos #abogadosentiktok #derechofamiliar",https://www.instagram.com/abogadavaleriaoportus/reel/DKTCsZkOYo1/
2025-05-30T20:44:55.000Z,7,0,NA,"📲 “Cuando tus hijos crezcan, van a saber todo lo que hiciste para alejarme de ellos…”

Este tipo de mensaje, que a veces llega por WhatsApp o redes sociales, puede parecer solo una frase enojada. Pero en el contexto adecuado, puede ser mucho más que eso.

🔍 Aquí hay dos eventuales escenarios frecuentes:

1️⃣ Un padre o madre que se siente frustrado por no tener contacto con sus hijos, y que actúa desde la rabia, sin asesoría, enviando mensajes cargados de emociones que pueden terminar perjudicándolo aún más.

2️⃣ Un intento claro de manipulación y control emocional, especialmente cuando la persona que recibe estos mensajes ya ha vivido situaciones de maltrato o cuenta con una medida cautelar de protección.

⚠️ Ojo: Aunque exista una prohibición de acercamiento, muchas veces no incluye expresamente los mensajes electrónicos. Pero si esos mensajes son intimidantes, insistentes o buscan generar miedo o culpa, sí pueden denunciarse y podrían llevar a una ampliación de la medida.

📌 Por eso, no hay que restarle importancia.
Lo importante es el contexto, la intención y cómo afecta a quien lo recibe.

💬 ¿Te han llegado mensajes así? ¿Enviaste este tipo de mensajes?
📝 Déjanos tu pregunta en los comentarios o escríbenos por interno.
⚖️ No todo se resuelve ignorando. A veces, actuar a tiempo lo cambia todo. 

#ViolenciaVicaria #DerechoDeFamilia #VIF #CustodiaResponsable #JusticiaFamiliar #MedidasCautelares #HostigamientoDigital #ProtecciónLegal #PadresManipuladores #MadresManipuladoras #NoMásViolencia #ConvivenciaSana #AbogadaDeFamilia #FamiliaEnConflicto #ProhibiciónDeAcercamiento #MensajesTóxicos #ControlEmocional #AsesoríaLegal #LímitesDigitales #RedesYViolencia #abogadavaleriaoportus",https://www.instagram.com/abogadavaleriaoportus/reel/DKSp204ROwb/
2025-05-29T00:18:01.000Z,25,3,NA,"📢 Elegir mal al padre de tus hijos ya trajo suficientes problemas…
¡No sumes otro error eligiendo mal a tu abogado! ⚖️💔

Las dificultades no solo vienen del incumplimiento de la pensión de alimentos 💸, sino también de una mala defensa legal. Tu tranquilidad —y la de tus hijos— depende de una representación firme, clara y comprometida.

✅ Exige lo que corresponde.
✅ No justifiques lo injustificable.
✅ Actúa con decisión.

🔔 ¡Es hora de tomar acción!

#DemandaDeAlimentos #JusticiaFamiliar #NoMásPapitosCorazón #NoMasMamitasCorazón #DerechosDeLosNiños #AbogadaDeFamilia #CumpleConTusHijos #ProtegeSusDerechos #PensiónAlimenticia #AlimentosYa #abogadavaleriaoportus #justiciaparatodos #abogadosentiktok #abogadoseninstagram #derechofamiliar",https://www.instagram.com/abogadavaleriaoportus/reel/DKN41BDuZbC/
2025-05-27T23:35:13.000Z,10,0,NA,"Si estás usando cachetadas como estrategia de reconciliación, no necesitas un terapeuta: necesitas un abogado y una orden de alejamiento urgente.
Porque el amor no se demuestra con golpes… ni aunque vengan con acento francés.

👉 ¿Te suena familiar? No normalices la violencia. Infórmate, denúncialo y protege tus derechos.

#ViolenciaIntrafamiliar #NoEsAmorEsViolencia #DerechoDeFamilia #JusticiaConHumor #AbogadaConSarcasmo #HumorLegal #RelacionesTóxicas #Macron #Brigitte #CachetadasNoGracias #Ley20066 #ChileLegal #EducaciónLegal #StopViolencia #abogadavaleriaoportus",https://www.instagram.com/abogadavaleriaoportus/reel/DKLPWxyuQ8e/
2025-05-27T17:32:24.000Z,6,0,NA,"No pagaste la pensión de alimentos? Pues te cuento que lo que acumulaste no es una simple “deuda entre ex”, es una obligación judicial líquida, exigible, y reajustable.
Sí, reajustable conforme la UTM, así que cada mes que no pagas… sube como el pan.

Y si pensabas que no pasa nada, ¡sorpresa! Con 3 meses consecutivos o 5 discontinuos impagos, entras directo al Registro Nacional de Deudores de Pensiones de Alimentos. 📝
¿Y qué pasa cuando entras ahí? Te conviertes en el protagonista de tu propia pesadilla legal:

🚫 Te pueden retener la devolución de impuestos.
🏦 Te embargan directamente desde tus cuentas bancarias o APV.
🛫 ¿Renovar pasaporte o licencia de conducir? Olvídalo.
🧾 ¿Ser proveedor del Estado? Chao.
📉 Y si no hay plata, pueden ir por tu AFP. Sí, tu jubilación también paga lo que debiste dar como padre o madre.

💬 “Es que estoy sin trabajo…”
💬 “Ella gana más que yo…”
💬 “Yo le doy cariño…”

❌ El tribunal no acepta emociones como método de pago. 

🔴 ¡Hazte responsable hoy!
No es solo legal, es moral. Y si no lo haces, el sistema sí se encarga por ti… y sin tanto cariño.

#Ley21.484 #PensiónDeAlimentos #Deudores #JusticiaFamiliar #AlimentosReajustables #SíSePuede #CumpleOElRegistroTeEncuentra #abogadavaleriaoportus #justiciaparatodos #abogadosentiktok #abogadoseninstagram #derechofamiliar",https://www.instagram.com/abogadavaleriaoportus/reel/DKKlvRdO6as/
2025-05-26T15:48:35.000Z,18,5,NA,"La alienación parental se refiere a conductas sistemáticas de uno de los progenitores (usualmente quien tiene el cuidado personal) orientadas a interferir, obstaculizar o destruir la relación del hijo con el otro progenitor. Estas acciones incluyen desacreditación, manipulación emocional y obstrucción del régimen de visitas.

Aunque el término “Síndrome de Alienación Parental” (SAP), propuesto por Richard Gardner, ha sido duramente cuestionado y no tiene reconocimiento clínico oficial, la conducta de alienación parental sí ha sido reconocida por la jurisprudencia chilena como una vulneración al interés superior del niño.

En una sentencia comentada por Sebastián Correa Alvear (Revista Debates Jurídicos y Sociales, 2024), la Corte de Apelaciones de Concepción abordó un caso donde la madre obstaculizaba sistemáticamente el vínculo entre la hija y su padre. La Corte modificó el cuidado personal a favor del padre, considerando que las acciones de la madre constituían una forma de maltrato psicológico.

Este tipo de casos pone en evidencia la necesidad de reconocer jurídicamente la alienación parental como una forma de interferencia grave en el desarrollo emocional del niño, aún sin adherir al cuestionado concepto clínico del SAP.

📚 Referencia: Correa Alvear, Sebastián (2024). “El régimen de relación directa y regular y el síndrome de alienación parental en Chile.” Revista DJS, n.º 9, pp. 111–127. 
Si quieres ver el artículo comenta la palabra ➡️ Alienación",https://www.instagram.com/abogadavaleriaoportus/reel/DKHt4i2ONZq/
2025-05-23T13:02:43.000Z,7,0,NA,"En mediación, a veces se hacen peticiones que parecen más de cuento que de la vida real. 📜✨ 
La mediación es un espacio para llegar a acuerdos justos y posibles, basados en la situación económica real de cada parte. 💼⚖️

Pedir más de lo que se puede es perder tiempo y energía, y no ayuda a proteger lo que realmente importa: los derechos y bienestar de los hijos y la familia. 👨‍👩‍👧‍👦❤️

Si te sientes abrumado/a por demandas exageradas, no te preocupes, no eres el único… hasta nuestro pato amigo 🦆 se pregunta si no llegó a la reunión equivocada. 😉

Recuerda, la clave es negociar con realismo y buscar soluciones que realmente funcionen para todos. 🤝

#DerechoDeFamilia #Mediacion #AcuerdosJustos #BienestarFamiliar #AbogadaEnAccion #TipsLegales #FamiliaPrimero #HumorLegal #ElPatoLoSabe #abogadavaleriaoportus #justiciaparatodos #abogadosentiktok #abogadoseninstagram #derechofamiliar #proteccióninfantil #justicia #abogadosdefamilia",https://www.instagram.com/abogadavaleriaoportus/reel/DJ_ztyhOiPw/
2025-05-20T14:13:38.000Z,23,1,NA,"🧾 Pagar la pensión de alimentos no convierte a nadie en ejemplo de responsabilidad.
Así como lavar un plato no significa que se limpió toda la casa.
Cumplir una obligación no es un mérito, es simplemente… cumplir con lo que exige la ley.

⚖️ En Chile, la pensión de alimentos está regulada en el Código Civil, artículos 321 y siguientes.
Es un derecho del niño, niña o adolescente, y una obligación legal para quien debe proveerla, sin importar si es padre o madre.
La responsabilidad parental es compartida, y su incumplimiento genera consecuencias legales concretas.

📌 ¿Qué incluye la pensión?
Alimentación, educación, salud, vestuario, vivienda y todo lo necesario para el desarrollo integral del hijo o hija.
Y es mensual, no eventual. No depende de si la persona “puede” o “quiere”, sino de su capacidad económica actual.

📉 El incumplimiento no se borra con una transferencia ocasional.
Cada cuota impaga genera deuda, y esta puede ser liquidada judicialmente.
Las sanciones incluyen retención de fondos, embargo, arraigo, e incluso suspensión de licencia de conducir 🚫🚗

👶 La pensión no es para el/la otro/a progenitor/a. Es para quien más lo necesita: el hijo o hija.

Cumplir de forma íntegra, regular y oportuna no es una opción.
Es un deber legal y un acto mínimo de responsabilidad afectiva y económica.

#PensiónDeAlimentos #DerechoDeNiños #ResponsabilidadParental #DerechoFamiliar #CódigoCivil #JusticiaFamiliar #ObligaciónLegal #InterésSuperiorDelNiño #EducaciónLegal #FamiliaYJusticia #CumpleTuDeber #ProtecciónInfantil #NiñezPrimero #abogadavaleriaoportus #justiciaparatodos #abogadosentiktok #abogadoseninstagram",https://www.instagram.com/abogadavaleriaoportus/reel/DJ4NbBpuGpV/
2025-05-19T16:33:53.000Z,19,0,NA,"¡Atención! Si en redes sube fotos en la playa, pero en tribunales dice que no tiene ni para el colectivo… Houston, tenemos un problema.
📌 Consejo legal: Se puede solicitar al tribunal que revise ingresos, incluso si son informales.
¿Cuál es la mejor actuación de tu ex frente al juez? Leo el casting abajo 🎬👇",https://www.instagram.com/abogadavaleriaoportus/reel/DJ14gptOcZG/
2025-05-19T12:54:25.000Z,8,0,NA,"💡 La clave:
Tus derechos terminan donde empiezan los del otro. La libertad no es hacer lo que quieras, es actuar sin pasar por encima de nadie.

📌 Consejo legal:
Antes de decir, publicar o hacer algo, pregúntate: ¿Estoy afectando a alguien más? Si la respuesta es sí… mejor piénsalo dos veces. 

#LibertadConLímites #DerechosYDeberes #ConsejoLegal #RespetoMutuo #Civismo #NoTodoVale #CaminaLaLínea 🧠⚖️ #abogadavaleriaoportus #justiciaparatodos #abogadoseninstagram #abogadosentiktok",https://www.instagram.com/abogadavaleriaoportus/reel/DJ1fdjgOpE0/
2025-05-17T19:32:03.000Z,24,0,NA,"❌ No. Eso ya no funciona así.

📖 La ley ha evolucionado. 🧾 “El cuidado personal de los hijos corresponde al padre y a la madre conjuntamente mientras viven juntos. Si viven separados, corresponderá a aquel con quien vivan los hijos, salvo que el juez determine otra cosa en beneficio del interés del hijo y otros criterios”. 

⚠️ ¿Y eso qué significa? Que nadie parte con ventaja por ser mamá o papá. El juez decide en función de lo que sea mejor para el niño o niña, no por prejuicios del siglo pasado.

👶 El cuidado de los hijos no se “gana”, se ejerce. Presencia, compromiso y amor constante: eso es la verdadera custodia. 

#CorresponsabilidadParental #LeyAmorDePapá #Artículo225 #DerechoDeFamilia #NoMásMitos #ActualícensePorFavor  #abogadavaleriaoportus #abogadosdefamilia",https://www.instagram.com/abogadavaleriaoportus/reel/DJxAwCmuWFU/
2025-05-17T13:36:13.000Z,19,1,NA,"¿Y si te dijéramos que en Chile hubo miles de niños y niñas bajo tutela y supuesta protección del Estado… y que muchos de ellos sufrieron vulneraciones sistemáticas y jamás encontraron justicia? ❗

No es historia antigua. Es una herida abierta. 💔
Son miles de niñas, niños y adolescentes que, bajo la supuesta protección del ex SENAME hoy Mejor Niñez, vivieron vulneraciones graves: abandono, abusos, maltrato, negligencia. 😢 El Estado, que debía cuidarlos, los dañó. 

Y hoy, cuando por fin se abre una puerta para escuchar sus voces, el mismo Estado los vuelve a fallar. 🚪❌

La Comisión Asesora Presidencial, creada supuestamente para reparar, ha sido:
	•	❌ Mal diseñada
	•	💬 Revictimizante
	•	💸 Sin recursos suficientes
	•	🕳️ Sin transparencia ni participación real

Han pasado meses y:
	•	📄 No hay protocolos claros
	•	🧍‍♂️ No hay llamado oficial a los egresados
	•	🧠 No hay contención emocional
	•	📢 No hay acciones comunicacionales visibles

Lo que debía ser una reparación, se ha convertido en otro espacio de frustración y silencio institucional. 🧱😔

¿Reparación? ❌ No la hay.
¿Justicia? ⏳ Aún se espera.
¿Verdad? 🔍 Se sigue ocultando.

Esta lucha no está en los medios 📰 ni en los discursos políticos 🗣️.
Se da entre cuatro paredes 🚪, en silencio 🤫, sostenida por sobrevivientes que no van a rendirse 💪.

#NosDañaronNosSilencian 🚫
#VerdadJusticiaReparación 🕊️
#ExSENAME 👥
#ChileTieneUnaDeuda 🇨🇱
 #abogadavaleriaoportus #fundaciónynes #justiciaparalosniños #edisongallardo #infanciasegura #sename #mejorniñez",https://www.instagram.com/fundacionynes/reel/DJwaZhSR-aq/
2025-05-15T17:28:18.000Z,12,0,NA,"¡NO OLVIDES INFORMAR AL TRIBUNAL! ⚠️⚠️⚠️

Según el artículo 2, incisos 2 y 3 de la Ley 14.908 sobre Abandono de Familia y Pago de Pensiones Alimenticias:

“El demandado deberá informar al tribunal todo cambio de domicilio, de empleador y de lugar en que labore o preste servicios, dentro de 30 días desde que ocurra el cambio.”
Y si no lo haces…
te pueden multar entre 1 y 15 UTM.
(Sí, hasta más de $960.000 por jugar a “Dónde está Wally”)
Así que si te estás cambiando de casa, de pega o estás “reinventándote” ✨
¡Hazlo bien y avisa al tribunal!
¿Te quedó la duda? ¿No sabes cómo avisar o hacer la presentación?
¡Escríbeme! Estoy aquí para ayudarte con tu caso.
¡Y si conoces a alguien que necesita este consejo… ETIQUÉTALO YA!
#AbogadaDeFamilia #DerechoDeFamilia #Ley14908 #PensiónDeAlimentos #CambioDeDomicilio #MultaUTM #JusticiaFamiliar #ConoceTusDerechos #NoTeArriesgues #FamiliaYTribunales #MultaPorNoAvisar #LegalTips #AbogadaChile #ConsejoLegal #FamiliaPrimero #abogadavaleriaoportus #justiciaparatodos #abogadosentiktok #abogadoseninstagram",https://www.instagram.com/abogadavaleriaoportus/reel/DJrrlGXukCy/
2025-05-15T12:35:11.000Z,19,2,NA,"Como abogada, me toca acompañar a muchas familias en momentos difíciles ⚖️. Y uno de los temas más sensibles —y a veces más incomprendidos— es la rebaja de pensión de alimentos.

Quiero dejar algo muy claro: pedir una rebaja no es dejar de cumplir como padre o madre, ni significa abandonar a los hijos ❌👨‍👧‍👦. Al contrario, es un acto de responsabilidad cuando las condiciones económicas cambian, y se busca un nuevo equilibrio que refleje la realidad de ambas partes.

La ley es clara: ambos padres deben contribuir a las necesidades de sus hijos de forma proporcional a sus ingresos y capacidades económicas 💼⚖️. No se puede exigir más allá de lo posible, ni mucho menos pretender que uno de los padres cargue con todo, especialmente cuando hay gastos que exceden lo razonable, como estudiar en una universidad con aranceles inalcanzables 🎓💰.

Ser papá o mamá no significa ser un banco, sino estar presente, aportar con lo que se puede y ser parte activa del desarrollo de los hijos con responsabilidad y amor ❤️.

Llamo a todos los que enfrentan procesos como este a informarse, a no tener miedo de pedir lo justo y a recordar que la equidad también es una forma de cuidar a sus hijos 🤝.

La justicia no es castigar, es equilibrar. Y lo justo, también es amor.

#JusticiaFamiliar #PensiónDeAlimentos #RebajaJusta #DerechosYDeberes #ResponsabilidadCompartida #NoSoyUnBanco #AbogadaDeFamilia #LoJustoEsLoCorrecto #EquidadParaTodos #PadresResponsables #FamiliasConConciencia #abogadavaleriaoportus #justiciaparatodos",https://www.instagram.com/abogadavaleriaoportus/reel/DJrKOMAOTbH/
2025-05-14T05:25:52.000Z,63,4,NA,"Hoy fue un día increíblemente especial para todos los que formamos parte de la Fundación Ynes. 🌟 Tuvimos la oportunidad de estar en el programa “Ahora Caigo”, ¡y qué experiencia tan única! 🎥🙌 Fue una gran plataforma para compartir nuestra causa y visibilizar el trabajo que venimos haciendo. ¡Gracias a TVN por brindarnos esta oportunidad! 🙏✨

En la foto que estamos junto al Huevo Fuenzalida, el animador del programa, quien nos hizo sentir tan cómodos y nos permitió compartir nuestra historia con todo su público. 😄Agradecimiento enorme a él y al programa. 
👉 ¡Únete a Fundación Ynes! Comparte este mensaje, síguenos, y sé parte de esta misión. ¡Juntos somos imparables! 🙌💫 #AhoraCaigo #TransformandoJuntos #UnidosPorElCambio #abogadavaleriaoportus #fundaciónynes #justiciaparalosniños #edisongallardo #infanciasegura",https://www.instagram.com/fundacionynes/reel/DJnz4XTtgIG/
2025-05-13T21:28:37.000Z,51,11,NA,"¡En TVN, el canal de todos los chilenos 📺🇨🇱, representando con orgullo a Fundación Ynes! 💙✨
Dimos un paso más para visibilizar causas que importan 💪🏼🤝, entregar amor ❤️, esperanza 🌈 y seguir transformando realidades 🕊️.

¡Gracias TVN por abrir este espacio! 🙌🏼🎉
Juntos construimos un Chile más justo y humano para todas y todos 👧🏻👦🏽👨🏻‍🦱👩🏼‍🦰.

#FundaciónYnes #TVN #Chile #Esperanza #Compromiso #AmorQueTransforma #abogadavaleriaoportus  #justiciaparatodos  #abogadosentiktok #abogadoseninstagram",https://www.instagram.com/abogadavaleriaoportus/reel/DJm9qVEOirS/
2025-05-13T17:20:14.000Z,41,0,NA,"Audiencia intensa, emotiva y decisiva ⚖️🔥. Hoy se cerró un capítulo difícil, de esos que remueven todo… para mí, como abogada, fue una montaña rusa de emociones, pero sobre todo de compromiso. Para mi clienta, significó justicia, dignidad y una merecida compensación económica 💪❤️.

Pese a los intentos desesperados del marido por distorsionar la verdad 🤥🕵️‍♂️, logramos demostrar lo importante: su verdad, su historia, su fuerza. Pusimos el alma en cada argumento, en cada prueba, y seguimos poniéndole el corazón a esta causa. 

Ahora rumbo a TVN, representando con orgullo a Fundación Ynes 📺✨👩‍⚕️ ¡A seguir poniéndole todo el amor, la entrega y el corazón a esta misión que nos mueve! ❤️‍🔥💼

¡Seguimos adelante, con más fuerza que nunca! 🚀💼💖 #JusticiaConCorazón #FundaciónYnes #DerechosConDignidad #TrabajoQueInspira #abogadavaleriaoportus",https://www.instagram.com/abogadavaleriaoportus/reel/DJmhD4XOVgX/
2025-05-12T05:15:01.000Z,10,1,NA,"Postulantes a la Corporación de Asistencia Judicial: una labor esencial para el acceso a la justicia, pero sostenida con esfuerzo personal y sin respaldo económico del Estado. 
https://www.diarioconstitucional.cl/cartas-al-director/el-costo-invisible-del-acceso-a-la-justicia/
#JusticiaConDignidad
#PostulantesCAJ #AccesoALaJusticia
#PrácticaProfesional #PrecariedadLaboral
#FormaciónJurídica #DerechoYRealidad
#PrivilegioDePobreza #AbogacíaConSentido #abogadavaleriaoportus #justiciaparatodos #abogadosentiktok #abogadoseninstagram",https://www.instagram.com/abogadavaleriaoportus/reel/DJipR5Gu3kx/
2025-05-10T20:06:56.000Z,3,0,NA,"¿DIVORCIO EXPRESS? ¡Sí, ahora es real!
¡Sentencia en 2 semanas y SIN audiencia! ⚡📄⏳

¿Te separaste hace años y nunca hiciste el trámite legal?
¡Ahora puedes divorciarte rápido, fácil y 100% legal!
Gracias a una modificación en la ley, si cumples con los requisitos, el juez puede dictar sentencia de inmediato, sin audiencia ⚖️✅

¿Qué necesitas?
🧑‍⚖️ Un abogado que sepa presentar bien tu caso
✌️ 2 testigos que firmen una declaración jurada
📍 Comprobante de domicilio
📑 Certificados (matrimonio, nacimiento, etc.)
🧾 Otros documentos clave que el tribunal exige

¿Lo mejor?
En solo 2 SEMANAS puedes tener tu sentencia de divorcio 💥
(Sí, ¡en serio!)
Sin audiencias, sin meses de espera, sin enredos.

PERO OJO 👀
Una vez que tengas la sentencia, debes inscribirla en el Registro Civil 🏛️
Si no lo haces, en tu certificado de matrimonio no aparecerá el divorcio ❌

¿Quieres saber si puedes acceder a este tipo de divorcio?
📩 Escríbeme por DM y revisamos tu caso junt@s.
¡A veces, lo único que falta es dar el primer paso!

#DivorcioExpress #DivorcioChile #AbogadaDeFamilia #DivorcioRápido #RegistroCivil #SeparaciónLegal #CompensaciónEconómica #SentenciaEn2Semanas #VidaNueva #TrámiteLegal #abogadavaleriaoportus #justiciaparatodos #abogadosentiktok #abogadoseninstagram #derechofamiliar",https://www.instagram.com/abogadavaleriaoportus/reel/DJfF1g0ReHN/
2025-05-09T01:57:10.000Z,11,1,NA,"Muchos creen que con irse de la casa todo se termina, pero la verdad es que seguir casado trae consecuencias que pocos imaginan:
	•	¿Tu ex podría heredar si te pasa algo?
	•	¿Podrías casarte de nuevo si quisieras?
	•	¿Podría tu ex reclamar una compensación económica años después?

No regularizar tu divorcio puede traerte más de un dolor de cabeza.
Y lo peor: muchas personas no lo descubren hasta que ya es demasiado tarde…

¿Te quedó alguna duda?
Comenta abajo o mándame un DM y revisamos tu caso. ¡Más vale aclararlo a tiempo!
#DivorcioLegal #Separación #DerechoDeFamilia #ConsejoLegal #EvitaProblemas #abogadavaleriaoportus #justiciaparatodos #abogadosentiktok #abogadoseninstagram #derechofamiliar #proteccióninfantil #justicia #abogadosdefamilia",https://www.instagram.com/abogadavaleriaoportus/reel/DJakXWxOsQU/
2025-05-09T01:37:30.000Z,39,2,NA,"Hoy, como todos los días, me elijo valiente. ⚖️💪✨

#MujerAbogada 👩‍⚖️ #FuerzaFemenina 💖 #EmpoderamientoFemenino 🌸 #JusticiaConAlma 🕊️ #DerechoConSentido 📚 #AbogadaEmpoderada 👑 #CorajeYCorazón 💫 #LegalmenteMujer ⚖️ #VocaciónYValentía 🔥 #MujeresQueLuchan 💪 #SoyMiPropiaInspiración 🌟",https://www.instagram.com/abogadavaleriaoportus/reel/DJaiQgnu8Ml/
2025-05-08T01:11:57.000Z,10,0,NA,"📌 La pensión alimenticia no es opcional.
No es una sugerencia, ni algo que puedas dejar de pagar porque “no alcanzaste este mes” o porque tu ex “te cae mal”.

Si hay una sentencia judicial que te obliga a pagar una pensión de alimentos, debes cumplirla todos los meses.
La deuda se acumula y genera intereses.
Y no, no funciona como una deuda bancaria: las medidas de cobro son muchísimo más intensas, por decirlo suavemente…

¿Sigues sin pagar? Prepárate para:
⚠️ Retención de fondos en cuentas bancarias
⚠️ Arresto nocturno (o derechamente día y noche)
⚠️ Suspensión de la licencia de conducir
⚠️ Arraigo nacional
⚠️ Embargos
⚠️ Cobro directo desde tu AFP
…y la lista sigue.

¿Y lo más grave?
Que a tus hijos les falte algo, mientras tú “te olvidaste”.

¿Crees que el “me olvidé” es excusa suficiente?
¿Estás complicado con una deuda o no sabes cómo ponerte al día?

Necesitas ayuda. Escríbeme y lo vemos juntos.
Hay formas de ordenarte, incluso proponer un plan de pago. Lo importante es hacerte cargo.

#DerechoDeFamilia #PensiónAlimenticia #NoTeHagasElLarry #ConsejoLegalConCariño #abogadavaleriaoportus #justiciaparatodos #abogadosentiktok #abogadoseninstagram #derechofamiliar #proteccióninfantil #justicia #abogadosdefamilia",https://www.instagram.com/abogadavaleriaoportus/reel/DJX5n3OuUmz/
2025-05-06T03:39:34.000Z,3,0,NA,"Muchas veces se normalizan conductas violentas dentro de una relación, pero levantar la voz constantemente, humillar, controlar o agredir físicamente no es parte del conflicto normal de pareja: es violencia.

Y la ley lo reconoce así.
No necesitas estar con moretones para pedir ayuda o protección. La violencia psicológica, económica o simbólica también afecta, también daña, y también es denunciable.

Si esto te suena familiar, no estás exagerando. Estás despertando.
Y sí, hay formas de salir y pedir que te protejan. 

#ViolenciaIntrafamiliar #NoEsAmorEsViolencia #LeyDeViolencia #NiUnaMenos #TeCreemos #AlertaVIF #GritarNoEsHablar #PegarNoEsAmar
#DerechoDeFamilia #Protección #Denuncia #NoMásSilencio #abogadavaleriaoportus #justiciaparatodos #abogadosentiktok #abogadoseninstagram #derechofamiliar 
⚖️💔🚨",https://www.instagram.com/abogadavaleriaoportus/reel/DJTBskDuJu2/
2025-05-05T17:24:10.000Z,23,0,NA,"La alienación parental no es solo un conflicto entre adultos. Es una forma de maltrato emocional que deja huellas profundas en el corazón y la mente de los niños.
Uno de los padres, consciente o inconscientemente, lleva al hijo o hija a rechazar al otro progenitor sin una razón real. Puede ser hablando mal del otro, impidiendo los encuentros, o haciendo que el niño se sienta mal o culpable por quererlo.

El daño no se ve a simple vista, pero está ahí: confusión, ansiedad, tristeza, baja autoestima y, muchas veces, una profunda soledad.
Los niños no deberían cargar con los conflictos de los adultos. No deberían sentirse forzados a tomar partido, ni pensar que amar a uno significa traicionar al otro.

El daño emocional que deja la alienación parental puede durar toda la vida. Por eso, no podemos callar, no podemos mirar para otro lado.

Si ves que un niño está siendo puesto en contra de su padre o madre sin justificación, detente y reflexiona. Habla, busca orientación profesional, protege ese vínculo.
Los hijos merecen crecer con amor, no con miedo ni con culpa.

#AlienaciónParental #InfanciaHerida #NiñezPrimero #AmorSinCondiciones #ProtejamosALosNiños #NoAlMaltratoEmocional #SaludMentalInfantil #NiñosSinCulpa
No destruyamos lo que más necesitan: el derecho a amar y ser amados por ambos padres.",https://www.instagram.com/abogadavaleriaoportus/reel/DJR5zFVuDhq/
2025-05-05T16:24:40.000Z,9,0,NA,"He escuchado a niños preguntarse si está mal querer a ambos padres ❓❤️‍🩹. He sentido ese nudo en el pecho cuando se rompe algo que no debería romperse: el derecho a amar libremente 💔.

Por eso, como abogada ⚖️, ya no solo defiendo causas: defiendo infancias 👶🏼👧🏽🧒🏾. Prometí que mis hijos jamás tendrían que escoger entre amor y lealtad ❤️🤝, y decidí convertir esa promesa en mi forma de vivir… y de trabajar 💪.

Si tú también reconoces el daño silencioso de la alienación parental 🧠💢, no te quedes en silencio 🤐. Habla 🗣️, busca ayuda 🤝, infórmate 📚. Acompaña, no dividas. Que nuestras decisiones como adultos nunca roben a un niño su derecho a querer sin miedo 🛡️❤️. Juntos podemos romper el ciclo, un caso, una familia, una historia a la vez 🔄🏡✨. #AlienaciónParental #NoALaManipulaciónEmocional #InfanciasLibres #DerechoAFamilia #NiñezSinViolencia #ProtejamosLaInfancia #FamiliasConAmor #ConAmorNoConMiedo #RomperElCiclo #JusticiaFamiliar #AbogacíaConSentido #ChilePorLaInfancia #InfanciaPrimero #NiñezEsPresente #abogadavaleriaoportus #justiciaparatodos #abogadosentiktok #abogadoseninstagram #derechofamiliar #fundacionynes",https://www.instagram.com/abogadavaleriaoportus/reel/DJR0Yu7uz4o/
2025-05-03T14:03:38.000Z,34,0,NA,"La pensión de alimentos y el régimen de relación directa y regular son dos instituciones jurídicas totalmente independientes. ❌ Que un padre o madre no pague no justifica que se le impida ver a sus hijos. Tampoco es válido dejar de pagar porque no te permiten verlos. Ambas conductas son dañinas para los niños, quienes no deben ser usados como rehenes ni instrumentos de presión.

#DerechosDeLosNiños #PensiónDeAlimentos #RelaciónDirectaYRegular #NoAlaManipulaciónFamiliar #JusticiaFamiliar #NiñosNoSonMonedaDeCambio #RespetoALaLey #abogadavaleriaoportus #justiciaparatodos #abogadosentiktok #abogadoseninstagram #derechofamiliar #proteccióninfantil #justicia #derechosdelosniños #abogadosdefamilia",https://www.instagram.com/abogadavaleriaoportus/reel/DJMatc5OQ5v/
2025-04-29T23:20:14.000Z,10,1,NA,"¡Maravilloso! Justo lo que los tribunales aman: acuerdos “de palabra”, sin una sola prueba 🫠
¿Tienes uno así? Entonces también podrías tener… ¡un problema gigante!

Porque si no está por escrito, para la ley simplemente no existe ⚠️

¿Qué deberías hacer siempre?
	•	✍️ Deja todo por escrito
	•	✅ Firma ambas partes
	•	🖋️ Firma ante notario
	•	📁 Guarda una copia (¡digital y física!)

Los acuerdos buenos se respetan.
Los acuerdos bien hechos, se pueden defender.

¿Has confiado demasiado en alguien? Cuéntame o etiqueta a tu socio de palabra
#ConsejoLegal #DerechoParaTodos #NoMásPapelesAlViento #abogadavaleriaoportus #justiciaparatodos #abogadosentiktok #abogadoseninstagram #derechofamiliar #justicia",https://www.instagram.com/abogadavaleriaoportus/reel/DJDHHWCO1Az/
2025-04-28T11:28:25.000Z,11,0,NA,"¿Sabías que ahora puedes divorciarte más rápido? ⚡💔
Si ambas partes están de acuerdo, el juez puede resolver tu divorcio de plano, ¡sin audiencia y sin largas esperas! ✍️✅

Esto significa:
➡️ Menos trámites
➡️ Menos tiempo
➡️ Menos desgaste emocional

Si quieres saber si tu caso aplica, consulta conmigo.
Mi contacto está en mi perfil 📲. ¡Te acompaño en todo el proceso!

#DivorcioDePlano #DivorcioExpress #DerechoDeFamilia #TrámiteFácil #SinAudiencia #AcuerdoMutuo #AbogadaDeFamilia #AsesoríaLegal #JusticiaÁgil #DivorcioChile #abogadavaleriaoportus #justiciaparatodos #abogadoseninstagram #abogadosentiktok",https://www.instagram.com/abogadavaleriaoportus/reel/DI_RJQIui-K/
2025-04-28T00:10:10.000Z,16,0,NA,"¿Sabías que esta es una de las preguntas que más me hacen a diario? ❓✨
Muchos papás y mamás que tienen la obligación de pagar alimentos no entienden muy bien cómo funciona el reajuste… ¡pero es más sencillo de lo que parece!

Lo único que deben hacer es tomar el monto de alimentos que está fijado en UTM 📄 y multiplicarlo ✖️ por el valor de la UTM del mes en que corresponde pagar 📅. ¡Así de simple! ✍️✅

Muchos me dicen: “¡Pero si yo siempre pago todos los meses!” 💸
Y claro, lo hacen… pero si siempre pagan el mismo valor sin reajustarlo, se les acumulan diferencias 📈. Eso genera deudas, intereses y ¡consecuencias legales! ⚖️⚠️

¡Atención alimentantes! 🚨 Revisar el valor actualizado de la UTM cada mes es clave para cumplir correctamente.

#Alimentos #PensiónDeAlimentos #DerechoDeFamilia #ReajusteDeAlimentos #abogadavaleriaoportus #justiciaparatodos #abogadosentiktok #abogadoseninstagram #derechofamiliar #justicia",https://www.instagram.com/abogadavaleriaoportus/reel/DI-DZHoON8-/
2025-04-26T21:01:59.000Z,10,7,NA,NA,https://www.instagram.com/abogadavaleriaoportus/reel/DI5RihoO9wX/
2025-04-25T22:59:00.000Z,51,8,NA,"En los tribunales cada vez es más frecuente encontrarnos con un fenómeno preocupante: las denuncias falsas. Estas acciones, muchas veces motivadas por conflictos personales o estrategias legales, terminan afectando profundamente no solo al progenitor injustamente acusado, sino también a los propios niños, niñas y adolescentes involucrados. 👨‍👧‍👦💢

Una denuncia falsa no es solo un papel o una acusación vacía. Es un golpe directo a la dignidad, al vínculo afectivo, y al derecho que tienen los hijos de mantener una relación sana con ambos padres. 💔👁️

El padre o madre falsamente denunciado atraviesa un verdadero infierno: debe luchar por demostrar su inocencia mientras soporta la mirada social, el quiebre emocional y muchas veces la separación injusta de sus hijos. 😔📉👨‍⚖️

¿Qué enseñamos a los niños cuando manipulamos la verdad para herir a otro? ¿Qué justicia estamos construyendo si permitimos que se use el sistema como arma, y no como resguardo? 🤔⚠️

Hoy hacemos un llamado a la empatía, al diálogo sincero y a la responsabilidad afectiva. No permitamos que las falsas denuncias sigan destruyendo vínculos y dañando infancias. 🛑🧒👨‍👩‍👧‍👦

La verdad siempre tiene voz. Y la infancia merece ser protegida, no utilizada.

¡Alcemos la voz por una justicia real, humana y sin abuso del sistema! ✊❤️⚖️

#AbogadaValeriaOportus
#FalsasDenuncias
#FundaciónYnes
#AbogadosEnInstagram
#AbogadosEnTikTok
#JusticiaFamiliar
#NiñezSinManipulación
#VerdadYJusticia
#NoMásFalsasDenuncias
#DerechosDeLaInfancia
#ProtejamosLaVerdad
#NoAlAbusoDelSistema
#FamiliasConVerdad
#PaternidadSinBarreras",https://www.instagram.com/abogadavaleriaoportus/reel/DI4xpu6OtCY/
2025-04-13T22:18:24.000Z,14,0,NA,"¿Sabías que cuando las personas correctas se juntan, pueden cambiar el mundo?
Así nace nuestro equipo en Fundación Ynes: un grupo de corazones comprometidos, valientes y soñadores que decidieron no quedarse de brazos cruzados ante el dolor de otros.
¡Y qué equipo hemos formado!
¡Somos pura pasión, entrega y amor por la justicia!

💛👨‍⚖️💪🏼💬✨👩‍⚖️🔥🕊️

Valeria y Edison, junto a muchos más, somos parte de una misión que va mucho más allá del trabajo: acompañamos, defendemos, abrazamos y transformamos vidas.
Desde la lucha legal por los derechos humanos, hasta el apoyo emocional a víctimas invisibilizadas, nuestro trabajo es una mezcla de empatía profunda, compromiso férreo y esperanza viva.

🤝❤️📚⚖️🧠🛡️🌱🌟

Sabemos que los cambios reales no se hacen de un día para otro, pero cada paso importa, cada historia que se levanta nos impulsa, y cada rostro que sonríe es un triunfo colectivo.

👣🕯️🌈🌍🙌🏼💞👶🏽👧🏾

Gracias por acompañarnos, por creer en un país más justo y en una niñez protegida.
Gracias por no mirar hacia el lado y por sumarte a esta cruzada de amor valiente.

Seguimos, con humildad en el corazón, esperanza en los ojos y fuego en el alma.

🔥❤️‍🩹🌟👣💛🫂⚖️

Porque cuando un equipo se forma desde el amor, no hay imposibles.
Y tú, que estás leyendo esto, también eres parte de esta transformación.

#FundaciónYnes
#UnEquipoConAlma
#JusticiaQueAbraza
#ValeriaYEdison
#DerechosHumanosYA
#NiñezProtegida
#EsperanzaActiva
#EmpatíaEnAcción
#NoEstásSolaNoEstásSolo
#AquíEstamos",https://www.instagram.com/abogadavaleriaoportus/p/DIZzrGCulpj/
2025-04-13T16:24:48.000Z,52,3,NA,"¿Un año sin pagar alimentos? 🤯
Sí, más de 12 meses sin aportar ni un peso para sus propios hijos 👶💔.
Y lo más duro: ella no se atrevía a denunciarlo por miedo a lo que él pudiera hacer… 😔😢

¿Cuántas madres viven lo mismo?
Atrapadas entre el temor y la necesidad, callando mientras el otro simplemente desaparece de su rol como padre 🚫👨‍👦.

Pero hoy ella decidió hablar 🗣️✨
Hoy eligió proteger a sus hijos antes que seguir callando 🙌👊

Porque los alimentos NO son un favor ❌
¡Son un derecho de los niños y niñas! ⚖️🧒👧

Si tú también sientes miedo, recuerda esto:
El silencio te encierra, pero la acción te libera.

#AbogadaValeriaOportus
#AbogadosEnInstagram
#AbogadosEnTikTok
#FundaciónYnes",https://www.instagram.com/abogadavaleriaoportus/reel/DIZLIfQOZwr/
2025-04-03T23:55:22.000Z,17,0,NA,NA,https://www.instagram.com/abogadavaleriaoportus/reel/DIAOnjNO8YN/
2025-04-03T03:37:38.000Z,9,0,NA,"No es amor. Es manipulación.
No es protección. Es abuso emocional.
No es cuidar a un hijo. Es arrancarle un padre, una madre, una familia, una parte de sí mismo.

👦👧 Niños y niñas que son convertidos en armas de venganza.
😢 Pequeños que crecen con el peso del odio que no les pertenece.
🔗 Infancias atrapadas en un conflicto que nunca pidieron vivir.
🧠 Memorias manipuladas, vínculos destruidos y un daño emocional que puede durar toda la vida.

💭 ¿Cuántos niños han aprendido a odiar sin siquiera entender por qué?
💭 ¿Cuántos han sido obligados a rechazar a un padre que sí los ama?
💭 ¿Cuántos adultos, marcados por la alienación, siguen buscando respuestas en su propia historia?

🚨 La alienación parental es una forma de maltrato infantil.

🛑 Destruye la identidad y estabilidad emocional de los niños.
🛑 Rompe la posibilidad de construir relaciones sanas.
🛑 Los convierte en víctimas de un conflicto que no es suyo.

⚡ Es momento de frenar este daño.

⚖️ Los niños tienen derecho a amar libremente, sin manipulaciones.
💔 El odio impuesto en la infancia deja cicatrices difíciles de sanar.
🔎 Las autoridades deben reconocer y actuar frente a la alienación parental.

#InfanciaManipulada 💔 #AlienaciónParental 🚨 #DerechoAAmar ❤️ #InfanciaSinConflictos 🧩 #NoAlMaltratoEmocional 💭 #JusticiaParaLosNiños ⚖️ #ProtecciónInfantil 🛑 #BastaDeOdio 🚫 #abogadavaleriaoportus #justiciaparatodos #proteccióninfantil #abogadosentiktok #abogadoseninstagram #fundaciónynes",https://www.instagram.com/abogadavaleriaoportus/reel/DH-DMk3ORCF/
2025-04-02T22:59:17.000Z,35,0,NA,"Hoy, 2 de abril de 2025, a las 19:50, seguimos trabajando con sobrevivientes en la Comisión de Verdad, Justicia y Reparación. Aunque cada paso que damos parece poco cuando pensamos en la magnitud del sufrimiento de tantos niños, niñas y adolescentes, sabemos que cada esfuerzo cuenta. Reparar el daño causado por las vulneraciones y violaciones de sus derechos es un compromiso profundo que nos mueve a seguir luchando por su justicia y dignidad. 💼⚖️💪👶👧🧑‍🦱💔 #JusticiaParaLosNiños #ReparaciónYVeracidad #DerechosHumanos #LuchamosPorEllos #CadaPasoCuenta #abogadavaleriaoportus #justiciaparatodos #derechofamiliar #justicia #fundaciónynes",https://www.instagram.com/abogadavaleriaoportus/reel/DH9jDotu_W9/
2025-04-02T16:15:22.000Z,33,0,NA,"Voces Silenciadas: La Realidad Oculta del SENAME que Exige Justicia
🔥📖 Mi Infierno en el SENAME es un libro que no solo relata una historia, sino que abre las puertas a un dolor profundo y silencioso. Escrito por Edison Gallardo, quien vivió en carne propia la desprotección y el abuso dentro del sistema que debía ofrecerles cuidado y seguridad a los niños y niñas de Chile 💔.

Cada palabra de Edison es un grito de aquellos que no fueron escuchados, un testimonio que nos invita a reflexionar sobre la vulnerabilidad de los más jóvenes en un sistema que les falló 😔. Este libro es más que una denuncia: es un llamado a todos nosotros para que no olvidemos a quienes más necesitan ser escuchados 🕊️.

Hoy, con nuestra participación en la Comisión de Verdad, Justicia y Reparación, nos unimos a la lucha por el reconocimiento, la reparación y la justicia para todos aquellos que sufrieron dentro del SENAME ⚖️✊. Es hora de escuchar esas voces y asegurarnos de que nunca más se repita esta tragedia. #MiInfiernoEnElSENAME #VocesSilenciadas #JusticiaParaLosNiños

¿Qué opinas tú de todo esto? ¿Cómo podemos hacer para que algo así no vuelva a suceder? 💬",https://www.instagram.com/abogadavaleriaoportus/reel/DH81QdRu3s8/
2025-04-01T01:37:22.000Z,4,0,NA,"Antes de que una mujer se atreva a denunciar, ha pasado noches en vela justificando lo injustificable. Ha sentido miedo, culpa, vergüenza. Ha callado porque le dijeron que exageraba, que era su culpa, que “no es para tanto”. Ha soportado golpes que no siempre dejan moretones visibles, pero que se clavan en el alma.

Y cuando por fin habla, el mundo le responde con dudas:
🔸 “¿Seguro que fue tan grave?”
🔸 “¿Por qué no se fue antes?”
🔸 “Debe haber hecho algo para provocarlo.”

💡 Pero lo que nadie pregunta es: ¿por qué él lo hizo?

El silencio no es elección, es supervivencia.

Cada mujer que calla lo hace porque sabe que hablar puede significar:
⚠ Ser desacreditada.
⚠ Ser revictimizada.
⚠ Ser ignorada por un sistema que protege más al agresor que a la víctima.

¡Romper el silencio no debería ser un acto de valentía, sino un derecho garantizado! 🚨

#NoMásSilencio #EscuchaYProtege #NiUnaMenos #FundaciónYnes #RompamosElCiclo #JusticiaParaLasVíctimas #LeyContraLaViolencia #ProtecciónReal #ViolenciaDeGénero #NoEstásSola #ApoyemosALasMujeres #abogadavaleriaoportus #justiciaparatodos #abogadosentiktok #abogadoseninstagram",https://www.instagram.com/abogadavaleriaoportus/reel/DH4r4RuO0xu/
2025-03-21T22:41:41.000Z,24,5,NA,"⚖️🚨 El caso de Mane Swett 🚨⚖️

Un análisis del caso de Mane Swett: más allá del derecho ⚖️

Este caso no solo plantea cuestiones estrictamente jurídicas, sino que también involucra factores sociales, culturales y emocionales que inciden en la toma de decisiones judiciales. La protección de los derechos de la infancia, el rol de los tribunales de familia y la correcta aplicación del debido proceso son aspectos fundamentales a considerar, pero también es clave analizar cómo las dinámicas sociales y la percepción pública pueden influir en estos procesos.

📹 En este video abordo los elementos legales más relevantes del caso, junto con su impacto en la sociedad y en las personas involucradas. Es un tema complejo que requiere un análisis riguroso y una reflexión profunda.

🔎 Te invito a ver el análisis y compartir tu opinión. 💬👇

#ManeSwett #Justicia #DerechoFamiliar #ProtecciónInfantil #DebidoProceso #Tribunales #Legislación #AnálisisLegal #Abogacía #DefensaDeDerechos #JusticiaParaMane #PerspectivaJurídica #DerechosHumanos #ImpactoSocial #PsicologíaJurídica #CulturaYDerecho",https://www.instagram.com/abogadavaleriaoportus/reel/DHenIgiORr2/
2025-03-21T19:23:15.000Z,13,2,NA,"A veces el amor es como un bien ajeno: lo disfrutas, pero no tienes todas las cargas de ser dueño. ¡Lo que pasa en el usufructo, se queda en el usufructo! 😉💖 Es como si te prestaran un bien para que lo disfrutes, pero no te lo dan para siempre. ¡Solo lo puedes “usufructuar”! 😜

#Usufructo #DerechosReales #CódigoCivilChileno #ChistesJurídicos #DerechoCivil #AbogadosDeChile #LeyChilena #HumorLegal #PropiedadYUsufructo #DerechoYHumor #BienesAjenos #Usufructuario #DerechoDeUso #ChistesDeAbogados #HumorJurídico #abogadavaleriaoportus",https://www.instagram.com/abogadavaleriaoportus/reel/DHeRKHMxnwW/
2025-03-21T00:44:14.000Z,7,2,NA,"🗣️ El silencio de las mujeres que sufren violencia de género no es por falta de valentía, sino por el miedo, la vergüenza, y las manipulaciones emocionales que las hacen sentirse solas e incomprendidas. Durante mucho tiempo, callan por miedo a las represalias, por dependencia económica o por la creencia de que no merecen ser escuchadas, entre otros factores. 

💔 El machismo no solo oprime, sino que daña profundamente la autoestima y la salud emocional de las mujeres, dejándolas atrapadas en un ciclo de sufrimiento y soledad.

🔓 Hablar es un acto de valentía. Cuando una mujer finalmente decide romper el silencio, comienza un proceso de sanación. Hablar les permite reconocer su dolor, buscar ayuda y empezar a recuperar su libertad y dignidad.

⚖️ ¿Qué deben hacer ante la violencia de género?

Denunciar: Es un derecho. Las leyes protegen a las mujeres de la violencia en cualquier ámbito.
Buscar apoyo: Psicólogos, abogados, y organizaciones especializadas están para ayudar.
Tomar medidas de protección: Como órdenes de alejamiento, para su seguridad y la de sus hijos.
🔑 Recuerda: Nadie tiene derecho a hacerte daño. Hablar es el primer paso para recuperar el control de tu vida. ✊💜

#NoEstásSola #ViolenciaDeGénero #RompeElSilencio #MujeresFuertes #DerechosDeLasMujeres #MachismoNo #JusticiaParaEllas #LibertadYRespeto #MujeresEmpoderadas #abogadavaleriaoportus",https://www.instagram.com/abogadavaleriaoportus/reel/DHcRF2SO2uZ/
2025-03-20T01:23:38.000Z,77,1,NA,"Queremos expresar nuestra más profunda gratitud a Pepa Bello y Emilio Edwards por su enorme corazón. 💔👶👧 No se trata solo de una foto, sino de dar voz a quienes han sido silenciados por años, de iluminar una realidad dolorosa que muchos prefieren ignorar.

El Infierno en el Sename no es solo un título, es la historia de miles de niños que han sufrido abusos, negligencia y abandono en un sistema que, en lugar de protegerlos, los ha condenado al olvido. Su niñez ha sido marcada por el miedo, por la indiferencia de quienes debieron cuidarlos y por el dolor de no ser escuchados.

Por eso, el apoyo de personas como Pepa y Emilio es invaluable. 🙏🌟 Porque cuando figuras públicas con su alcance y sensibilidad deciden alzar la voz, ayudan a que el país no cierre los ojos, a que las historias de estos niños no sean en vano. Gracias por su empatía y por recordar al mundo que la niñez no se protege con discursos, sino con acciones reales.

No podemos devolverles el tiempo que les robaron, pero sí podemos luchar para que nunca más un niño sufra lo mismo. ¡Nosotros somos su voz! 💪🗣️ #GraciasPepaYEmilio #InfiernoEnElSename #JusticiaParaLosNiños #QueElDolorNoSeaInvisible #UnidosPorElCambio #abogadavaleriaoportus",https://www.instagram.com/fundacionynes/p/DHZwsUiRnkQ/
2025-03-19T16:28:32.000Z,90,0,NA,"¡Vaya, tanto papel de malo que casi me asusta, jajaja! 😅 Tan simpático y amoroso. 😊 Agradezco mucho la buena onda de Carlot Díaz, quien nos apoyó con la foto del libro Infierno en el Sename 📚. Gracias por querer seguir visibilizando esta problemática que afecta a tantos niños y adolescentes en el país. 💔👶👧 Nosotros somos su voz. 💪🗣️

#InfiernoEnElSename #JusticiaParaLosNiños #DerechosHumanos

Infierno en el Sename es una obra que expone la dura realidad del sistema de protección infantil en Chile, donde niños y adolescentes han sufrido abusos, negligencia y violaciones de sus derechos en los centros del Servicio Nacional de Menores (Sename). El libro denuncia la falta de políticas efectivas y la desprotección a la que están expuestos los menores en este sistema, buscando generar conciencia sobre la urgente necesidad de un cambio.",https://www.instagram.com/abogadavaleriaoportus/p/DHYzwq4O49I/
2025-03-18T23:35:22.000Z,84,6,NA,"💫 Hay momentos que se atesoran para siempre… 💫

Hoy es uno de esos días en que el corazón se llena de gratitud y emoción. Haber sido parte del programa “Ahora Caigo” junto a la Fundación Ynes ha sido una experiencia maravillosa, pero más allá del juego, me quedo con el cariño, el compañerismo y la energía que nos rodeó en cada instante.

✨ A TVN 📺, por abrirnos las puertas y permitirnos compartir lo que hacemos con tanto amor.
🌟 A @disleyramoses 🎭, que no solo se la jugó en la competencia, sino que nos demostró su gran corazón ❤️, entrega 💪 y buena onda 😃.
💙 A la Fundación Ynes 🤝, que tengo el honor de presidir, y que cada día me enseña el verdadero significado del compromiso y la lucha por un propósito.

Y, sobre todo, a mi Franquito… 💙👦 Mi partner incondicional 🤗, mi motor 🚀, mi mayor orgullo 🏆. Su corazón noble y generoso 💖 es mi más grande inspiración. Gracias por estar siempre, por acompañarme en cada desafío, por recordarme con tu amor puro 💞 por qué vale la pena todo esfuerzo.

Este día lo guardaré en el alma. Gracias, gracias, gracias. 🙌💖✨

#Agradecida 🙏💖 #FundaciónYnes 💙🤝 #AhoraCaigoTVN 🎭📺 #TVN ⭐ #FranquitoMiTodo 💫👦 #ExperienciaÚnica ✨🌟 #Compromiso 💪🤝 #JugándoselaConTodo 🎯🔥 #MomentosQueQuedanParaSiempre 💖",https://www.instagram.com/abogadavaleriaoportus/p/DHW_0EOOkWr/
2025-03-18T23:26:29.000Z,54,4,NA,"Hoy, Fundación Ynes tuvo el honor de participar en el programa “@ahoracaigochile” de @tvn. Nos llena de orgullo haber sido parte de este entretenido y desafiante espacio que pone a prueba el conocimiento y la rapidez mental de sus participantes.

Queremos agradecer de corazón a TVN por la invitación y, en especial, a @disleyramoses, quien no solo nos recibió con una increíble energía, sino que además se la jugó con todo en la competencia. Con su carisma, inteligencia y buen humor, demostró que el programa no solo es una prueba de conocimientos, sino también de valentía y actitud.

Gracias nuevamente a “Ahora Caigo Chile” por brindarnos una experiencia tan emocionante y llena de adrenalina. ¡Nos vamos con el mejor recuerdo! 🎉👏 

#FundaciónYnes #AhoraCaigoTVN #TVN #Conocimiento #Diversión #DislaySeco #ExperienciaÚnica #Agradecidos #Competencia #Adrenalina #JugándoselaConTodo",https://www.instagram.com/fundacionynes/reel/DHW-D-ZS89l/
2025-03-15T04:08:26.000Z,11,1,NA,"La corresponsabilidad se refiere al reparto equitativo de las responsabilidades domésticas y de cuidado entre mujeres y hombres, promoviendo relaciones más democráticas y justas en el hogar. 🏡💬 Este enfoque busca desnaturalizar la idea de que ciertas tareas son inherentes a un género específico, fomentando que todas las personas, independientemente de su sexo, participen activamente en el cuidado y crianza de los hijos. 🚸👨‍👩‍👧‍👦

Además, estudios han demostrado que cuando ambos padres comparten las responsabilidades de cuidado, los niños experimentan beneficios significativos en su desarrollo cognitivo y emocional, y se promueve una cultura de igualdad que trasciende generaciones. 🌱👶💡

En resumen, la frase enfatiza que buscar y aceptar ayuda en las tareas de cuidado no es una renuncia a la maternidad, sino una estrategia para gestionarla de manera más efectiva y equitativa, contribuyendo al bienestar familiar y al avance hacia una sociedad más igualitaria. 🏆💙

#Corresponsabilidad #CuidadoCompartido #IgualdadDeGénero #MaternidadInteligente #FamiliaEquitativa #CrianzaCompartida #DerechosDeLasMujeres #ConstruyendoIgualdad",https://www.instagram.com/abogadavaleriaoportus/reel/DHNL1YqOKNV/
2025-03-15T03:58:29.000Z,16,1,NA,"Madres trabajadoras: A menudo son etiquetadas como 👩‍👧‍👦 ausentes o ❌ desinteresadas en la crianza, simplemente porque dedican tiempo a su desarrollo profesional.
Padres trabajadores: Se les considera 👨‍👧‍👦 responsables y ✅ comprometidos, reforzando la idea de que su rol principal es proveer económicamente.
Este ⚠️ doble estándar no solo es ❌ injusto, sino que también 🔄 perpetúa la desigualdad de género, limitando las oportunidades de ambos padres para compartir equitativamente las responsabilidades laborales y domésticas. Es fundamental 🧠 reconocer y desafiar estos prejuicios para avanzar hacia una sociedad más ⚖️ equitativa y 🤝 justa.

#IgualdadDeGénero #RompeElEstereotipo #ComparteLasResponsabilidades #EquidadLaboral #CrianzaCompartida",https://www.instagram.com/abogadavaleriaoportus/reel/DHNKoZpOHa7/
2025-03-13T01:34:13.000Z,21,0,NA,"La estigmatización de la figura paterna como ausente o irresponsable contradice la evolución del derecho de familia, que busca evaluar cada caso con perspectiva de equidad ⚖️ y atendiendo al interés superior del niño 👶💙. Es fundamental que se reconozca el compromiso activo de los padres, sin importar su género, para garantizar un entorno seguro, saludable y justo para el desarrollo de los hijos. 👨‍👧‍👦✨ #DerechoDeFamilia #PaternidadResponsable #InteresSuperiorDelNiño #CompromisoParental #AbogadaValeriaOportus",https://www.instagram.com/abogadavaleriaoportus/reel/DHHweSluKZK/
2025-03-06T00:19:15.000Z,29,1,NA,"Rapa Nui no es solo un destino de belleza indescriptible 🏝️, es un territorio con alma propia, historia viva y un marco jurídico especial ⚖️. Entre moáis imponentes 🗿, atardeceres de ensueño 🌅 y paisajes que quitan el aliento 🌊, también descubrí cómo la Ley N° 21.070 regula la residencia en la isla para proteger su ecosistema y su cultura. Aquí, tradición y derecho van de la mano ✨, en una lucha constante por la autodeterminación del pueblo Rapanui. Un viaje que no solo deja fotos increíbles 📸, sino también mucho en qué pensar… ¡y ganas de volver! 😍✈️",https://www.instagram.com/abogadavaleriaoportus/p/DG1mgAaOECy/
2025-02-22T02:47:43.000Z,19,0,NA,"🔴 Bancos multados por dar créditos a deudores de pensión de alimentos sin retener el 50% 💰⚖️ 
#PensiónDeAlimentos
#JusticiaParaLosNiños
#DerechosDeLosNiños
#BancosMultados
#DeudoresDePensiones
#ProtecciónInfantil
#LeyEsLey
#CMFChile
#DerechosFamiliares
#FinanzasPersonales
#ChileNoticias
#ActualidadChile
#ResponsabilidadParental
#PapitoCorazón
#NoMásDeudores
#JusticiaChile
#NoticiasChile
#DefiendeTusDerechos
#EducaciónFinanciera
#LeyChilena 
#abogadavaleriaoportus",https://www.instagram.com/abogadavaleriaoportus/reel/DGW95OruUZG/
2025-02-08T11:32:36.000Z,13,0,NA,"Es el clásico: mientras algunos guardan fotos de recuerdos felices, otras terminan siendo pruebas de incumplimientos, negligencias y líos legales ⚖️📸. A veces, una imagen no solo dice más que mil palabras… sino que también arma una demanda.#abogadavaleriaoportus #justiciaparatodos #derechofamiliar #abogadosentiktok #abogadoseninstagram",https://www.instagram.com/abogadavaleriaoportus/reel/DFz2zGkui97/
2025-02-07T21:20:46.000Z,5,0,NA,😅#abogadavaleriaoportus #justiciaparatodos #derechofamiliar #abogadosentiktok #abogadoseninstagram #abogadosdefamilia #justicia #derechosdelosniños,https://www.instagram.com/abogadavaleriaoportus/reel/DFyVR4qRS4b/
2025-02-06T17:15:30.000Z,18,0,NA,"🎉 ¡AL FIN! La espera terminó… y no, no es una nueva película, es algo que nos afecta a todos. 😱

💥 ¡Ya salió el decreto del Ministerio de Hacienda! Confirmando el nuevo Ingreso Mínimo Remuneracional que regirá desde el 1 de enero de 2025. Sí, ¡ya está! 🎆🎇

🔸 ¿Y qué significa esto? Les cuento...
👉 El nuevo ingreso mínimo será $510.636. O sea, más platita en el bolsillo de quienes menos tienen. ¡Bien por eso! 💸

🔹 Pero espera, que aquí no termina la historia…
Si el alimentante tiene 1 hijo, el mínimo de pensión será $204.255. Y si tiene 2 o más hijos, cada uno recibirá $153.191. Pero ojo, ¡puede que el tope del 50% de sus ingresos se sobrepase si se justifica! 😱💰

💡 ¿Qué significa todo esto?
Que la pensión de alimentos no es un número fijo, sino que depende de las necesidades de los niños y de la capacidad económica de ambos papás. Así que no se pongan a hacer cuentas con el sueldo, que no todo es tan sencillo. 😉

🔔 ¡Así que ya saben! A prepararse para 2025 con este nuevo panorama, y ojo que lo que realmente importa es el bienestar de los niños, no la cifra de la pensión.

🎤 Recuerden, ¡la cosa no es tan cuadrada como parece! ¡Nos vemos en el siguiente video! 😎💥#abogadavaleriaoportus #derechofamiliar #justiciaparatodos #abogadosentiktok #abogadoseninstagram #abogadosdefamilia #justicia",https://www.instagram.com/abogadavaleriaoportus/reel/DFvUbRYO4QB/
2025-02-02T14:32:43.000Z,7,0,NA,"📌 Si el otro progenitor no paga la pensión de alimentos, evade notificaciones o se esconde, no hacer nada solo perjudica a tu hijo. No exigir el cumplimiento genera una deuda enorme, afecta su calidad de vida y permite que el deudor siga impune.

⚠️ ¿Qué pasa si no tomas acciones legales?
❌ La deuda sigue creciendo y puede volverse impagable.
❌ Tu hijo no recibe lo que le corresponde para su alimentación, educación, salud, etc. 
❌ El deudor sigue evadiendo su responsabilidad sin consecuencias.
❌ Se pierden herramientas legales que podrían obligarlo a pagar.

🚨 ¡No dejes que la deuda siga creciendo! Exige el pago de la pensión para garantizar el bienestar de tu hijo, y si aún no has tomado acción, presenta la demanda cuanto antes.

#PensiónDeAlimentos #DerechoFamiliar #JusticiaParaLosNiños #NoMásDeudores #CumpleConTuHijo #AbogadosEnInstagram #AbogadosEnTikTok #AbogadaValeriaOportus ⚖️💼",https://www.instagram.com/abogadavaleriaoportus/reel/DFkufmIOEZ6/
2025-02-01T22:31:09.000Z,24,0,NA,"📌 ¿Se puede aumentar la pensión de alimentos? 💰🔄
Si la pensión de alimentos que recibes para tu hijo no cubre sus necesidades y el otro progenitor ha mejorado su situación económica, puedes solicitar un aumento.

En este video te explico cuándo y cómo hacerlo 🔍⚖️ No dejes pasar el tiempo, protege los derechos de tu hijo. ¡Quédate hasta el final para evitar errores que podrían costarte el caso! 👇#abogadavaleriaoportus #abogadoseninstagram #abogadosentiktok #abogadosenchile",https://www.instagram.com/abogadavaleriaoportus/reel/DFi63GMx4AH/
2025-01-28T23:20:29.000Z,12,0,NA,"💡 ¿Sabías que puedes resolver conflictos familiares sin largas esperas ni estrés?

La mediación familiar es un proceso rápido y confidencial donde, con la ayuda de un mediador neutral, las partes logran acuerdos sobre temas como cuidado personal, visitas o pensión alimenticia. 🏠✨

Ventajas de la mediación:
⏳ Más rápida: Olvídate de los largos juicios.
💸 Económica: Menos costos que un proceso judicial.
🤝 Colaborativa: Promueve el diálogo y la cooperación.
🔒 Confidencial: Todo se resuelve en privado.
😊 Menos estrés: Ambiente amigable y sin confrontaciones.
¡Una solución eficaz para preservar relaciones familiares y encontrar acuerdos que beneficien a todos! 👫❤️",https://www.instagram.com/abogadavaleriaoportus/reel/DFYzG8wuL1s/
2025-01-24T01:41:25.000Z,12,0,NA,"Como abogada, he tenido la oportunidad de acompañar a muchas familias que atraviesan momentos difíciles después de una separación, y comprendo lo complejo que puede ser lidiar con la sensación de que uno de los padres utiliza a los hijos como una forma de manipulación o castigo. Este tipo de situaciones suelen surgir en medio de disputas por la custodia, el régimen de visitas o la pensión alimenticia, y no es raro que estén impregnadas de emociones intensas como el enojo 😡 y la frustración 😤. A veces, estos comportamientos pueden estar relacionados con problemas reales, como la alienación parental, pero en otras ocasiones son más una percepción, que aunque genuina, no siempre está basada en hechos verificables. Lo más doloroso es el efecto que todo esto tiene en los niños 👶, quienes, sin quererlo, se convierten en el centro de un conflicto que no les corresponde. Por eso, creo firmemente que lo más importante es que los adultos pongan siempre por encima de todo el bienestar de los niños, manteniéndolos lo más alejados posible de estas disputas 💖. Los tribunales, en ese sentido, tienen la responsabilidad de velar por la estabilidad emocional de los menores y asegurar que crezcan en un entorno saludable, libre de tensiones que no deberían formar parte de su vida 🌱.

¿Alguna vez te has sentido atrapado en medio de un conflicto familiar, sintiendo que tus hijos están siendo utilizados como una moneda de cambio? 😞 ¡Cuéntame, te ha pasado algo similar? ¡Quiero saber tu experiencia! 💬

#AbogadaValeriaOportus #AbogadoDeTikTok #AbogadasEnInstagram #BienestarInfantil #CustodiaCompartida #DerechosDeLosNiños #AlienaciónParental #ProtecciónInfantil #BienestarFamiliar #DerechosDeFamilia #CustodiaYVisitas #AbogadosDeFamilia #JusticiaParaLosNiños",https://www.instagram.com/abogadavaleriaoportus/reel/DFMLOWStHCH/
2025-01-23T13:25:20.000Z,22,0,NA,"Tomarse tiempo para una misma no es un lujo, sino un derecho fundamental. Es una inversión en uno mismo que beneficia a toda la familia.  #autocuidado #maternidadconsciente #igualdaddegenero #derechosdelamujer #bienestar #saludmental
Recuerda, querida mujer, que tu bienestar es esencial. ¡Cuidarte a ti misma es un acto de amor propio y hacia los tuyos! ❤️",https://www.instagram.com/abogadavaleriaoportus/reel/DFK3DhMOyD5/
2025-01-10T12:40:13.000Z,15,0,NA,"Si necesitas más detalles sobre cómo este aumento podría afectarte o necesitas asesoría, no dudes en contactarme. Estoy aquí para ayudarte a resolver cualquier duda y guiarte en el proceso.

🔍 Para más información, ¡conversemos!

#PensionesDeAlimentos #DerechoFamiliar #AumentoDePensiones #AsesoríaLegal #AbogadosEnTikTok #AbogadosEnInstagram #AbogadaValeriaOportusY #Familia #Justicia #DerechosDeLosNiños #Abogados",https://www.instagram.com/abogadavaleriaoportus/reel/DEpSslZuZiy/
2025-01-09T21:01:08.000Z,49,15,NA,"¡Muchísimas gracias a todas las personas que se tomaron un minuto de su tiempo para desearme un feliz cumpleaños! 🎉🎂 Sus palabras y buenos deseos significan mucho para mí. Me siento muy afortunado/a de tenerlos en mi vida. 🙏🏼✨ ¡Gracias por hacer de este día algo aún más especial! 🥳💫

#Agradecido/a #FelizCumpleaños #Gracias #MuchoAmor #CumpleañosFeliz #Bendecida",https://www.instagram.com/abogadavaleriaoportus/reel/DEnnsyLxJ2T/
2025-01-16T23:11:45.000Z,9,1,NA,NA,https://www.instagram.com/abogadavaleriaoportus/reel/DEgGaOSOX47/
2025-01-04T22:04:25.000Z,15,2,NA,"Los hijos e hijas tienen derecho a recibir pensión de alimentos hasta los 21 años. 💼🎓 Sin embargo, si están estudiando una carrera o un oficio, este derecho puede extenderse hasta los 28 años. 📚👩‍🎓 Además, si tienen alguna incapacidad física o mental que les impida subsistir por sí mismos, o si el juez considera que es indispensable para su bienestar, la pensión puede continuar por más tiempo. 💙💪

#DerechosDeLosHijos #PensiónDeAlimentos #BienestarFamiliar #Ley #ProtecciónFamiliar #abogados #abogadoschile #abogadosinstagram #abogadostiktok #abogadavaleriaoportus",https://www.instagram.com/abogadavaleriaoportus/reel/DEa2eoXRNpo/
2025-01-04T20:55:54.000Z,5,0,NA,"💔 La dura realidad de las víctimas de violencia de género y la burocracia

Como abogada y como mujer, no puedo ignorar los enormes obstáculos que enfrentan las víctimas de violencia de género al buscar protección efectiva. Aunque las leyes están ahí para proteger, el camino está lleno de trámites burocráticos que ralentizan las medidas urgentes 🚷📄. Esta demora puede convertirse en una sentencia de riesgo para quienes más necesitan apoyo inmediato.

Imaginen el dolor y la frustración de una víctima que busca ayuda solo para encontrarse con una lista interminable de papeles, esperas y protocolos 😔. Cada minuto perdido puede marcar la diferencia entre la seguridad y una tragedia. Necesitamos un sistema que priorice a las personas, no solo los procedimientos.

💡 ¿Qué podemos hacer?
✔️ Exigir protocolos rápidos y efectivos.
✔️ Capacitar a funcionarios para actuar con empatía y urgencia.
✔️ Crear canales de denuncia accesibles y seguros 📞🛡️.

Las víctimas no deben sentirse solas ni desprotegidas. Como sociedad, debemos alzar la voz y exigir justicia más rápida y humana. Porque ninguna vida debería quedar en manos de la burocracia 🙅‍♀️⚖️.

#NiUnaMenos #JusticiaParaTodas #ProtecciónUrgente #BastaDeViolencia 🕊️💜 #abogadosinstagram #abogadoschile #abogadosdefamilia #abogadavaleriaoportus",https://www.instagram.com/abogadavaleriaoportus/reel/DEauqx9xfVo/
2025-01-03T21:03:49.000Z,11,1,NA,"¿Te imaginas un futuro sin deudas? 💸 La Liquidación Voluntaria es tu oportunidad para empezar de cero: entrega algunos bienes, olvídate de tus deudas y comienza un nuevo capítulo financiero. 📉➡️📈 ¡No esperes más! Si te sientes abrumado, ¡estoy aquí para ayudarte! 🙌

Consulta con tu abogada de confianza y libérate hoy mismo. 💼💥",https://www.instagram.com/abogadavaleriaoportus/reel/DEYLRQpx2Fw/
2025-01-01T13:23:02.000Z,5,0,NA,"¡Adiós, 2024, y gracias por tanto! 🙌❤️

Hoy miro hacia atrás y solo puedo sentir gratitud. Este año estuvo lleno de desafíos, logros, y momentos que me enseñaron más de lo que esperaba. 💼 A mi trabajo, que no solo es mi pasión, sino una forma de acompañar a tantas personas en sus luchas, gracias por seguir dándome propósito. A cada caso, cada cliente y cada historia que confió en mí, gracias por recordarme que la justicia es más que leyes: es humanidad.

A mi familia, mi gran pilar, gracias por sostenerme, por entender las ausencias y celebrar conmigo cada paso ganado. A mis amigos, que siempre están ahí para darme ánimo o simplemente escuchar, gracias por ser parte de mi equipo en la vida.

Y a Dios, porque sin Su guía nada de esto sería posible. Cada obstáculo superado, cada decisión difícil, cada momento de luz y esperanza es un reflejo de Su presencia constante. 🙏

El 2024 me hizo más fuerte, más sabia y, sobre todo, más agradecida. Ahora recibo el 2025 con el corazón lleno, lista para seguir construyendo, aprendiendo y ayudando.

¡Feliz Año Nuevo para todos! 🥂 Que este nuevo capítulo venga cargado de bendiciones, desafíos superados y sueños cumplidos. ✨
#Gracias2024 #Bienvenido2025 #ConFeYFuerza",https://www.instagram.com/abogadavaleriaoportus/reel/DESMUrmOojl/
2024-12-28T21:56:53.000Z,6,0,NA,"¡Mira el video hasta el final y descubre en qué comuna de la Región de Valparaíso ofrezco servicios de mediación familiar! 📹✨ La mediación es una herramienta fundamental para resolver conflictos de manera pacífica, promoviendo el diálogo y el entendimiento entre las partes. En mi práctica, busco ayudar a las familias a encontrar soluciones que prioricen el bienestar de todos, especialmente de los más pequeños. 🤝💖 
La mediación permite abordar temas como la custodia, pensiones de alimentos y acuerdos de visita, todo en un ambiente seguro y confidencial. ¡No dejes pasar la oportunidad de informarte y tomar decisiones que beneficien a tu familia! 🌈⚖️
#MediaciónFamiliar #ConflictosFamiliares #DerechosFamiliares #Valparaíso #ValeriaOportus #Abogado #AbogadoEnTikTok",https://www.instagram.com/abogadavaleriaoportus/reel/DEI0zCnRioJ/
2024-12-28T20:46:52.000Z,12,0,NA,"Mediación Familiar: Una Luz en Tiempos de Conflicto 💡✨
La mediación familiar es una herramienta poderosa para resolver esos conflictos que, a veces, parecen insuperables. En este proceso, un mediador o mediadora -una persona imparcial y profesional- acompaña a las partes para que, juntas, puedan encontrar la solución que mejor atienda sus necesidades 🤝❤️. Lo más bonito de la mediación es que no se trata de que alguien tome decisiones por ti. ¡No! Aquí, tú y la otra parte tienen la oportunidad de dialogar y llegar a acuerdos que funcionen para ambos 🗣️🤗.
Antes de dar el paso y presentar una demanda judicial, es fundamental recordar que en muchos casos están obligados a intentar una mediación previa. Esta mediación no solo es un requisito, sino una oportunidad para abordar el conflicto de manera pacífica y constructiva. Además, es importante subrayar que participar en la mediación y llegar a un acuerdo es completamente voluntario. ¡No hay presión! 🚫🧑‍⚖️
Ahora, ¿cuáles son esos temas que deben ser sometidos a mediación antes de entrar al Tribunal de Familia? Aquí te los enumero:
Pensión de alimentos 🍽️: Debes discutir el monto y la forma de pago para asegurar el bienestar de los niños.
Relación directa y regular (visitas) 🕒👶: Es esencial establecer un plan que respete y fomente el vínculo entre el niño y ambos padres.
Cuidado personal o sus modificaciones 🏡👨‍👩‍👧: Aquí se trata de decidir con quién vivirán los menores y cómo se manejarán los cambios que puedan surgir.
Recuerda, la mediación es un camino hacia la paz familiar y una oportunidad para que todos sean escuchados 🤗💞. Si te encuentras en esta situación, considera seriamente la mediación como tu primer paso. ¡Es un gran comienzo hacia la resolución y la armonía familiar! 🌈✨
#MediaciónFamiliar #DerechoFamiliar #ResoluciónDeConflictos #BienestarFamiliar #CuidadoDeLosNiños #PazFamiliar #AbogadosDeFamilia #ValeriaOportus #Abogado #AbogadoEnTikTok",https://www.instagram.com/abogadavaleriaoportus/reel/DEIsziCRH5p/
2024-12-27T21:08:59.000Z,8,0,NA,Una buena opinión de un cliente es más que palabras; es el reconocimiento a un trabajo que marcó una diferencia en su vida. 💼✨⚖️ #EntreEsos #AbogadaValeriaOportus #AbogadoEnInstagram #AbogadosEnTikTok #Confianza #Justicia #TrabajoBienHecho,https://www.instagram.com/abogadavaleriaoportus/reel/DEGKlUFxe-b/
2024-12-26T11:52:30.000Z,40,2,NA,"Son mi mayor bendición y la razón por la que hasta el árbol navideño 🎄 se siente más feliz. ¡Gracias por hacer que la vida sea tan increíble a su lado!
Feliz navidad 🎁🎄",https://www.instagram.com/abogadavaleriaoportus/reel/DECl4VixSIl/
2024-12-24T14:29:23.000Z,14,0,NA,"En Chile, los niños, niñas y adolescentes (NNA) que se encuentran bajo la tutela del Estado en residencias institucionalizadas siguen enfrentando graves vulneraciones a sus derechos fundamentales, incluyendo abusos físicos, psicológicos y sexuales. 🚨👶 A pesar de los esfuerzos legislativos recientes, como la creación de la ley Mejor Niñez, y los avances en la implementación de políticas públicas orientadas a la protección infantil, el sistema continúa siendo insuficiente y presenta falencias estructurales que perpetúan estas situaciones de riesgo. ⚖️💔

Fundación YNES, a lo largo de los años, ha estado profundamente involucrada en la defensa de los derechos de los NNA, participando activamente en la creación de legislación clave, como la ley de imprescriptibilidad del abuso sexual infantil, y en la denuncia de abusos dentro de instituciones como el Sename. 👩‍⚖️📚 Además, ha promovido reformas orientadas a garantizar el egreso asistido de los jóvenes del sistema y ha impulsado iniciativas para sensibilizar a la sociedad sobre la urgencia de cambios en el marco normativo y la práctica institucional. 💪🌍

No obstante, a pesar de todos estos esfuerzos, los resultados aún son limitados. La visibilidad de las problemáticas que enfrentan los NNA en estas instituciones sigue siendo uno de los principales desafíos. 🔎 Es fundamental que la sociedad, los actores políticos y los organismos de protección tomen conciencia de la magnitud de estas vulneraciones y actúen con urgencia para garantizar que los NNA reciban la protección que merecen. 🛡️💖 La visibilidad y el trabajo conjunto son cruciales para que las políticas de protección infantil sean efectivas y logren un impacto real en la vida de los niños, niñas y adolescentes más vulnerables. 👶👦👧

#DerechosDeLaInfancia #ProtecciónInfantil #FundaciónYNES #NiñezYAdolescencia #JusticiaParaLosNiños #StopAbusoInfantil #MejorNiñez #LeyDeImprescriptibilidad #LuchaPorLaNiñez #CambiosQueTransforman #NiñosSinVoz #FundaciónYNES #AbogadaValeriaOportus #AbogadosEnInstagram #AbogadosEnTikTok 🙌💪🛑",https://www.instagram.com/fundacionynes/reel/DD9udraxjQi/
2024-12-24T14:27:32.000Z,17,3,NA,"En Chile, los niños, niñas y adolescentes (NNA) que se encuentran bajo la tutela del Estado en residencias institucionalizadas siguen enfrentando graves vulneraciones a sus derechos fundamentales, incluyendo abusos físicos, psicológicos y sexuales. 🚨👶 A pesar de los esfuerzos legislativos recientes, como la creación de la ley Mejor Niñez, y los avances en la implementación de políticas públicas orientadas a la protección infantil, el sistema continúa siendo insuficiente y presenta falencias estructurales que perpetúan estas situaciones de riesgo. ⚖️💔

Fundación YNES, a lo largo de los años, ha estado profundamente involucrada en la defensa de los derechos de los NNA, participando activamente en la creación de legislación clave, como la ley de imprescriptibilidad del abuso sexual infantil, y en la denuncia de abusos dentro de instituciones como el Sename. 👩‍⚖️📚 Además, ha promovido reformas orientadas a garantizar el egreso asistido de los jóvenes del sistema y ha impulsado iniciativas para sensibilizar a la sociedad sobre la urgencia de cambios en el marco normativo y la práctica institucional. 💪🌍

No obstante, a pesar de todos estos esfuerzos, los resultados aún son limitados. La visibilidad de las problemáticas que enfrentan los NNA en estas instituciones sigue siendo uno de los principales desafíos. 🔎 Es fundamental que la sociedad, los actores políticos y los organismos de protección tomen conciencia de la magnitud de estas vulneraciones y actúen con urgencia para garantizar que los NNA reciban la protección que merecen. 🛡️💖 La visibilidad y el trabajo conjunto son cruciales para que las políticas de protección infantil sean efectivas y logren un impacto real en la vida de los niños, niñas y adolescentes más vulnerables. 👶👦👧

#DerechosDeLaInfancia #ProtecciónInfantil #FundaciónYNES #NiñezYAdolescencia #JusticiaParaLosNiños #StopAbusoInfantil #MejorNiñez #LeyDeImprescriptibilidad #LuchaPorLaNiñez #CambiosQueTransforman #NiñosSinVoz #FundaciónYNES #AbogadaValeriaOportus #AbogadosEnInstagram #AbogadosEnTikTok 🙌💪🛑",https://www.instagram.com/abogadavaleriaoportus/reel/DD9uRT1Oq_1/
2024-12-24T13:30:14.000Z,8,1,NA,"¡Hola a todos! 🎄💖 En esta Navidad quiero agradecerles de corazón por todo lo que me han permitido vivir junto a ustedes. Gracias por elegirme, por confiar en mí, pero sobre todo, por compartir sus historias, sus momentos difíciles y sus sueños. Cada caso ha sido una oportunidad para aprender, para crecer, y quiero que sepan que cada uno de ustedes ha sido clave en mi propio crecimiento este 2024. 🌟✨

Este año ha sido tremendo, con momentos de mucha reflexión y también de muchos logros. Y todo eso ha sido posible gracias a la confianza que depositaron en mí. 🙏🏼💪🏼

Les deseo una Feliz Navidad, que esté llena de amor, alegría y todo lo bueno que se merecen. Y un Año Nuevo lleno de nuevos comienzos, retos y oportunidades. ¡Estoy segura de que lo mejor está por venir! 🎉🎁

Gracias, de verdad, por ser parte de mi camino. ¡Nos seguimos encontrando en este viaje! 💫

#GraciasPorConfiar #FelizNavidad #PrósperoAñoNuevo #CrecimientoJuntos #AbogadaValeriaOportus #AbogadoEnInstagram #AbogadosEnTikTok #CuálAeropuerto 🎄🎉✨",https://www.instagram.com/abogadavaleriaoportus/reel/DD9nx0OueEQ/
2024-12-24T01:12:51.000Z,15,0,NA,"En el espacio de consulta, todo tipo de conversaciones tienen cabida. 💬✨ No hay preguntas absurdas, fuera de lugar o “demasiado simples”; cada duda es un reflejo de una inquietud válida que merece atención y respuesta. 💼❓ Porque en la búsqueda de soluciones, hasta lo que parece ilógico puede ser la clave para resolver grandes desafíos. 🔑⚖️ Sin embargo, debo admitir que hay ciertas preguntas que realmente me dejan marcando ocupado... ¡pero siempre estamos aquí para encontrar respuestas junt@s! 🌟🙃 Tu confianza es el primer paso hacia un camino jurídico claro y justo. 🌟🙌

#ConfíaEnTuAbogada #ConsultasLegales #TusDerechosImportan #NoHayPreguntasAbsurdas #MarcandoOcupado #AbogadaValeriaOportus #AbogadosEnInstagram #AbogadosEnTikTok #JusticiaParaTodos #DerechoATuAlcance ⚖️🖋️",https://www.instagram.com/abogadavaleriaoportus/reel/DD8TTOdunFI/
2024-12-23T23:35:27.000Z,5,1,NA,"Una buena opinión sobre mi trabajo significa mucho más que una simple valoración; es un reflejo de la confianza que han depositado en mí y el impacto positivo que puedo generar en la vida de las personas. Para mí, cada testimonio o palabra amable es un recordatorio de que el esfuerzo, el compromiso y el cuidado con el que hago mi labor realmente marcan la diferencia. Es como recibir un abrazo que me motiva a seguir dando lo mejor de mí, siempre buscando la justicia y el bienestar de quienes confían en mí. 😊✨

Y cuando esos comentarios llegan, me dan la fuerza y la motivación para seguir adelante, sabiendo que mi trabajo tiene un propósito mucho más grande que simplemente resolver casos. Se trata de ayudar, apoyar y acompañar en momentos importantes de la vida. 🙏💪

#GraciasPorTuConfianza #ImpactoPositivo #TrabajoConCorazón #Valoración #Motivación #Emocionada #Compromiso #JusticiaParaTodos #ValeriaOportus #AbogadoEnInstagram #AbogadosEnTikTok",https://www.instagram.com/abogadavaleriaoportus/reel/DD8H-tLOgU2/
2024-12-23T20:41:40.000Z,6,0,NA,"“En la vida, como en el derecho, todo se resuelve con comunicación, paciencia… y tal vez un par de testigos” refleja una verdad fundamental en la resolución de conflictos. En el ámbito legal, como en las relaciones personales, la comunicación efectiva es crucial para llegar a acuerdos y evitar malentendidos 📞. La paciencia se convierte en una virtud clave, especialmente cuando las partes involucradas no logran ponerse de acuerdo de inmediato 🕰️, ya que los procesos suelen ser largos y demandan tiempo.

El “par de testigos” hace alusión a la necesidad de contar con pruebas o testimonios para sustentar los argumentos 📝. En el derecho, las pruebas son esenciales para demostrar la veracidad de los hechos y las alegaciones de las partes. Así, la frase pone en evidencia que, tanto en el día a día como en los procedimientos legales, la clave para llegar a una resolución justa radica en una combinación de diálogo, paciencia y el respaldo de hechos verificables 💼.

#ComunicaciónEsClave #PacienciaYAcción #PruebasQueHablan #ResoluciónDeConflictos #DerechoYVida #AbogadasEnTikTok #AbogadosEnInstagram #AbogadaValeriaOportus",https://www.instagram.com/abogadavaleriaoportus/reel/DD7z8KBRXIe/
2024-12-21T16:47:17.000Z,11,1,NA,"Si un padre o madre impide que el otro progenitor vea a sus hijos, está vulnerando los derechos del niño. La ley establece que ambos padres deben garantizar que los hijos mantengan una relación con ambos 👨‍👩‍👧‍👦, y el incumplimiento de este derecho puede ser tratado legalmente ⚖️. Se puede recurrir al tribunal para exigir el cumplimiento del régimen de visitas 🏛️. Es importante actuar ante cualquier intento de obstrucción de este derecho, y buscar orientación legal si es necesario 📞👩‍⚖️ para proteger el bienestar de los hijos.

#DerechosFamiliares #VisitasNavidad #BienestarInfantil #MediaciónFamiliar #AsesoríaLegal #DerechosDeLosNiños #NavidadEnFamilia #ProtecciónInfantil #FamiliaUnida #DerechoDeVisitas",https://www.instagram.com/abogadavaleriaoportus/reel/DD2P1ByR-S2/
2024-12-16T02:37:42.000Z,27,2,NA,"Colomba, la más pequeña de los Cisternas Rodríguez, es puro corazón y carácter. 💕 Dulce como un angelito 😇, pero con esa mirada que te lee hasta los pensamientos 👀. Con su fuerza y determinación, estoy segura de que llegará lejos, ¡y por mí, ojalá sea la abogada más brillante! ⚖️ Pero claro, como madrina buena (o al menos en entrenamiento), la apoyaré en lo que ella quiera ser… aunque idealmente sea abogada, porque ya la imagino ganando casos con su estilo único. 🥰✨ ¡Es maravillosa, y no se le va una!",https://www.instagram.com/abogadavaleriaoportus/reel/DDn2upIOAkj/
2024-12-14T14:00:20.000Z,13,1,NA,"No hay nada más satisfactorio que llegar a un entendimiento en el que todas las partes encuentren una solución justa y equilibrada 🤝⚖️. Un acuerdo bien logrado no solo cierra capítulos importantes 📚, sino que también permite seguir adelante con tranquilidad 🕊️ y sin conflictos, dejando atrás lo que no aporta 🚪. ¡Y qué mejor manera de celebrar las fiestas que con la paz de haber resuelto lo pendiente! 🎄✨ #Paz #ResoluciónDeConflictos #AcuerdosJustos #NavidadSinConflictos #Tranquilidad #CausasResueltas #PazInterior #CelebrarConAlegría #SinPendientes #FelizNavidad #Abogados #AbogadosDeFamilia #AbogadosEnAcción #Derecho #Justicia #Abogacía #Mediación #abogadavaleriaoportus #abogadoseninstagram #abogadosentiktok",https://www.instagram.com/abogadavaleriaoportus/reel/DDj7WeXOs8a/
2024-12-14T01:32:14.000Z,12,0,NA,"Cada día, veo cómo los niños, atrapados en la guerra emocional de sus padres, se ven obligados a elegir entre el amor de ambos. 😔💔 En ocasiones, se sienten responsables de las discusiones y su único deseo es ver a sus padres en paz, sin que sus corazones tengan que cargar con la división que los adultos no logran superar. 💔😞 Es desgarrador observar cómo estas heridas emocionales marcan profundamente a los más pequeños, especialmente en fechas como Navidad, cuando lo único que deberían estar esperando es el amor y la tranquilidad. 🎄💔

#NiñosNoSonMonedaDeCambio #PazParaLosNiños #AmorSinCondiciones #NavidadSinDivisiones #FamiliaUnida #CuidemosALosNiños #NiñosEnPaz #NavidadEnPaz #AbogadaValeriaOportus #AbogadosEnTikTok #AbogadoEnInstagram",https://www.instagram.com/abogadavaleriaoportus/p/DDilq6PutGI/
2024-12-11T15:20:05.000Z,23,2,NA,"Como abogada, estoy segura de que a más de un colega le ha pasado: estás en plena redacción de una demanda, poniendo todo tu talento y pasión en cada palabra, hasta que tu notebook parece pedirte un autógrafo por lo bien que está quedando. 😌💻✍️ Pero, claro, el juez, tan concentrado en su propio mundo, ni siquiera se percata de tu obra maestra. 😂⚖️ ¡Esos momentos en los que, aunque haces magia con las palabras, nadie te da el reconocimiento que mereces! #VidaDeAbogada #TrabajoConEstilo #RedacciónPerfecta #JuezEnSuMundo #NoHayReconocimiento #abogadavaleriaoportus #abogadostiktok #abogadoseninstagram #abogadaschile #abogadafamilia",https://www.instagram.com/abogadavaleriaoportus/reel/DDcV_ykOttb/
2024-12-10T22:47:39.000Z,21,0,NA,"🌟 Hoy marcamos un hito importante, pero incompleto. 🌟

El Presidente firmó el decreto que crea la Comisión Asesora Presidencial para esclarecer las vulneraciones a los derechos humanos de niños, niñas y adolescentes bajo custodia del Sename. 🖋️👩‍⚖️ Sin embargo, esta comisión no incluye representación efectiva de las víctimas, lo que vulnera sus derechos y perpetúa su exclusión. ❌⚖️

💔 ¿Cómo se puede hablar de verdad, justicia y reparación sin escuchar a quienes sufrieron torturas y abusos bajo la protección del Estado? 💔

Desde Fundación Ynes, alzamos la voz 🙋‍♀️💬 y hacemos un llamado urgente al Gobierno: ¡corrijan esta grave omisión! 🛑⚡

Las víctimas merecen un proceso transparente, inclusivo y que garantice su participación en la búsqueda de la verdad. 🕊️🤝 ¡Basta de abusos! ✊💪

#Inclusive #AbogadaValeriaOportus #JusticiaParaLasVíctimas #AbogadosEnInstagram #AbogadoEnTikTok #VerdadReparaciónJusticia #DerechosHumanos #NoMásAbusos",https://www.instagram.com/abogadavaleriaoportus/reel/DDakUkcOg5D/
2024-12-09T23:40:11.000Z,26,1,NA,Sé que cada obstáculo es solo una lección esperando ser aprendida. 📚,https://www.instagram.com/abogadavaleriaoportus/reel/DDYFQFLuwmA/
2024-12-09T20:04:51.000Z,19,1,NA,"La implicación de una jueza de policía local en presuntos delitos 🕵️‍♀️⚠️ mina la confianza pública en el sistema legal en su conjunto ⚖️💔. Es esencial que todos los operadores de justicia 👩‍⚖️👨‍⚖️, independientemente de su dependencia institucional, mantengan los más altos estándares éticos 🛡️✨ para preservar la credibilidad de nuestras instituciones 🏛️🤝.

#JusticiaParaTodos #ÉticaJudicial #ConfianzaCiudadana #LeyYOrden #ResponsabilidadPública #Transparencia #IntegridadPrimero #SistemaLegal #AbogadosDeChile #DerechoYÉtica #AbogadosEnInstagram #AbogadosEnTikTok #AbogadaValeriaOportus",https://www.instagram.com/abogadavaleriaoportus/reel/DDXs5CKRSqF/
2024-12-03T23:40:14.000Z,11,0,NA,"💫 Leer las palabras de quienes han depositado su confianza en mí es una de las mayores satisfacciones. Cada caso representa un triunfo compartido, y cada resultado, una razón para sentir orgullo. Aquí no encontrarás solo promesas, sino un verdadero compromiso y resultados que dejan huella. 🌟 Te invito a explorar en mi perfil los testimonios que me motivan a dar lo mejor cada día.

#ComprometidaContigo #HistoriasQueInspiran #ResultadosQueHablan #AbogadaDeConfianza #CadaCasoImporta #TestimoniosReales #DerechoConCorazón #JusticiaFamiliar #ÉxitosLegales #EnfoqueReal #AbogadosQueMarcanLaDiferencia #ValeriaOportus",https://www.instagram.com/abogadavaleriaoportus/reel/DDIo3YFOOVK/
2024-12-03T23:21:08.000Z,18,1,NA,"¿Sabías que conocer tus derechos y entender cómo funcionan los procesos legales puede ser tu mayor ventaja? 🤔📚 Tener esta información no solo te da las herramientas para defenderte, sino que también te permite tomar decisiones más seguras y con confianza 💪. Imagina cómo te sentirías si pudieras enfrentar cualquier situación con tranquilidad y control sobre tu vida. Pero, por encima de todo, es fundamental contar siempre con un abogado de confianza y, lo más importante, especializado en la materia que necesites ⚖️. ¿Te ha pasado alguna vez que sentiste que no sabías qué hacer ante un desafío legal? ¡Comparte tu opinión y cuéntanos! 👇✨

#AbogadaValeriaOportus #AbogadosEnInstagram #AbogadosEnTikTokYMás #RelacionadoConElTema #DerechosLegales #EmpoderamientoLegal #JusticiaParaTodos #AbogadosDeConfianza #DerechosDeFamilia #DefensaLegal #AbogadaEspecializada #MujeresEmpoderadas #DerechoYJusticia #ConoceTusDerechos",https://www.instagram.com/abogadavaleriaoportus/reel/DDImqu3usAe/
2024-12-02T20:54:11.000Z,18,2,NA,"A todas las víctimas de violencia de género: No están solas. 🌸💪 Cada paso que dan hacia la libertad y la justicia es un acto de valentía inmensa. Hablen, busquen apoyo, y recuerden que merecen una vida llena de respeto y amor. 🕊️❤️ Siempre hay alguien dispuesto a escucharlas y ayudarlas. 🌟✨ Te escucho. 💬

#AbogadosEnTikTok #AbogadosEnInstagram #AbogadaValeriaOportus #ViolenciaDeGenero #JusticiaParaTodos #DerechosHumanos #NoEstásSola #FuerzaYValor #AbogadosDeFamilia #StopViolenciaDeGenero",https://www.instagram.com/abogadavaleriaoportus/reel/DDFxC3hP4s-/
2024-11-30T12:15:09.000Z,14,6,NA,"Presentar denuncias falsas no solo es un abuso del sistema de justicia ⚖️, sino que también tiene consecuencias graves para las personas acusadas injustamente 😔 y para la sociedad en general 🌍. Este tipo de conductas afecta la credibilidad de las verdaderas víctimas 💔 y sobrecarga innecesariamente a los tribunales y organismos encargados de investigar 📂.

#AbogadaValeriaOportus #AbogadosEnInstagram #AbogadosEnTikTok #JusticiaParaTodos #DerechoPenal #VerdadYJusticia #DenunciasFalsas #SistemaJudicial #ÉticaLegal #AbogacíaResponsable",https://www.instagram.com/abogadavaleriaoportus/reel/DC_sLntt663/
2024-11-30T03:52:30.000Z,17,6,NA,NA,https://www.instagram.com/abogadavaleriaoportus/reel/DC8L5zPN4g-/
2024-11-28T21:37:56.000Z,6,0,NA,"¿Sabías que un divorcio no tiene por qué ser un proceso lleno de conflictos? 🤔 Es posible llevarlo de manera tranquila y respetuosa, siempre buscando lo mejor para todos los involucrados, especialmente si hay hijos de por medio 👶👧. El divorcio es simplemente el acto legal que pone fin a un matrimonio, permitiendo que cada parte siga su vida por separado, respetando acuerdos sobre la distribución de bienes 💼, pensión alimenticia 💵 y la custodia de los hijos 👨‍👩‍👧‍👦, si es el caso.

El proceso puede ser tan sencillo como alcanzar un acuerdo mutuo entre las partes ✍️, o bien, en situaciones donde no hay consenso, puede requerir intervención judicial ⚖️. Lo importante es mantener siempre la calma y el enfoque en lo que realmente importa: el bienestar de todos 💖.

Si estás atravesando por una situación similar, recuerda que el diálogo y la mediación son claves para llegar a un acuerdo justo 🗣️🤝.

#DivorcioSinDramas #DerechoFamiliar #MediaciónFamiliar #BienestarFamiliar #SeparaciónSinConflictos #DivorcioTranquilo #FamiliasEnPaz #AbogadaValeriaoportus #AbogadosEnInstagram #AbogadosEnTikTok",https://www.instagram.com/abogadavaleriaoportus/reel/DC7iOapvwjA/
2024-11-28T21:27:49.000Z,9,0,NA,NA,https://www.instagram.com/abogadavaleriaoportus/reel/DC7htzCvPr-/
2024-11-26T15:39:19.000Z,15,0,NA,"El proceso de separación puede ser #complejo 🤯, pero seguir un enfoque #ordenado 📋 y #responsable ✅ garantiza decisiones #justas ⚖️ que beneficien a todos los involucrados, especialmente a los #hijos 👶❤️. Es clave #formalizar 📝 cada acuerdo y actuar con #precisión 🎯 para evitar #conflictos futuros 🚫⚡. Recordemos que el #bienestaremocional 😊🧠 y #legal ⚖️ debe ir de la mano, priorizando siempre el #interéssuperiordelniño 👦👧 y buscando #solucionesprácticas 💡 que permitan una #transición llevadera 🚶‍♀️➡️ hacia esta nueva etapa. Con una #gestiónadecuada 🛠️, es posible superar este proceso de forma #respetuosa 🤝 y #constructiva 🏗️.

#abogadavaleriaoportus #abogadosinstagram 💼📸 #abogadostiktok 🎥👩‍⚖️",https://www.instagram.com/abogadavaleriaoportus/reel/DC1oXQ0pTRd/
2024-11-24T02:32:25.000Z,19,0,NA,"Porque el equilibrio entre el trabajo y la maternidad no es fácil, pero cada pequeño esfuerzo cuenta para enseñar valores, amor y perseverancia. 💼👩‍⚖️💛👩‍👧‍👦📚✨

#MadreAbogada #JusticiaConAmor #ValoresQueInspiran #AbogadaYMadre #EquilibrioPerfecto #MaternidadConPropósito #LeyesYAmor #FamiliaPrimero #ResilienciaDiaria #CadaEsfuerzoCuenta 💕✨📖",https://www.instagram.com/abogadavaleriaoportus/reel/DCvMO2etC1-/
2024-11-23T20:08:33.000Z,35,0,NA,"“Legalmente imparable” significa tener la capacidad de enfrentar cualquier desafío legal con determinación y habilidad. 💪📚 Es estar preparada para cualquier situación, adaptarse a cambios y defender los derechos de manera firme, sin rendirse. 🏛️🔒 ¡Siempre avanzando hacia la victoria! ✨

#AbogadosEnTikTok #AbogadosEnInstagram #AbogadaValerioOportus #AbogadosEnRedes #AbogadaDeDerecho #TendenciasJurídicas #AbogadaConEstilo #DerechoDivertido #ConsejosLegales #LeyYRedes #AbogadosEnAcción #JusticiaYRedes #RedesSocialesYDerecho #LegalmenteConectados #AbogadosDeModa #AbogadaDelFuturo #TikTokLegal #InstagramLegal #DerechoContemporáneo #AbogadaDeImpacto #LeyConActitud",https://www.instagram.com/abogadavaleriaoportus/reel/DCuftoRPdr_/
2024-11-23T18:54:34.000Z,9,0,NA,"En familia, cada caso tiene sus particularidades y puede volverse más complejo de lo esperado ⚖️. Resolver estos asuntos requiere mucho más que paciencia: necesitas una estrategia clara, pruebas sólidas y un abogado especializado que sepa cómo manejar cada detalle 💼.

La clave está en elegir a quien te asesore, porque un buen profesional no solo defiende tus derechos, sino que también planifica, anticipa y busca soluciones efectivas para proteger tus intereses.

¡No dejes tus decisiones en manos de cualquiera! Asesórate con expertos y asegura el mejor resultado 💪📑. #LaEstrategiaEsClave #ConfíaEnProfesionales #abogadavaleriaoportus #DerechoDeFamilia #AsesoríaLegal #ProtegeTusDerechos #EstrategiaLegal #AbogadosDeFamilia #ConfíaEnExpertos #SolucionesLegales #DefiendeLoTuyo #JusticiaFamiliar #DerechosFamiliares #AbogadoEspecializado #ProtecciónLegal #CasosFamiliares #ResolviendoConflictos #FamiliaYJusticia",https://www.instagram.com/abogadavaleriaoportus/reel/DCuYNROP2_z/
2024-11-21T21:01:26.000Z,17,0,NA,"Como abogada te lo digo: los padres separados pueden discutir por todo—pensiones 💸, visitas 🚗, horarios ⏰—pero hay algo que mágicamente los une 💬🤝: el grupo de WhatsApp del colegio 🏫. Ese espacio donde ambos sufren por los memes innecesarios 😂, las cadenas eternas 📜 y los ‘urgente, faltan $5.000 para la rifa’ a las 11 PM 😩. Así que, aunque haya conflicto, al menos en esto hay consenso: ¡es un suplicio compartido! 🫠📱 #AbogadaDeFamilia #WhatsAppDelColegio #UnidadEnElCaos #abogadavaleriaoportus",https://www.instagram.com/abogadavaleriaoportus/reel/DCpdFObvX6s/
2024-11-19T13:34:31.000Z,12,0,NA,"Las denuncias falsas son un tema serio ⚖️ que afecta no solo a la persona acusada, sino también a la integridad del sistema judicial 🏛️. Es fundamental recordar que realizar una acusación falsa no solo perjudica a quienes son injustamente señalados 🚫, sino que también desvía recursos valiosos 💸 y pone en peligro a quienes realmente necesitan protección 🙋‍♂️🙋‍♀️. Las personas deben ser conscientes de las consecuencias legales y emocionales de presentar denuncias sin fundamento 🚔, ya que esto puede tener repercusiones graves tanto para los acusados como para quienes hacen las acusaciones de manera irresponsable ❗. El sistema de justicia debe ser utilizado con seriedad y responsabilidad para garantizar la protección y el bienestar de todos ⚖️💼.

#DenunciasFalsas #JusticiaResponsable #ConsecuenciasLegales #ProtecciónDeDerechos #JusticiaEquitativa #SistemadeJusticia #RespetoALosDerechos #AbogadosInstagram #AbogadosTikTok #AbogadaValeriaOportus",https://www.instagram.com/abogadavaleriaoportus/reel/DCjgJsBpKXq/
2024-11-18T22:05:57.000Z,22,0,NA,"Los niños no deben ser expuestos a los conflictos de los adultos, ya que esto puede causarles daño emocional y afectar su desarrollo 🌱💔. La Convención sobre los Derechos del Niño garantiza su derecho a un entorno seguro 🏡✨ y a mantener una relación con ambos progenitores, siempre que esto sea en su interés superior ⚖️❤️.

Si el comportamiento de uno de los progenitores genera conflictos, manipulación o pone en riesgo el bienestar del niño, puede ser necesario limitar o supervisar el contacto para proteger su estabilidad emocional 🛡️🧠. Las decisiones sobre cuidado personal y relación directa y regular deben priorizar el interés superior del menor, garantizando un entorno seguro y respetuoso 🛑🤝.

El enfoque debe centrarse en proteger las necesidades y derechos de los niños, alejándolos de los problemas de los adultos y asegurando un ambiente saludable para su desarrollo 🌈👶.

#DerechoFamiliar #InterésSuperiorDelNiño #Custodia #Familia #AbogadosChile #DerechoDeFamilia #NiñezProtegida #DerechosDeLosNiños #ConflictosFamiliares #AbogadosDeFamilia #RelaciónDirectaYRegular #CustodiaCompartida #ProtecciónInfantil #LeyChilena #BienestarInfantil #AbogadosTikTok #AbogadosInstagram #AbogadaValeriaOportus",https://www.instagram.com/abogadavaleriaoportus/reel/DCh130xvqse/
2024-11-17T17:08:07.000Z,10,0,NA,"En cualquier análisis o resolución de conflictos, la perspectiva de género es importante, pero no debe imponerse sobre la perspectiva de infancia. La prioridad siempre debe ser el interés superior de los niños, niñas y adolescentes, garantizando su desarrollo integral, protección y derechos. 🌟👶🧒 Es fundamental que los profesionales y las instituciones enfoquen su trabajo desde una perspectiva que coloque las necesidades y el bienestar de la infancia en el centro. 🏡💛 Actuemos con responsabilidad y compromiso para asegurar que ninguna otra consideración desplace esta prioridad esencial. ✅⚖️

Si estás enfrentando una situación donde una denuncia por violencia intrafamiliar está siendo utilizada como herramienta estratégica, recuerda que el bienestar y los derechos de los niños siempre deben estar primero. 🧸✨ Busca apoyo legal y psicológico para garantizar su protección integral y asegurar que las decisiones se tomen en función de su interés superior, sin permitir manipulaciones que puedan dañarlos. 💔👨‍⚖️👩‍⚖️ No estás solo en esto: acércate a profesionales especializados y a las instituciones correspondientes para defender lo que realmente importa. 💪❤️

#ProtecciónInfantil 🛡️
#InterésSuperiorDelNiño 🌈
#DerechosDeLaInfancia 🧒👧
#JusticiaConPerspectiva ⚖️
#NiñezPrimero 🌟
#AbogadosTikTok 🎥
#AbogadosInstagram 📸
#AbogadaValeriaOportus 💼",https://www.instagram.com/abogadavaleriaoportus/reel/DCeuvC6PS8L/
2024-11-16T23:27:57.000Z,11,0,NA,"Cuando una madre miente con el propósito de alejar al padre de su hijo, no solo podría estar afectando los derechos del padre 🧑‍⚖️, sino, más gravemente, vulnerando el derecho fundamental del niño 🧒 a mantener una relación sana, estable y equilibrada con ambos progenitores ❤️. Este derecho es esencial para su desarrollo emocional y bienestar, tal como lo garantiza la Convención sobre los Derechos del Niño 📜 y la normativa en materia de familia ⚖️.

#AlienaciónParental #DerechosDelNiño #JusticiaFamiliar #AbogadosDeFamilia #ProtecciónInfantil #PadresResponsables #AbogadosTikTok #AbogadosInstagram #InterésSuperiorDelNiño #FamiliasFuertes",https://www.instagram.com/abogadavaleriaoportus/reel/DCc1zfrvhzd/
2024-11-14T19:07:22.000Z,11,2,NA,"Las discusiones entre un abogado y un juez en audiencia no deberían influir en el resultado del caso, ya que lo esencial son los hechos y el derecho aplicable 📜. Sin embargo, es fundamental mantener el respeto y la profesionalidad para no alterar el orden judicial ⚖️✨. Tanto jueces como abogados deben actuar con respeto 🤝 y el juez con imparcialidad. Una conducta adecuada garantiza que el proceso se desarrolle con justicia y sin perjuicios ⏳⚖️.

¿Alguna vez te ha ocurrido una situación así en alguna audiencia? ¡Comparte tu experiencia! 💼👩‍⚖️👨‍⚖️

#Abogados #Derecho #Justicia #Imparcialidad #RespetoEnElTribunal #OrdenJudicial #AbogadoDeDerecho #AudienciaJudicial #CulturaLegal #DerechoYRespeto #AbogadosVirales #JusticiaParaTodos #ProcesoJudicial #abogadavaleriaoportus",https://www.instagram.com/abogadavaleriaoportus/reel/DCXOd4xvREv/
2024-11-14T17:47:29.000Z,6,0,NA,"Amenazas como “nunca más verás a tus hijos” en conflictos familiares pueden considerarse manipulación emocional 😞💔 y violencia psicológica 💢, afectando tanto al progenitor 😔 como a los hijos 👧👦. Legalmente ⚖️, estos actos pueden interpretarse como alienación parental 🛑👥, interfiriendo en la relación 💔 entre un progenitor y sus hijos. Dado que el interés superior del menor 👶 es prioritario 🌟, los tribunales 🏛️ pueden intervenir para asegurar un régimen de visitas 🤝 que proteja el vínculo 💖 con ambos padres 👨‍👩‍👧‍👦.

👉 No permitas que una amenaza te aleje de tus hijos. Documenta cada incidente y busca asesoría legal para proteger tus derechos y el bienestar de los menores 💪👨‍⚖️👩‍⚖️.

#DerechosDeFamilia ⚖️ #ProtegeATusHijos 👶💙 #InteresSuperiorDelMenor 👧👦 #DerechoDeVisitas 🤝 #NoALaAlienacionParental 🚫 #ApoyoLegal 👨‍⚖️👩‍⚖️ #FuerzaParaLasFamilias 💪 #UnidosPorLosNiños 💖",https://www.instagram.com/abogadavaleriaoportus/reel/DCXFZMDvs9f/
2024-11-13T11:32:25.000Z,11,0,NA,"Como abogada, veo diariamente en los tribunales cómo las denuncias falsas pueden tener consecuencias devastadoras, especialmente en los casos que involucran a los hijos 👨‍👩‍👧‍👦. Cuando uno de los padres es obligado a alejarse debido a una acusación infundada, el impacto psicológico y emocional sobre el niño es profundo 💔. Los niños, que aún están en proceso de entender el mundo a su alrededor, suelen preguntarse por qué su papá (o mamá) ya no está presente, por qué no viene a verlos o no se comunica ❓. Esto genera confusión, tristeza e inseguridad, afectando su desarrollo emocional y su confianza en las personas que aman 🧸💭.

Las decisiones en los tribunales deben proteger el bienestar de los hijos ⚖️, pero cuando se presentan denuncias falsas, se distorsiona el propósito de estas medidas, y la relación entre padres e hijos es la más perjudicada. Es crucial, entonces, actuar con responsabilidad y coherencia en cualquier situación legal que involucre a los hijos 👶, asegurándonos de que nuestras acciones realmente protejan su bienestar y les permitan crecer con el amor y apoyo de ambos padres 💖, siempre que sea seguro para ellos.

#DerechoDeFamilia #JusticiaParaLosNiños #ProtecciónFamiliar #FalsasDenuncias #AmorDePadres #Familia #ProtecciónDeLosHijos #RelaciónPadreEHijo #DerechosDeLosNiños #TribunalesDeFamilia #BienestarInfantil #Abogados #DerechoYFamilia #AbogadosDeFamilia #Justicia #Derecho #abogadavaleriaoportus",https://www.instagram.com/abogadavaleriaoportus/reel/DCT1qYVJgQN/
2024-11-12T21:10:27.000Z,5,0,NA,"Es un verdadero placer recibir comentarios tan positivos de mis clientes. Cada palabra de agradecimiento y reconocimiento me llena de motivación para seguir trabajando con dedicación y pasión. Estoy profundamente agradecida por la confianza que depositan en mí y por permitirme ser parte de sus procesos legales. 💼💖🙌

Es un recordatorio constante de que lo que hago tiene un impacto real en la vida de las personas, y eso es lo que más me inspira. ¡Gracias por permitir que mi trabajo haga la diferencia! 🙏✨💪😊 #Agradecida #TrabajoConPasión #CompromisoTotal #ClientesFelices #Gratitud #Satisfacción #Virales #Inspiración #TrabajoBienHecho #Abogados #Derecho #ServiciosJurídicos #JusticiaParaTodos #AbogadosConCorazón #AbogadosDeFamilia #AsesoríaLegal #SolucionesJurídicas #abogadavaleriaoportus",https://www.instagram.com/abogadavaleriaoportus/reel/DCSTBNQv9W_/
2024-11-12T20:14:05.000Z,5,0,NA,"En muchos casos, las decisiones judiciales se toman de manera apresurada ⚖️, sin una investigación adecuada ni una evaluación imparcial de las pruebas 🧐. La ley debe garantizar que todas las partes puedan presentar su versión y que las decisiones se basen en pruebas sólidas 🔍, no en acusaciones infundadas 🚫. Permitir que una parte manipule la verdad es una violación de los derechos fundamentales 🛑, como el derecho a la defensa y a un juicio justo ⚖️. Esto no solo daña al progenitor injustamente acusado 😞, sino que también afecta emocionalmente a los niños 👶, quienes deberían ser siempre la prioridad en cualquier decisión judicial. #JusticiaFamiliar #DerechosDeLosNiños #ProtecciónFamiliar #CustodiaJusta #DenunciasFalsas #DerechoALaDefensa #EquidadJudicial #SeparaciónDePadres #ProcesoJusto #JusticiaParaLosPadres #AbogadaDeFamilia #FamiliaYDerechos #BajoAtaqueFamiliar #ReformaJudicial #JuicioJusto #DerechosHumanos #NiñosPrimero #SalvandoFamilias #NoALasDenunciasFalsas #JusticiaParaTodos #abogadavaleriaoportus",https://www.instagram.com/abogadavaleriaoportus/reel/DCSMNphvb8T/
2024-11-12T16:07:43.000Z,21,7,NA,"La mediación es un proceso donde un mediador imparcial 👩‍⚖️ ayuda a dos partes 🤝 a llegar a un acuerdo 💡 sin necesidad de ir a juicio ⚖️. El mediador facilita la comunicación 🗣️, promoviendo la comprensión 👂 y buscando una solución que beneficie a ambos 👐. ¡Es una forma de resolver disputas de manera pacífica y efectiva! 🌟💬😊

#Mediación #SoluciónDeConflictos #Acuerdo #Justicia #ResoluciónDeDisputas #Paz #TrabajoEnEquipo #ComunicarseEsClave #SinViolencia #EntenderParaAvanzar #M #MediarEsSolucionar #Abogados #Leyes #Derecho #JusticiaParaTodos",https://www.instagram.com/abogadavaleriaoportus/reel/DCRwL2HPtGQ/
2024-11-12T01:02:13.000Z,6,3,NA,"Este miedo no solo está relacionado con la incertidumbre de las decisiones judiciales, sino también con el impacto emocional y psicológico que una resolución injusta puede causar en los niños. Como padres, queremos garantizar que nuestros hijos crezcan en un ambiente seguro, amoroso y estable, y este miedo a veces puede nublar nuestra capacidad de tomar decisiones estratégicas durante el proceso.

Es fundamental estar informados, contar con el respaldo adecuado y tomar cada paso con la certeza de que estamos protegiendo los derechos y el bienestar de nuestros hijos. 🌟👨‍👩‍👧‍👦

Recuerda que el Derecho de Familia busca ante todo proteger el interés superior del niño, y esa es la base para asegurar que tu voz sea escuchada en el tribunal. 💼⚖️

#DerechoDeFamilia #Custodia #ProtecciónInfantil #BienestarFamiliar #Justicia #AbogadaDeFamilia #DerechosDeLosNiños #CustodiaCompartida #Madres #Padres #FamiliaSegura #ProcesoLegal #abogadavaleriaoportus",https://www.instagram.com/abogadavaleriaoportus/reel/DCQIugRvOt1/
2024-11-10T22:54:00.000Z,5,0,NA,"Sé lo frustrante que puede ser cuando el sistema, que debería proteger desde el primer momento a nuestros hijos, parece que en lugar de eso te hace luchar 😣 por cada derecho que ya les corresponde. Como abogada de familia, entiendo la angustia de ver a los padres enfrentarse a procesos que muchas veces parecen interminables 🕰️ y desgastantes 💔. A veces parece que cada paso cuesta más de lo que imaginabas, pero quiero recordarte que no estás solo en este camino 🌈.

Mi compromiso es acompañarte y defender lo que más amas, tus hijos 👧👦. Vamos a enfrentar esto juntos, a encontrar el apoyo y la justicia que mereces. Porque el amor y la seguridad de tus hijos no deberían ser una lucha, sino un derecho que juntos vamos a hacer valer 💪❤️.

🌟 Si necesitas orientación o solo alguien que escuche y te apoye, aquí estoy.

#ProtecciónInfantil #DerechoDeFamilia #Chile #DerechosDeLosNiños #JusticiaParaLasFamilias #NoEstásSolo #AbogadosDeFamiliaChile #abogadavaleriaoportus",https://www.instagram.com/abogadavaleriaoportus/reel/DCNVOokvIH0/
2024-11-05T11:34:42.000Z,6,0,NA,"💫 No hay nada que me haga más feliz que leer los testimonios de quienes han confiado en mí. Cada historia es un logro compartido, cada resultado es motivo de orgullo. Aquí no solo encontrarás palabras, sino un compromiso verdadero y resultados que marcan la diferencia. 🌟 Descubre en el enlace de mi perfil todos esos testimonios que me inspiran día a día.

#FelizDeAyudar #HistoriasQueInspiran #ResultadosReales #CompromisoConcreto #CadaHistoriaCuenta #AbogadaDeConfianza #TestimoniosReales #DerechoFamiliar #JusticiaParaTodos #ÉxitoLegal #TrendingLegal #ViralEnInstagram #CasosReales #AbogadosQueAyudan #abogadavaleriaoportus",https://www.instagram.com/abogadavaleriaoportus/reel/DB_PlbSJSj5/
2024-11-05T02:25:16.000Z,6,0,NA,"La justicia es un derecho fundamental que todos merecemos, no un privilegio de unos pocos. ⚖️✨ En una sociedad justa, cada persona tiene el derecho de acceder a un sistema legal que proteja sus derechos y garantice la igualdad ante la ley. ✊💖 No permitas que el miedo te detenga; estoy aquí como tu aliada para enfrentar juntos los desafíos. 💪🤝 Mi compromiso es acompañarte y brindarte el apoyo necesario en tu camino hacia la justicia. 🌟🚀

#JusticiaParaTodos #DerechosHumanos #IgualdadAnteLaLey #Chile #EmpoderamientoFemenino #Abogacía #AliadaLegal #LuchaPorLaJusticia #Solidaridad #CambioSocial #VocesQueInspiran #FuerzaFemenina #Equidad #DerechosDeLasMujeres #JusticiaSocial #UnidasPorLaJusticia #LeyYDerechos #Empoderamiento #Abogados #Derecho #Litigio #AbogadoDeFamilia #AbogadosEnAcción #LawyersOfInstagram #LegalAdvice #CommunitySupport #LegalRights #InstaLawyer #LegalAdvocacy #abogadavaleriaoportus",https://www.instagram.com/abogadavaleriaoportus/reel/DB-Qvqjp5Ks/
2024-11-05T01:52:05.000Z,21,0,NA,"Los años de trabajo en el ámbito de la infancia han sido el cimiento de nuestra identidad actual. 👶❤️ Gracias a los esfuerzos inquebrantables de aquellos que nos precedieron, hoy podemos ver y reconocer la dura realidad que muchos prefieren ignorar. 👀🌍 Es un legado que nos convoca a actuar, a no quedarnos de brazos cruzados, sino a seguir sus pasos con la misma valentad y determinación que ellos demostraron. 💪✨

El dolor y las dificultades que enfrentaron no son solo un testimonio de su resistencia; son un llamado a todos nosotros. 📢💔 Nos recuerdan que detrás de cada número hay un niño o una niña que espera un cambio, una oportunidad, un futuro mejor. 🌟👦👧 Su lucha constante y su compromiso apasionado nos inspiran a unir fuerzas y a trabajar juntos, no solo para visibilizar esta realidad, sino para transformarla en algo más justo y esperanzador. 🤝🌈 Cada uno de nosotros tiene el poder de marcar la diferencia, y es nuestra responsabilidad tomar acción en honor a quienes nos precedieron y en defensa de quienes aún luchan por ser escuchados. 🙌💖

Vanesa Hermosilla 👏🏻

#Infancia #DerechosDelNiño #CuidadoInfantil #CambioSocial #JusticiaParaLosNiños #EmpoderamientoInfantil #LuchaPorLaInfancia #Solidaridad #Esperanza #FamiliasFuertes #CrianzaRespetuosa #TransformaciónSocial #NiñosFelices #Comunidad #BienestarInfantil #InfanciaFeliz #UnidosPorLaInfancia #CuidadoCompasivo #EducaciónInclusiva #VocesDeLosNiños #CambioPositivo #AmorYCompasión #abogadavaleriaoportus",https://www.instagram.com/abogadavaleriaoportus/reel/DB-MJEypDa3/
2024-11-04T23:32:14.000Z,55,13,NA,"Tenía solo 18 años cuando me convertí en madre soltera, sola con mi hija y llena de miedos 💔. No tenía estudios 🎓, ni un camino claro 🚶‍♀️, y había días en los que sentía que las dificultades me sobrepasaban 🌧️. Pero cada vez que la miraba 👶💖, encontraba la razón para seguir adelante. Cada sonrisa suya 🌟 me recordaba por qué debía ser fuerte 💪 y salir adelante, por ella y por mí.

Hubo noches de lágrimas 😢 y días en los que pensaba que no podría. Pero con esfuerzo, determinación y el amor incondicional de madre 💕, me fui levantando, estudiando 📚 y abriéndome camino. Hoy soy abogada ⚖️, y mi mayor orgullo es saber que mi historia puede ser una inspiración para otras personas 🌈.

Si alguna vez te sientes sin fuerzas, recuerda que los obstáculos de hoy pueden ser las victorias de mañana 🏆. Que tu amor y tu propósito sean más grandes que cualquier miedo 💫. No importa cuán oscuro se vea el camino 🌌, siempre hay una luz si no dejas de caminar hacia ella 🔥✨👣.

#MadreSoltera #HistoriaDeSuperación #InspiraciónDiaria #AbogadaDeFamilia #NuncaTeRindas #AmorDeMadre #SueñosCumplidos #LuchaConstante #FuerzaInterior #DerechoDeFamilia #ProtecciónInfantil #JusticiaParaTodos #Valentía #SuperaciónPersonal #CreeEnTi #HistoriasQueInspiran #FuerzaYValor #FamiliaPrimero #ConAmorTodoEsPosible #MujerValiente",https://www.instagram.com/abogadavaleriaoportus/reel/DB96svVP1e1/
2024-11-04T12:13:26.000Z,10,0,NA,"✨ Mis mejores recomendaciones provienen de quienes ya han recorrido este camino conmigo. Cada caso es único y cada historia importa. Más que palabras, aquí encontrarás mi compromiso real y resultados tangibles. 🌟 En el enlace de mi perfil encontrarás el link para ver todos estos testimonios. 📝 Tu historia merece ser escuchada y transformada en éxito. 💪

#CompromisoReal #TestimoniosReales #ResultadosGarantizados #CadaCasoCuenta #AbogadaQueEscucha #abogadavaleriaoportus",https://www.instagram.com/abogadavaleriaoportus/reel/DB8vNGNJiaA/
2024-11-04T12:11:34.000Z,3,0,NA,"🌟 Quienes han confiado en mí hablan por sí mismos. Cada historia que acompaño es especial, cada resultado es una meta alcanzada. Aquí encontrarás más que promesas: un compromiso auténtico y resultados que hablan. 💼 Mira todos los testimonios en el enlace de mi perfil y descubre cómo juntos logramos lo que parecía imposible. 💪

#CompromisoQueImpacta #HistoriasReales #ResultadosConfiables #TuHistoriaImporta #AbogadaContigo",https://www.instagram.com/abogadavaleriaoportus/reel/DB8u8_hpXX-/
2024-11-04T01:42:49.000Z,8,0,NA,"Para mí, cada cliente es especial ✨ y construir una relación de confianza 🤝 es clave en todo lo que hacemos. Hoy quiero abrirles una pequeña ventana 🪟 a esas historias de personas que confiaron en mí y lograron grandes resultados 💪📈. ¡Veamos juntos lo que dicen! 💬💖

#TestimoniosReales #Confianza #HistoriasDeÉxito #ClientesFelices #ResultadosPositivos",https://www.instagram.com/abogadavaleriaoportus/reel/DB7m-BXJQmK/
2024-11-03T15:08:11.000Z,4,0,NA,"La decisión de separarse nunca es fácil 😔 y a menudo está llena de emociones encontradas 💔. Algunos lo ven como una oportunidad para renacer y empezar de nuevo 🌱✨, mientras que otros enfrentan desafíos que parecen insuperables 😞🚧.

👉 ¿Cuál ha sido tu experiencia? 🤔💭 ¿Crees que el divorcio realmente puede ser liberador 🕊️, o sientes que trae más problemas de los que resuelve? 🤷‍♀️ Cuéntanos tu historia en los comentarios ⬇️ y comparte tu opinión. 💬💖

#Divorcio #Crianza #Familia #JusticiaFamiliar #Reflexiones #EmpoderamientoFemenino #Relaciones #Psicología #SaludEmocional #VidaNueva #Desafíos #CrecimientoPersonal #Cambio #Renacer #Esperanza 🌈 #DivorciosChile #AbogadosChile #DerechoFamiliar #LeyDeDivorcio #MediaciónFamiliar #AsesoríaLegal #CuidadoDeLosNiños #Separación #FamiliasEnCrisis #ApoyoLegal #CrianzaResponsable",https://www.instagram.com/abogadavaleriaoportus/reel/DB6eZtDP3b8/
2024-11-03T14:23:47.000Z,15,0,NA,"Sé que cada caso puede estar lleno de dolor, ansiedad y a veces ira 😢💔, lo que lleva a reacciones intensas en la sala del tribunal 😡⚖️. Mi labor no se limita a la representación legal; también busco ser un apoyo emocional para mis clientes 🤝💖, ayudándoles a navegar por estos momentos difíciles con empatía y comprensión 🌟. Fomentar un espacio donde puedan expresar sus sentimientos puede marcar la diferencia ✨, permitiéndoles avanzar hacia resoluciones más justas y saludables 🌈🤗.

#AbogadosChile #DerechoFamiliar #Divorcio #Mediación #EmpatíaLegal #Familia #Justicia #BienestarEmocional #Chile #LeyDeFamilia #ResoluciónDeConflictos #DivorcioChile #CuidadoInfantil #ProtecciónFamiliar #ApoyoEmocional #DerechosDeLosNiños #ConsultoríaLegal #AbogadaDeFamilia #RelacionesFamiliares #FamiliasFelices",https://www.instagram.com/abogadavaleriaoportus/reel/DB6Y_53JH7Z/
2024-11-02T14:29:39.000Z,8,0,NA,"La frase “¡Nada une tanto a la familia como enseñar a un hijo que uno de sus padres es el villano!” 😔 resalta las consecuencias dañinas que puede tener la alienación parental. 💔 Al presentar a uno de los padres como el “villano” 🎭, no solo se afecta la percepción que el niño tiene de esa figura, sino que también se compromete su bienestar emocional. 😢 Como abogada, mi prioridad es proteger a los niños 👶 y fomentar un entorno familiar 🏡 donde puedan amar y mantener relaciones sanas 💞 con ambos progenitores. 🥰 La comunicación abierta 🗣️ y el respeto mutuo 🤝 son fundamentales para garantizar su felicidad 😊 y estabilidad. 🌈✨

#AlienaciónParental #DerechoDeFamilia #CustodiaCompartida #BienestarInfantil #ProtecciónDeLosNiños #FamiliasFelices #Chile #DerechoChileno #AbogadosChile #JusticiaEnChile #FamiliaChilena #Abogacía #Abogados #Derecho #AbogadosEnChile #Ley #Tendencias2024 #DerechoEn2024 #InnovaciónLegal #FamiliaYDerecho #NiñezYFamilia #DerechoFamiliar #ConcienciaLegal #PsicologíaFamiliar #EducarParaElFuturo #CrianzaConsciente",https://www.instagram.com/abogadavaleriaoportus/reel/DB31Hggp6Xr/
2024-11-02T12:26:46.000Z,6,0,NA,"Esta frase refleja algo muy importante para mí: no hay mejor manera de mostrar la calidad de mi trabajo que a través de las palabras de quienes ya han confiado en mí ✨. A lo largo de mis más de 10 años de experiencia como abogada litigante ⚖️, he aprendido que los casos no solo se ganan en los tribunales, sino también en el trato cercano y comprometido que ofrezco a cada persona 🤝.

Mis valores se centran en la honestidad, la empatía y la lucha por la justicia ❤️. Mi mayor satisfacción es poder ayudar a mis clientes a encontrar soluciones reales y efectivas, tanto en los momentos más difíciles como en situaciones cotidianas 🌟. Para mí, no se trata solo de ganar un caso, sino de guiar a las personas a lo largo de un proceso que muchas veces puede parecer abrumador 🛤️. Poder hacerlo con dedicación y humanidad es lo que realmente me llena y da sentido a mi carrera 💼.

En mi perfil encontrarás un link que te llevará directamente a conocer los testimonios de muchas personas que han confiado en mí 🗣️, testimonios que además son totalmente verificables ✅. ¡Te invito a conocer sus historias y a ver cómo puedo ayudarte a ti también!
#MediaciónFamiliar #AbogadaChile #DerechoFamiliar #Justicia #ResoluciónDeConflictos #AsesoríaLegal #CustodiaCompartida #DerechoCivil #DivorcioChile #ViolenciaIntrafamiliar #ProtecciónDeDerechos #AbogadosDeFamilia #ConflictosFamiliares #LeyChilena #DerechosHumanos #JusticiaSocial #AcuerdosLegales #DerechoPenal #Familia #abogadavaleriaoportus",https://www.instagram.com/abogadavaleriaoportus/reel/DB3nHHNJ9St/
2024-11-02T11:00:21.000Z,5,0,NA,"Es esencial que nuestras decisiones prioricen el bienestar de los niños 👶❤️, considerando cómo cada elección impacta su desarrollo físico 💪, emocional 💖 y psicológico 🧠. Cada niño tiene necesidades únicas 🌈 que requieren atención. Promover la colaboración entre padres 🤝 ayuda a reducir conflictos y a crear un entorno estable 🏡 y amoroso 💕. La responsabilidad de los adultos 👩‍⚖️ abarca tanto su sustento 💰 como la protección de su salud emocional 💞 y su desarrollo integral 🌟. Al centrarnos en los niños, garantizamos que crezcan en un ambiente donde se sientan valorados 🥰 y apoyados, lo que sienta las bases para un futuro brillante ✨🌟. #BienestarInfantil #CrianzaResponsable #DerechoFamiliar #InterésSuperior #FamiliasFelices #AmorFamiliar #ProtecciónInfantil #InfanciaSegura #NiñezFeliz #FuturoBrillante #ColaboraciónFamiliar #DesarrolloInfantil #SociedadCompasiva #JusticiaParaNiños #ApoyoEmocional #abogadavaleriaoportus",https://www.instagram.com/abogadavaleriaoportus/reel/DB3dV0ptFGP/
2024-11-02T03:05:12.000Z,10,0,NA,"¿Crees que el cuidado personal siempre por ley le corresponde a la madre? ❌ ¡Es un mito! La ley 🇨🇱 promueve la corresponsabilidad parental ⚖️ y asegura que tanto madres como padres tengan igualdad de derechos en el cuidado de sus hijos 💞👨‍👩‍👧‍👦. Aquí no se trata de géneros 👫, sino de lo mejor para los niños 🧒👧. ¡Infórmate, conoce tus derechos y protege el interés superior de tus hijos! 👏💪

#CuidadoPersonal #CorresponsabilidadParental #DerechoFamiliar #AbogadosChile #IgualdadDeDerechos #ProtecciónInfantil #JusticiaParaTodos #PadresYMadres #Tuición",https://www.instagram.com/abogadavaleriaoportus/reel/DB2mzlRNYY8/
2024-11-02T00:14:22.000Z,2,0,NA,"En los procedimientos de protección familiar, la responsabilidad es clave 🛡️👨‍👩‍👧‍👦. La familia es el núcleo donde se forman las relaciones más importantes para el desarrollo de los niños 🌱, y cuando enfrentan crisis como violencia o negligencia, las decisiones judiciales pueden definir su futuro. Es fundamental que estos procesos sean llevados a cabo con cuidado y profesionalismo ⚖️💼.

Los informes de programas de diagnóstico y reparación 👩‍⚕️📄 son una herramienta clave para la justicia. No solo orientan al tribunal, sino que también determinan las medidas de protección. Si estos informes se hacen de manera superficial o sin entender completamente el caso, las consecuencias pueden ser devastadoras ⚠️: desde separar injustamente a un niño de su familia hasta no detectar situaciones de riesgo.

A lo largo de mi experiencia como abogada ⚖️👩‍💼, he visto muchos errores que afectan directamente el bienestar de los niños y familias 💔. La única forma de prevenir esto es con asesoría jurídica sólida y informes bien fundamentados 📑🔍. Las decisiones apresuradas y mal informadas pueden destruir la estabilidad familiar, afectando a la sociedad entera.

Hago un llamado a todos los profesionales involucrados: Trabajemos con rigor y compromiso 🧑‍⚖️👩‍⚕️. No podemos permitirnos errores cuando está en juego el bienestar de los más vulnerables 👶👧. Un informe mal hecho puede tener impactos irreparables.

💡 #ProtecciónFamiliar
⚖️ #JusticiaResponsable
👨‍👩‍👧‍👦 #CuidemosLaFamilia
💼 #InformeConFundamento
🛡️ #CompromisoConLosNiños #abogadavaleriaoportus 

¡El futuro de nuestras familias depende de nuestras decisiones hoy!",https://www.instagram.com/abogadavaleriaoportus/reel/DB2TRRJvGmX/
2024-11-01T23:14:12.000Z,2,0,NA,"La justicia va mucho más allá de aplicar normas ⚖️; se trata de una misión de proteger y hacer valer los derechos de las personas ❤️, especialmente de quienes son más vulnerables 🛡️. La ley 📜 es una herramienta poderosa 💪, pero puede quedarse vacía si no se usa con empatía 🤲 y humanidad 🌍. Como abogada 👩‍⚖️ veo cada caso como algo más que un expediente 🗂️: detrás de cada uno hay personas reales 👥, con sus historias 📖, miedos 😟 y esperanzas 🌈. #JusticiaConCorazón #Empatía #DerechosParaTodos #MásQueUnaLey #VulnerablesPrimero #HumanidadEnLaLey #ProtecciónParaTodos #DignidadYRespeto #AbogacíaConEmpatía #VocesQueImportan #AbogadosDeChile #DerechoConCorazón #JusticiaSocialChile #AbogadosConValores #DefensaDeDerechosChile #abogadavaleriaoportus",https://www.instagram.com/abogadavaleriaoportus/reel/DB2MaI4PA1L/
2024-11-01T23:01:26.000Z,5,0,NA,"Esta frase refleja cómo, al enamorarnos, a menudo pasamos por alto aspectos importantes de nuestra relación. 💖 La transparencia en las cuentas 💰 y la comunicación clara 📞 son claves para preservar un matrimonio. Al abordar temas financieros y emocionales, evitamos conflictos que podrían llevar a un divorcio, que a menudo revela verdades que no queríamos ver. 🧐

Así que, aunque el amor puede ser ciego, nunca subestimes el poder de mantener cuentas claras y comunicarse honestamente. 🗣️💬 ¡Eso puede marcar la diferencia! 🌟❤️

#Divorcio #AmorCiego #CuentasClaras #Chile 🇨🇱 #Abogados ⚖️ #Matrimonio #RelacionesSaludables #Familia 👨‍👩‍👧‍👦 #Comunicación #AmorVerdadero 💞 #VidaEnPareja #abogadavaleriaoportus",https://www.instagram.com/abogadavaleriaoportus/reel/DB2K4fRvCl1/
2024-10-25T16:43:46.000Z,32,0,NA,"Prepararte para el divorcio es un acto de amor hacia ti mismo y tu familia. Aunque es un camino doloroso, abordar el proceso con sensibilidad y compasión puede hacer una gran diferencia. 💖✨ Desde un enfoque legal, tener tus documentos organizados 📂 y claros te brinda la base necesaria para tomar decisiones informadas ⚖️ y proteger tus derechos e intereses. 🛡️ Esto no solo facilita el proceso legal, sino que también te permite enfrentar los desafíos de manera más segura.

La preparación te ayuda a evitar sorpresas y conflictos innecesarios 🚫💔, permitiéndote concentrarte en lo que realmente importa: el bienestar de tus hijos 👶👧 y tu propia sanación. 🌱 Al final, estar bien preparado te permitirá salir de esta experiencia más fuerte 💪🏼 y más conectado contigo mismo y con los que amas. 💞✨

Si estás enfrentando un divorcio o necesitas orientación, no dudes en contactarme. Estoy aquí para apoyarte en este proceso. 🤝

#Chile #Divorcio #BienestarFamiliar #CuidadoPersonal #AmorPropio #Mediación #DerechosFamiliares #ApoyoEmocional #SeparaciónSaludable #CrecimientoPersonal",https://www.instagram.com/abogadavaleriaoportus/reel/DBjd1qFvx--/
2024-10-24T23:00:11.000Z,19,5,NA,"Como abogada de familia, mi misión es promover la unidad, no sumarme al conflicto. 💖 En un entorno legal que a menudo alimenta disputas, elijo ser un agente de cambio, enfocándome en soluciones que fortalezcan los lazos familiares. 🌟

En lugar de ver las diferencias como oportunidades de confrontación, considero que son momentos cruciales para transformar el conflicto en colaboración. 🤝 Mi compromiso es proteger la integridad familiar, priorizando el amor y el apoyo en cada paso del proceso. ❤️

Mientras otros se centran en ganar batallas legales, yo busco contribuir a la unidad familiar, asegurando que al final del camino, el amor siga siendo la base de cada hogar. 🏡✨

#UnidadFamiliar #AmorPorLaFamilia #MediaciónEfectiva #ProtegiendoLaFamilia #DerechoConsciente #FamiliaChile #AbogadaDeFamilia #AmorYDerecho #CuidadoFamiliar",https://www.instagram.com/abogadavaleriaoportus/reel/DBhkByhPYzE/
2024-10-24T01:47:45.000Z,37,3,NA,"Desde cualquier rincón del mundo, la dedicación a la justicia y la defensa de los derechos sigue siendo el motor de cada paso. A veces es necesario detenerse un momento, recargar energías y apreciar lo que nos rodea, para luego regresar con más fuerza. Porque el equilibrio entre la vida y la profesión es clave para brindar un mejor servicio a quienes confían en nosotros. 🌍⚖️✨💼💪

#AbogadaEnAcción 👩‍⚖️ #MujeresEnLaLey 👩‍💼 #EquilibrioPerfecto ⚖️ #JusticiaConPasión ❤️‍🔥 #ViajandoYTrabajando ✈️ #PoderFemenino 💪 #CreciendoConCadaPaso 🚶‍♀️ #InspiraciónLegal 📜 #MujeresQueInspiran 💫",https://www.instagram.com/abogadavaleriaoportus/p/DBfS59pPiZd/
2024-10-14T01:40:36.000Z,33,2,NA,"Comienza una nueva semana y lo hago con toda la fuerza y convicción 💥 de que cada paso que doy nos acerca más a nuestros objetivos. Agradezco a Dios 🙏 por la oportunidad de seguir adelante y reforzar mi compromiso en Fundación Ynes, donde seguimos trabajando incansablemente 💪 para brindar justicia ⚖️ a quienes más lo necesitan. Esta semana promete traer grandes desafíos 🚀, y con fe, responsabilidad y dedicación, estoy preparada para enfrentarlos.

¿Sabías que hay muchas personas cuyos derechos están siendo vulnerados y no lo saben? 🤔 Cada día descubro nuevas historias que me motivan a seguir luchando por una justicia real y accesible para todos. ¿Qué harías tú si estuvieras en una situación de injusticia? ¿Cómo reaccionarías ante un caso que parece no tener salida?

Déjame tus comentarios y cuéntame tus dudas. Estoy aquí para ayudarte a entender más sobre tus derechos y cómo podemos lograr que la justicia llegue a quienes más la necesitan. ¡Vamos con todo esta semana! 💼👩‍⚖️ #ChileAbogados #JusticiaParaTodos #GraciasADios #Compromiso #DerechosParaTodos #DudasLegales #ConsultaConConfianza #JuntosSomosMás #ProtegiendoTusDerechos",https://www.instagram.com/abogadavaleriaoportus/reel/DBFiEOBvHiz/
2024-10-13T01:26:00.000Z,16,0,NA,"¿Quién dijo que l@s abogad@s somos siempre serios? 🧑‍⚖️🍷 También sabemos cómo relajarnos. Con una copa en mano y una noche tranquila 🌙, porque incluso en los casos más difíciles, es importante disfrutar de la vida. ¡No todos somos fomes! 💼😎 #AbogadosConEstilo #DisfrutandoLaVida #NoTodoEsTrabajo",https://www.instagram.com/abogadavaleriaoportus/reel/DBC7hR6PMNz/
2024-10-08T01:13:26.000Z,19,0,NA,"La mediación ha sido un viaje lleno de aprendizaje y crecimiento personal 💡. Tuve la suerte de formarme con la mejor, Patricia Salvador, una mujer con una experiencia invaluable que me transmitió lo mejor de ella 💖. Gracias a ella, entendí que la mediación es mucho más que resolver conflictos: es una forma de comunicarnos y de encontrar soluciones que un tribunal no puede ofrecer con una simple sentencia ⚖️.

Hoy, puedo ayudarte a mediar y buscar una solución real a tu problema familiar 🫶. Estoy aquí para guiarte en este proceso de manera cercana, porque creo firmemente que la mediación es una vía respetuosa y eficaz para resolver esas diferencias que a veces parecen imposibles de superar 🕊️.

Y lo mejor: si estás en cualquiera de las 38 comunas de la región de Valparaíso 🌊🏞️, yo misma te atenderé, ¡sin intermediarios! Así, podrás contar conmigo de principio a fin 🤝.

Si necesitas una hora para mediar, solo tienes que pinchar en el enlace de mi perfil 🔗, y estaré lista para acompañarte en este camino hacia una resolución pacífica y justa 🌟.
 #MediaciónFamiliar #AbogadosChile #DerechoFamiliar #JusticiaChile #LeyChilena #AsesoríaLegal #DerechoCivil #DivorcioChile #ViolenciaIntrafamiliar #CustodiaCompartida #DerechoLaboral #ResoluciónDeConflictos #AbogadaChile #DefensaLegal #ProtecciónDeDerechos #ConflictosFamiliares #LeyDeFamilia #DerechosHumanos #DerechoPenal #AsistenciaLegal",https://www.instagram.com/abogadavaleriaoportus/reel/DA2B1fNvYqf/
2024-10-15T11:36:14.000Z,20,0,NA,"Hoy tuve el honor de participar en una reunión muy importante junto al Ministro Mario Carroza en la Excma. Corte Suprema ⚖️🏛️. En representación de Fundación Ynes y Mediando Justicia, junto a Vanesa Hermosilla de la ONG Emprender con Alas y Juana Aguilera de la CECT (Comisión Ética contra la Tortura), discutimos la responsabilidad crucial del Poder Judicial chileno en la protección de los derechos humanos, especialmente de nuestros niños, niñas y adolescentes 👧👦.

A raíz del reciente reportaje de T13, que expuso cómo algunos jueces de familia han adoptado medidas judiciales sin la debida fundamentación y fuera de los estándares internacionales para NNA, sentimos la necesidad de exigir mayor efectividad en la garantía de sus derechos 🌍📜.

Seguimos firmes en esta lucha y muy pronto tendremos novedades sobre este tema tan importante. ¡Porque los derechos de nuestros niños y niñas son prioridad! 💪✨

#CorteSupremaDeJusticia #MinistroMarioCarroza #AbogadaValeriaOportus #FundaciónYnes #EmprenderConAlas #CECT #Chile #DerechosHumanos #NNA #NiñosNiñasYAdolescentes #MediandoJusticia #ProtecciónInfantil",https://www.instagram.com/abogadavaleriaoportus/p/Cn5QxkIPnzt/
2024-10-15T11:32:09.000Z,50,0,NA,"Representando a una trabajadora que sufrió un accidente laboral, luchamos por la justicia que merece 💼⚖️. TVN cubrió el caso, revelando una situación dramática: el empleador había incumplido la sentencia 💔. ¡Pero gracias a la presión mediática y nuestra perseverancia, finalmente se hizo justicia! 🎉🙌 El empleador cumplió con la sentencia, garantizando los derechos de la trabajadora 💪✨. ¡Una victoria para los derechos laborales!

#JusticiaLaboral #AccidenteLaboral #DerechosDeLosTrabajadores #TVN #EmpleadorCumplió #DefendiendoDerechos #ChileLegal #LeyEsLey #AbogandoConFuerza",https://www.instagram.com/abogadavaleriaoportus/reel/CgN8oLbA_sA/
2024-10-15T11:34:13.000Z,68,6,NA,"En este caso, tuve el honor de representar tanto a la madre como a la cuidadora de una niña de nacionalidad haitiana 💔🇭🇹. Debido a un error judicial, la pequeña fue injustamente separada de su familia y acogida en un establecimiento de SENAME 🏢👧. Fue una situación muy dolorosa para todos, pero trabajamos incansablemente para corregir esta injusticia. Mi compromiso siempre ha sido con el bienestar de la niña, luchando para que vuelva a estar con las personas que la aman y cuidan 💪❤️.

#JusticiaParaLaNiñez #EmpatíaYJusticia #DerechosDeLosNiños #FamiliaUnida #SENAME #ChileLegal #AbogandoPorLasFamilias #RepresentaciónConCorazón #DerechoFamiliar",https://www.instagram.com/abogadavaleriaoportus/reel/BjxFvKhHoLN/
