fecha,me_gusta,comentarios,visualizaciones,descripcion,link
2025-12-23T18:13:15.000Z,542,30,NA,"Estamos a 1 día de Navidad 🎄
Y esta última semana en No Más Hijos Rehenes – Candia, Cordero & Pacheco hemos recibido decenas de consultas de padres que, tras largos y desgastantes juicios por relación directa y regular, por fin iban a pasar su primera Navidad con sus hijos y la familia paterna.
Sin embargo, a días de esta fecha tan esperada, muchos han sido sorprendidos por denuncias falsas y medidas cautelares de alejamiento, utilizadas como una herramienta para:
❌ Arruinar la Navidad
❌ Desconocer resoluciones judiciales vigentes
❌ Provocar el mayor daño emocional posible
❌ Separar nuevamente a niños de sus padres
❌ Aprovechar que, incluso si la acusación resulta falsa, generalmente no existen consecuencias
Esto no es justicia.
Esto no protege a los niños.
Esto instrumentaliza el sistema y genera un daño profundo e irreparable en vínculos que ya han sido duramente afectados.
👉 Ningún niño debería ser usado como rehén emocional.
👉 Ningún padre debería perder a sus hijos por denuncias falsas.
👉 Las resoluciones judiciales deben respetarse.
Si estás viviendo una situación similar, no estás solo. Actuar a tiempo puede marcar la diferencia.
📲 Escríbenos por WhatsApp: +56 9 3770 5593
📧 Correo: info@nomashijosrehenes.cl
🔁 Comparte este mensaje.
💬 Escríbenos.
⚖️ Defiende el vínculo con tus hijos.
No Más Hijos Rehenes Chile - Candia, Cordero & Pacheco",https://www.instagram.com/nomashijosrehenes.cl/p/DSnUAswjugn/
2025-12-18T21:29:26.000Z,19,1,NA,www.nomashijosrehenes.cl,https://www.instagram.com/nomashijosrehenes.cl/reel/DSa37bgkv79/
2025-12-18T14:17:40.000Z,121,8,NA,www.nomashijosrehenes.cl,https://www.instagram.com/nomashijosrehenes.cl/reel/DSaGen8jr-R/
2025-12-15T20:03:14.000Z,39,4,NA,www.nomashijosrehenes.cl,https://www.instagram.com/nomashijosrehenes.cl/reel/DSS_tV8kqul/
2025-12-14T13:22:06.000Z,17,0,NA,www.nomashijosrehenes.cl,https://www.instagram.com/nomashijosrehenes.cl/reel/DSPtAJxjjx1/
2025-12-02T12:52:03.000Z,13,0,NA,"✨ ABSOLUCIÓN LOGRADA ✨
Hoy se obtuvo un resultado justo: mi representado fue ABSUELTO del delito de desacato en contexto de violencia intrafamiliar.

Luego de un juicio donde se revisaron todos los antecedentes, se probó que él jamás intentó vulnerar la medida cautelar, y que su única intención era ejercer su rol de padre y ver a su hija, conforme al régimen vigente.

La evidencia fue clara:
✔ Testigos que acreditaron que asistió al lugar solo para ver a su hija.
✔ Que en ningún momento buscó acercarse a la denunciante.
✔ Que no hubo conducta agresiva ni intención dolosa.
✔ Que el contacto visual fue iniciado por la niña.

Este caso demuestra que la justicia también reconoce cuando un padre actúa desde el amor, no desde la violencia.

Seguimos trabajando para que ningún vínculo sano entre padre e hijo sea criminalizado injustamente. 💼⚖️👨‍👧",https://www.instagram.com/nomashijosrehenes.cl/reel/DRwwA_rjvyK/
2025-11-25T15:35:23.000Z,8,0,NA,"Nada, ni nadie, debe romper el vínculo entre un padre, una madre y sus hijos.
Usar a un niño como herramienta o arma solo deja heridas profundas… heridas que pueden durar toda la vida. 💔

En nomashijosrehenes.cl te acompañamos, te orientamos y te entregamos la información que necesitas para enfrentar estas situaciones de la mejor manera posible.
No estás solo. Estamos para ayudarte.

👉 Comunícate con nosotros en nomashijosrehenes.cl

#NoMasHijosRehenes #ProtegeElVinculo #JusticiaFamiliar #DerechosDeLosNiños #ApoyoFamiliar #Chile #AcompañamientoLegal #FamiliasUnidas",https://www.instagram.com/nomashijosrehenes.cl/reel/DRfBKVdjuPX/
2025-11-25T00:37:56.000Z,19,0,NA,"✨ ABSOLUCIÓN LOGRADA ✨
Hoy se obtuvo un resultado justo: mi representado fue ABSUELTO del delito de desacato en contexto de violencia intrafamiliar.

Luego de un juicio donde se revisaron todos los antecedentes, se probó que él jamás intentó vulnerar la medida cautelar, y que su única intención era ejercer su rol de padre y ver a su hija, conforme al régimen vigente.

La evidencia fue clara:
✔ Testigos que acreditaron que asistió al lugar solo para ver a su hija.
✔ Que en ningún momento buscó acercarse a la denunciante.
✔ Que no hubo conducta agresiva ni intención dolosa.
✔ Que el contacto visual fue iniciado por la niña.

Este caso demuestra que la justicia también reconoce cuando un padre actúa desde el amor, no desde la violencia.

Seguimos trabajando para que ningún vínculo sano entre padre e hijo sea criminalizado injustamente. 💼⚖️👨‍👧",https://www.instagram.com/nomashijosrehenes.cl/reel/DRdaciejGu9/
2025-11-18T18:01:51.000Z,24,0,NA,"En Chile, cada día surgen nuevas falsas denuncias que dejan a personas inocentes atrapadas en procesos largos, injustos y dolorosos.
Peor aún: muchas veces los hijos terminan siendo usados como herramientas de presión, quedando en medio de conflictos que no les corresponden.

En No Más Hijos Rehenes trabajamos para visibilizar esta realidad y entregar apoyo, información y opciones reales para quienes están viviendo una acusación injusta.
Nadie debería enfrentar esto solo. Nadie debería ser tratado como culpable sin pruebas. Y ningún niño debería convertirse en rehén emocional o legal.

🔗 Infórmate, conoce tus derechos y encuentra guía en nomashijosrehenes.cl

#NoMasHijosRehenes #FalsasDenuncias #Inocentes #Derechos #JusticiaChile #ProteccionInfantil #Chile #ApoyoLegal #PadresInjustamenteAcusados",https://www.instagram.com/nomashijosrehenes.cl/reel/DRNQXd6j998/
2025-11-16T20:01:29.000Z,25,1,NA,www.nomashijosrehenes.cl,https://www.instagram.com/nomashijosrehenes.cl/reel/DRIUawEEvbM/
2025-11-04T00:07:25.000Z,87,9,NA,www.nomashijosrehenes.cl,https://www.instagram.com/nomashijosrehenes.cl/reel/DQnSPE4DAIa/
2025-10-22T21:09:59.000Z,20,4,NA,"🧑‍⚖️ Nuevo caso recibido
Hoy asumimos la defensa de un padre injustamente denunciado por violencia intrafamiliar.
La denunciante —su ex cónyuge— ya había señalado anteriormente una supuesta infidelidad, sin presentar prueba alguna.
Todo apunta a que esta denuncia responde más a un acto de despecho que a hechos reales.

En No Más Hijos Rehenes, defendemos con firmeza a los padres víctimas de denuncias infundadas y utilizamos todas las herramientas legales para demostrar la verdad y proteger su vínculo con sus hijos. 💪👨‍👧‍👦

#NoMasHijosRehenes #DefensaDePadres #JusticiaFamiliar #DenunciasFalsas #VIF #DerechoDeFamilia #AbogadosChile",https://www.instagram.com/nomashijosrehenes.cl/reel/DQIEaUliLIJ/
2025-10-21T13:13:12.000Z,24,1,NA,www.nomashijosrehenes.cl,https://www.instagram.com/nomashijosrehenes.cl/reel/DQEpEHQDZ0M/
2025-10-15T16:58:01.000Z,26,1,NA,"📜 Presentamos querella criminal por el delito de aborto

Desde nuestro estudio No Más Hijos Rehenes, hemos interpuesto una querella criminal en contra de una madre por hechos que configuran el delito de aborto, en defensa del derecho a la vida y la dignidad del que está por nacer.

Nuestra labor es proteger la verdad, la justicia y los valores más esenciales, sin distinción ni miedo.
#NoMasHijosRehenes #Justicia #DerechoALaVida #AbortoEsDelito #DefensaLegal",https://www.instagram.com/nomashijosrehenes.cl/reel/DP1mBiDEhoF/
2025-10-14T00:12:25.000Z,58,0,NA,www.nomashijosrehenes.cl,https://www.instagram.com/nomashijosrehenes.cl/reel/DPxOHIVio-Q/
2025-10-13T10:54:30.000Z,65,1,NA,"Esa escena de Papá por siempre no es solo cine. Es la realidad de miles de padres en Chile que, tras una separación, pasan de compartir cada día con sus hijos a verlos solo algunos fines de semana… o, en muchos casos, a no verlos nunca más.

Padres que aman, que crían, que acompañan. Padres que de un día para otro se convierten en “visitantes” de sus propios hijos. Padres que deben demostrar que no son delincuentes, ni abusadores, ni maltratadores, solo porque alguien decidió usar a los niños como instrumentos de venganza o control.

Detrás de cada causa de familia hay historias de dolor profundo, donde el vínculo entre padre e hijo es quebrado por obstrucción parental, falsas denuncias y un sistema que sigue viendo al hombre como sospechoso antes que como padre.

Pero ser padre no es un privilegio que se concede.
Es un derecho.
Y, sobre todo, es el derecho de los hijos a amar y ser amados por ambos padres.

No más hombres separados injustamente de sus hijos.
No más niños privados del amor de su padre.
No más hijos rehenes de conflictos adultos.

Si estás viviendo una situación similar, no te calles, no te rindas.
Defiende tu derecho y el de tus hijos.
En No Más Hijos Rehenes Chile, te acompañamos jurídicamente para recuperar lo que nunca debiste perder: el vínculo con tus hijos.

💬 Contáctanos al Whatsapp +56937705593. Actúa hoy.

#NoMasHijosRehenes 
#PapáporSiempre #CrianzaCompartida #DerechosDelPadre #AlienaciónParental #ObstrucciónParental #AmorDePadre #JusticiaFamiliar #PadresChilenos #CuidadoCompartido #Revinculación #VínculoPaterno #FamiliaEsAmor",https://www.instagram.com/nomashijosrehenes.cl/reel/DPvvlwRkj-V/
2025-10-10T00:35:09.000Z,27,0,NA,www.nomashijosrehenes.cl,https://www.instagram.com/nomashijosrehenes.cl/reel/DPm9kSpDGnY/
2025-10-06T14:42:40.000Z,57,8,NA,"Te han dicho esta frase? te han dicho otras? cuéntanos y las iremos publicando periódicamente. No olvides seguirnos, dar like a nuestras publicaciones, comparte y republica, alguien puede estar necesitando ayuda.
 
Una frase que refleja una dolorosa realidad, cuando el amor de un hijo se convierte en un premio que se entrega o se niega según la voluntad del adulto a cargo.

Esta es obstrucción parental, una forma de violencia silenciosa que rompe vínculos, hiere infancias y vulnera derechos fundamentales.
Ninguna madre, padre o abuela tiene derecho a decidir cuándo un niño puede o no ver a su papá.

El derecho a mantener relación directa y regular con ambos padres es del hijo, no un favor que se concede.

👨‍⚖️ Si estás viviendo una situación así, actúa hoy.
En No más Hijos Rehenes Chile contamos con un equipo jurídico especializado en revinculación y defensa del derecho del hijo a mantener contacto con su padre y familia paterna.

📲 Escríbenos por whatsapp al +56937705593 o escríbenos a info@nomashijosrehenes.cl .Agenda tu asesoría jurídica con nosotros.
Porque amar a tus hijos también es luchar por seguir presentes en su vida. 💚

#nomashijosreheneschile #NoMasHijosRehenes  #CrianzaCompartida #amordepapa ##ObstrucciónParental #DerechosDelNiño #PadresPorIgual #Revinculación #Chile",https://www.instagram.com/nomashijosrehenes.cl/p/DPeJfKJk8bo/
2025-10-04T19:26:53.000Z,42,0,NA,"💔 Después de una separación, los hijos no deberían convertirse en rehenes.
No deberían ser usados para castigar, manipular o vengar lo que alguna vez fue una historia de amor.

Detrás de cada padre que ya no puede abrazar a su hijo,
hay un niño que también perdió algo: su refugio, su guía, su mitad. 🕊️

En Chile, miles de padres viven esta injusticia en silencio,
viendo cómo se les arrebata el derecho más sagrado: amar y criar a sus hijos.

Pero esto puede cambiar.
En No Más Hijos Rehenes Chile, defendemos a esos padres,
a esos hombres que no se rinden,
que siguen luchando por volver a escuchar un “te quiero, papá”. 🤍

📩 Si te impiden ver a tus hijos, no te resignes.
La ley también puede estar de tu lado.
Contáctanos al +56937705593 o escríbenos a info@nomashijosrehenes.cl y da el primer paso hacia la revinculación.

Porque un hijo no se olvida. Y ser papá no se renuncia.

#NoMásHijosRehenes #Revinculación #DerechosDelPadre #AmorDePadre #PadresChilenos #CuidadoPersonal #JusticiaFamiliar #CustodiaCompartida #FamiliaEsAmbos #VínculoPadreEHijo #Chile",https://www.instagram.com/nomashijosrehenes.cl/reel/DPZiETYFEYm/
2025-09-30T23:05:24.000Z,128,14,NA,"La partida de don Jorge Tocornal, tras 10 años preso por una acusación falsa, deja una verdad dura: una mentira puede destruir una vida si la justicia no distingue. Urge sancionar las denuncias falsas para que esta injusticia no se repita.
www.nomashijosrehenes.cl",https://www.instagram.com/nomashijosrehenes.cl/reel/DPPoJh6DVEF/
2025-09-29T14:37:16.000Z,22,0,NA,"Quieres verlo más?
Entonces, paga más!

www.nomashijosrehenes.cl",https://www.instagram.com/nomashijosrehenes.cl/reel/DPMJMmegGDD/
2025-09-26T19:02:30.000Z,73,9,NA,"👩‍🍼💬 “No se puede ese fin de semana, hay un cumpleaños… tampoco el siguiente, tenemos otro compromiso… sorry”

❌ Excusas que parecen pequeñas, pero que esconden algo grave: la obstrucción del vínculo entre un hijo y su padre.

📌 Recordemos que el derecho a compartir tiempo NO es de la mamá ni del papá: es del hijo. Y cuando se interponen excusas para impedir ese encuentro, lo que realmente se vulnera es el derecho del niño a crecer con ambos padres presentes.

En No más Hijos Rehenes Chile trabajamos para que ningún hijo sea usado como excusa, moneda de cambio o instrumento de poder.

💚 Porque ser papá no es un privilegio que deba “ganarse”, es un derecho de los hijos.
💬 ¿Conoces más frases de “mamita corazón”? Escríbelas en los comentarios y las iremos publicando diariamente.

✨ Apóyanos con un 👍 like, comparte este reel y no olvides seguirnos para ver más contenido y unirte a la comunidad que lucha por los derechos de los hijos y de los padres.
Whatsaap +56937705593 - info@nomashijosrehenes.cl
#NoMasHijosRehenes #FrasesDeUnaMamitaCorazon #AlienacionParental #PapásenLucha #NoMásFalsasDenuncias #FalsasDenuncias #ObstruccionParental",https://www.instagram.com/nomashijosrehenes.cl/p/DPE5Natgbh5/
2025-09-25T11:28:11.000Z,113,23,NA,"“No se la voy a hacer fácil, si quiere ver a mi hijo, que se lo gane”.

❌ Esa afirmación refleja un grave error: el régimen comunicacional no es un premio ni un castigo para el padre, sino un derecho del hijo a mantener relación directa y regular con ambos progenitores.

👦👧 Los niños no deben ser usados como moneda de cambio ni sometidos a disputas de poder. Convertir el vínculo en una especie de “competencia” donde uno de los padres debe “ganarse” el acceso, vulnera profundamente el interés superior del hijo.

⚖️ La ley en Chile reconoce que la relación con el padre y con la madre es esencial para el desarrollo integral del niño. Obstaculizarla no solo es un acto de egoísmo, sino también una forma de violencia hacia los hijos.

👉 Recordemos: los hijos no son un botín de guerra. Su derecho a crecer con amor, cercanía y presencia de ambos padres es irrenunciable.

💬 ¿Conoces más frases de “mamita corazón”? Escríbelas en los comentarios y las iremos publicando diariamente.

✨ Apóyanos con un 👍 like, comparte este reel y no olvides seguirnos para ver más contenido y unirte a la comunidad que lucha por los derechos de los hijos y de los padres.
Whatsaap +56937705593 - info@nomashijosrehenes.cl
#NoMasHijosRehenes #FrasesDeUnaMamitaCorazon #AlienacionParental #PapásenLucha #NoMásFalsasDenuncias #FalsasDenuncias #ObstruccionParental",https://www.instagram.com/nomashijosrehenes.cl/p/DPBgbBXFbyB/
2025-09-24T17:55:39.000Z,34,2,NA,"Las falsas denuncias no solo buscan dañar a un padre, también hieren la infancia y rompen la confianza.
www.nomashijosrehenes.cl",https://www.instagram.com/nomashijosrehenes.cl/reel/DO_n6y7ChU1/
2025-09-24T13:19:15.000Z,277,114,NA,"🔊 #FrasesDeUnaMamitaCorazón Frase#1
Muchas veces se dice que se “respeta” la decisión de los hijos…
👉 Pero solo cuando me conviene
👉 Solo cuando es útil a mis planes
❌ Y cuando es contrario a mis propósitos, se castiga o se extorsiona emocionalmente.

Ejemplos como estos los vemos a diario:
👉 “Respeto la decisión de mi hija… si no quiere ver a su papá, no la obligo”
🚫 Pero cuando la hija quiere vivir con su padre: “Eres muy pequeña para decidir, yo sé lo que es mejor para ti”.

Estos dobles estándares dañan profundamente a los hijos y vulneran su derecho a relacionarse con ambos padres.

👨‍👧 Si tus hijos te manifiestan abiertamente que quieren vivir contigo y tú quieres y puedes hacerte cargo de ellos, puedes pedir el Cuidado Personal. Tenemos el mismo derecho de criar a nuestros hijos.

En No más Hijos Rehenes Chile trabajamos para visibilizar y denunciar estas incoherencias. 💚

💬 ¿Conoces más frases de “mamita corazón”? Escríbelas en los comentarios y las iremos publicando diariamente.

✨ Apóyanos con un 👍 like, comparte este reel y no olvides seguirnos para ver más contenido y unirte a la comunidad que lucha por los derechos de los hijos y de los padres.
Whatsaap +56937705593 - info@nomashijosrehenes.cl
#NoMasHijosRehenes #FrasesDeUnaMamitaCorazon #AlienacionParental #PapásenLucha #NoMásFalsasDenuncias #FalsasDenuncias #ObstruccionParental",https://www.instagram.com/nomashijosrehenes.cl/p/DO_IVq1jVz8/
2025-09-23T12:17:22.000Z,98,6,NA,"Lo que vivió Johnny Depp no fue solo una batalla mediática, fue el reflejo de lo que enfrentan miles de hombres en Chile y el mundo. Denuncias falsas, desprestigio público, una justicia secuestrada por la ideología, que los mira con desconfianza solo por ser hombres, y contra todo principio básico del derecho, le traspasa la carga de demostrar su inocencia en un sistema que ya los dio por culpables.

En nuestro país, muchos padres viven la misma historia en silencio, son alejados de sus hijos, son víctimas de violencia intrafamiliar y cuando quieren denunciar todo es minimizado, relativizado y hasta justificado cuando la agresora es una mujer.

La experiencia de Johnny mostró al mundo que los hombres también pueden ser víctimas de violencia, y que la justicia debe ser imparcial para todos. En Chile, esa lucha sigue pendiente. Por nuestra parte, seguimos dando la batalla cultural y la batalla en tribunales. 
La violencia contra los hombres también existe. En No Más Hijos Rehenes Chile te creemos y te defendemos. contáctanos al Whatsapp +56937705593
#NoMásFalsasDenuncias #hombresvíctimastambién #NiUnoMásSilenciado #JusticiaParaEllos #RompamosElTabú #LaViolenciaNoTieneGénero #laotracaradelaviolencia",https://www.instagram.com/nomashijosrehenes.cl/p/DO8cdfGj28p/
2025-09-23T02:33:23.000Z,90,10,NA,"Siendo muy pequeño me apartaron de mi papá y mi familia paterna, mis padres eran muy jóvenes cuando nací. Tengo pocos recuerdos con mi padre en mi infancia, un día simplemente no lo vi más, siempre pensé que me había olvidado.
La vida nos volvió a juntar, habían pasado tantos años, que difícil retomar el vínculo, un vínculo que estuvo roto por tanto tiempo, pero teníamos tantas cosas en común, que por primera vez le daba sentido a mi identidad, supe de dónde venía mi amor por la música, de él. Él fue músico, viajaba todo el tiempo, era poco lo que nos veíamos, pero para mi era suficiente pasar un par de noches enteras cantando a su lado, tomar un trago con él.  En el 2015 comencé la lucha por mi hijo, el cual fue maltratado hasta el cansancio por su madre, en el proceso sufrí un trato judicial degradante, humillante, pagué un impuesto moral por ser hombre. Muchas veces sentí que ya no tenía fuerzas, que ya no podía más. Después de varios años batallando con las secuelas de la diabetes, mi padre ya estaba en silla de ruedas, ciego y dializándose día por medio, su salud cada vez estaba peor. Un día mi hermano me avisa que mi padre me mandó a llamar, que necesitaba decirme algo urgente. Llegué al hospital y lo acompañé, le dolía todo el cuerpo y me pidió que le hiciera un masaje en su espalda. Se acabó la visita y no me había dicho nada. Me despido y cuando iba saliendo me pide que me devuelva, me dijo ""Yo se que no soy nadie para pedirte nada, pero necesito que me prometas que vas a rescatar a mi nieto y le vas a dar un futuro, prométemelo"", te lo prometo le dije, le di un beso y me fui. Esa fue la última vez que lo vi con vida, murió el 21 de diciembre del año 2016 a sus 51 años. Un año y medio después logré por fin rescatar a mi hijo, el juez me dio su cuidado personal, mientras el juez resolvía yo miraba hacia arriba y le decía ""Cumplí papá, cumplí"". (sigue el hilo)...",https://www.instagram.com/nomashijosrehenes.cl/p/DO7ZoYOjW36/
2025-09-16T21:18:05.000Z,244,11,NA,www.nomashijosrehenes.cl,https://www.instagram.com/nomashijosrehenes.cl/reel/DOrYubHD-yX/
2025-09-14T11:38:43.000Z,33,2,NA,www.nomashijosrehenes.cl,https://www.instagram.com/nomashijosrehenes.cl/reel/DOlM18Kj_xE/
2025-09-11T23:29:56.000Z,23,2,NA,💔 ¿Cómo gritar “¡Viva Chile!” si mis hijos son rehenes?,https://www.instagram.com/nomashijosrehenes.cl/reel/DOev2qgiYdM/
2025-09-11T15:06:38.000Z,31,1,NA,"✨ Logro Judicial ✨

Hoy celebramos una importante victoria en tribunales 🙌.
Se rechazó la medida de protección interpuesta en contra de nuestro representado, luego de que su hija fuera clara y valiente al declarar que no fue vulnerada por su padre y que desea mantener un vínculo cercano con él ❤️👨‍👧.

La justicia escuchó su voz y reafirmó el derecho de los niños a mantener relaciones sanas y significativas con ambos padres, priorizando siempre su interés superior (art. 222 del Código Civil, DFL N°1 de 2000) ￼.

Porque ningún niño debe ser privado injustamente del amor y cuidado de su familia 💪⚖️.

#NoMásHijosRehenes #LogroJudicial #DefensaDePadres #InterésSuperiorDelNiño",https://www.instagram.com/nomashijosrehenes.cl/reel/DOd2Qg5kQhM/
2025-09-11T12:01:21.000Z,131,1,NA,NA,https://www.instagram.com/nomashijosrehenes.cl/p/DOZHiKHCWT6/
2025-09-05T01:53:25.000Z,47,9,NA,"✨ Triunfo Judicial ✨

En un nuevo caso de denuncia falsa, logramos demostrar con pruebas sólidas la falta de veracidad de los hechos imputados.

⚖️ El tribunal reconoció la inexistencia de fundamentos en la acusación y se puso fin al proceso de manera favorable para nuestro cliente, reafirmando la importancia de la defensa estratégica y la verdad en juicio.

🚫 Las denuncias falsas no solo dañan a las personas injustamente acusadas, sino que también afectan la credibilidad del sistema.

👨‍👧 Desde nuestro estudio seguimos firmes en nuestra misión: No más hijos rehenes, no más padres injustamente acusados.

#DenunciaFalsa #Justicia #DefensaPenal #NoMasHijosRehenes #Abogados #PadresChilenos",https://www.instagram.com/nomashijosrehenes.cl/reel/DOM-tPzkhWo/
2025-08-25T16:47:09.000Z,22,0,NA,www.nomashijosrehenes.cl,https://www.instagram.com/nomashijosrehenes.cl/reel/DNyQP0aXstH/
2025-08-23T02:42:41.000Z,40,0,NA,www.nomashijosrehenes.cl,https://www.instagram.com/nomashijosrehenes.cl/reel/DNrl-K9WA8j/
2025-08-12T20:21:42.000Z,34,0,NA,"🔵 ¿Te han alejado injustamente de tus hijos?
En No Más Hijos Rehenes sabemos que muchos padres viven una dolorosa desvinculación con sus hijos por decisiones arbitrarias, falsas denuncias o simples omisiones del sistema.

🛡️ Nuestro equipo jurídico tiene una estrategia clara y efectiva para enfrentar esta realidad:
✔️ Demandas de régimen comunicacional
✔️ Cuidado personal compartido o exclusivo
✔️ Denuncia de obstrucción del vínculo
✔️ Peritajes y pruebas en juicio
✔️ Protección contra la violencia vicaria y el sesgo de género

👨‍⚖️ ¡No estás solo! Defendemos tu derecho a ser padre. Escríbenos y agendemos tu primera asesoría.

#NoMásHijosRehenes #DerechoAPaternar #DefensaPadres #CuidadoPersonal #RégimenComunicacional #JusticiaFamiliar #PadresQueLuchan",https://www.instagram.com/nomashijosrehenes.cl/reel/DNRKbLIyXsE/
2025-08-11T02:12:47.000Z,125,10,NA,"👦 35 años de la Convención sobre los Derechos del Niño en Chile.

Hoy, en un nuevo aniversario de la ratificación de la Convención, saludamos con alegría a los padres que sí pudieron abrazar, mirar a los ojos y compartir con sus hijos. 

Pero no podemos callar. En Chile, miles de niños, niñas y adolescentes que han sido desvinculados de sus padres y familias paternas siguen siendo invisibles para los Tribunales de Justicia y para la llamada Defensoría de la Niñez, que en los hechos parece ser una “defensoría de ciertas niñeces”.

Para estos niños y sus padres, los derechos proclamados el 14 de agosto de 1990, hace 35 años se vuelven letra muerta. Se les trata como hijos de segunda categoría, sin acceso real a su derecho a crecer con ambos progenitores, sin protección efectiva contra la obstrucción del vínculo, y con un sistema que normaliza el dolor y el desarraigo.

A quienes hoy no pudieron ver a sus hijos, les decimos: no están solos. Su amor y perseverancia tarde o temprano darán frutos. Este no es un día solo para celebrar, también es un día para exigir coherencia:
📢 Que la justicia actúe.
📢 Que la @defensoria_ninez represente a todos los niños.
📢 Que se ponga fin a la indiferencia ante la desvinculación arbitraria.

Los niños no tienen tiempo para esperar. Cada día sin sus padres es un día robado.

#NoMasHijosRehenes #Díadelniño #Revinculación #DerechosDelNiño #JusticiaParaTodos #DefensoríaDeCiertasNiñeces #FamiliaCompleta #NiñezSinDiscriminación #TribunalesResponsables @defensoria_ninez @fundacion_crianza_compartida 

📩 info@nomashijosrehenes.cl
🌐 www.nomashijosrehenes.cl
📲 +569 37705593",https://www.instagram.com/nomashijosrehenes.cl/p/DNMpF4gvjKM/
2025-08-07T23:38:08.000Z,169,8,NA,"Luego de denunciar una grave vulneración de derechos contra mi hija (sin abogado), el tribunal habiendo escuchado el relato de mi hija, simplemente se ""lavó las manos"", en vez de resguardar su integridad, la derivaron a un programa (DAM) y obvio, en el proceso debía seguir viviendo con su maltratadora. Luego de esta denuncia ella tomó represalias y obstruyó el vínculo por meses y por querer proteger a mi hija terminé siendo yo apartado. Luego de 6 meses aprox, me citan por segunda vez al DAM y mientras yo esperaba en una sala, de pronto se abre la puerta y entra mi hija, yo emocionado me agaché para abrazarla, extendí mis brazos esperando que ella corriera a mi, pero en vez de eso ella se escondió detrás de la psicóloga, como si hubiese visto al mismo diablo. Traté de no quebrarme y mantuve la calma, luego me fui. Mientras caminaba no sentía las piernas, el cuerpo se me estada adormeciendo, llegué a una esquina y me abracé de un árbol y lloré desconsolado como una hora, la gente pasaba por mi lado como si yo fuese invisible, nadie se acercó, nadie me preguntó, nadie me ofreció ayuda, invisible. Uno está preparado para lidiar con el sesgo de jueces, de consejeros técnicos, de psicólogos, pero vale la pena todo eso, porque sabes que tus hijos te esperan, creen en ti, te aman, pero no estaba preparado para ver como el amor de mi hija se enfriaba, como ya no quería comerme a besos, como se acostumbró a vivir sin mi. Ese día una parte de mi se murió, ha sido el día más triste de mi vida.

📢  Testimonios como este son muy comunes, padres que creen que el sistema actuará con sentido común y por querer proteger a sus hijos, terminan ellos siendo alejados de forma arbitraria.
Si eres padre y quieres denunciar una grave vulneración de derechos o estás viviendo la desvinculación o quieres demandar el cuidado personal de tus hijos, no esperes a que sea tarde. Lucha ahora, si piensas dar la pelea solo, este sistema secuestrado por la ideología te pasará por encima como una aplanadora.
En No Más Hijos Rehenes defendemos tu derecho y el de tus hijos a estar juntos.

Fono +56 9 3770 5593
✉️ info@nomashijosrehenes.cl

#NoMasHijosRehenes #AlienacionParental #obstruccionparental",https://www.instagram.com/nomashijosrehenes.cl/p/DNEpAb1PilO/
2025-08-04T00:49:08.000Z,130,13,NA,"💪👨‍👧 ¡LO LOGRAMOS!
Después de 8 meses sin ver a su hija, un padre pudo retomar el régimen de visitas gracias a su constancia y a una defensa comprometida.

⚖️ En muchos casos, la desvinculación no es definitiva. Con perseverancia, acciones legales adecuadas y protección de los derechos del niño y del padre, es posible revertir la situación.

📌 Si estás pasando por algo similar, recuerda: no estás solo. En No Más Hijos Rehenes luchamos cada día por restablecer vínculos y proteger el derecho de los niños a tener a ambos padres presentes.

#NoMásHijosRehenes #CuidadoCompartido #PadresPresentes #DerechoAFamilia #JusticiaFamiliar #Visitas #DesvinculaciónParental",https://www.instagram.com/nomashijosrehenes.cl/reel/DM6d5RVsUVB/
2025-07-31T00:25:28.000Z,30,2,NA,"🔴 ORDEN DE DETENCIÓN DECRETADA 🔴

Hoy se dictó orden de detención en contra de un imputado que, sin causa justificada, no compareció a su audiencia en materia penal. La no asistencia sin excusa válida es un acto grave que puede conllevar consecuencias inmediatas, como esta medida.

📌 La responsabilidad procesal es clave.
📌 La justicia no se detiene.
📌 Asesoría jurídica penal con compromiso y acción.

⚖️ Estudio Jurídico No Más Hijos Rehenes
📞 Contáctanos si necesitas representación penal eficaz.",https://www.instagram.com/nomashijosrehenes.cl/reel/DMwIA_5s28b/
2025-07-25T20:23:53.000Z,41,9,NA,"No te abandoné. Me alejaron.

No fue mi decisión no estar en tus cumpleaños.
No fue mi elección ver cómo crecías desde lejos.
No fui yo quien eligió el silencio.
Fueron otros… los que decidieron que no merecías a tu papá.

Luché en silencio mientras el mundo me juzgaba.
Firmé papeles, fui a audiencias, golpeé puertas, me tragué la rabia, el dolor y la impotencia.
Y aún así, cada día me levanté con la esperanza de volver a abrazarte.

Porque el amor de un padre no desaparece.
Se fortalece. Se transforma en fuerza.
En lucha. En fe.

A todos los que hoy sienten que están perdiendo a sus hijos:
No se rindan.
No crean que está todo perdido.
No permitan que les quiten también la esperanza.

El camino es duro, sí.
Pero vale la pena cuando el destino es volver a mirar a tu hijo a los ojos y decirle
“Siempre estuve contigo. Aunque no me vieras.”

Si estás pasando por esto, no lo enfrentes solo.
En No Más Hijos Rehenes defendemos a padres que han sido injustamente alejados de sus hijos.
Te escuchamos, te guiamos y luchamos contigo.

📞 +56 9 37705593
📧 contacto@nomashijosrehenes.cl
🌐 www.nomashijosrehenes.cl

#NoTeAbandonéMeAlejaron #PadresQueLuchan #DerechoALosHijos #NoMásHijosRehenes #CuidadoPersonal #ObstrucciónDelVínculo #JusticiaParaPapá #PapáPresente #Reencuentro #Chile",https://www.instagram.com/nomashijosrehenes.cl/reel/DMi0NTPyzr2/
2025-07-25T01:36:41.000Z,100,12,NA,"📍 Tribunal de Familia de Puente Alto
🧑‍⚖️ Hoy se desarrolló una audiencia crucial con defensa técnica del abogado Miguel Candia, representando a un padre injustamente acusado de violencia intrafamiliar.

💥 En la instancia se logró dejar en evidencia la falsedad de los hechos denunciados, desmontando los argumentos utilizados para impedir el contacto entre padre e hijo.

👨‍👧 Como equipo jurídico, reafirmamos nuestro compromiso con la defensa de padres víctimas de violencia vicaria y falsas denuncias. ¡Ningún hijo merece ser separado de su padre por mentiras!

⚖️ No Más Hijos Rehenes
📩 Contáctanos si necesitas defensa legal en familia.",https://www.instagram.com/nomashijosrehenes.cl/reel/DMgzWJ7MUFM/
2025-07-17T01:09:43.000Z,57,10,NA,"⚖️ Corte Suprema inhabilita a jueza por falta de imparcialidad
El Máximo Tribunal revocó una decisión de la Corte de Punta Arenas y declaró la inhabilidad de una jueza que había emitido un pronunciamiento previo sobre los mismos hechos en una audiencia de familia.
📌 Detalles clave:
– Se estimó que su intervención previa podía afectar la imparcialidad objetiva.
– La jueza había remitido antecedentes al Ministerio Público y mantenido medidas cautelares.
– La Corte Suprema concluyó que no se garantizó el derecho a un tribunal imparcial.
Fuente: diarioconstitucional.cl
#CorteSuprema #ImparcialidadJudicial #JusticiaChile #GarantíasConstitucionales #DerechoPenal",https://www.instagram.com/nomashijosrehenes.cl/reel/DMMJ6R6M9HK/
2025-07-10T18:40:24.000Z,142,10,NA,"🔵 ¡Victoria para un padre y su hija en Cabrero!

En tiempo récord, el Tribunal de Familia de Cabrero otorgó el cuidado personal a un padre respecto de su hija de 14 años. Esta valiente adolescente expresó con claridad que, tras las vacaciones, no quería regresar a vivir con su madre debido a malos tratos y negligencias graves.

La justicia escuchó su voz y protegió su bienestar.
Hoy, padre e hija pueden reencontrarse y comenzar una nueva etapa, basada en el respeto, el cariño y la estabilidad.

⚖️ Cuando el interés superior del niño y el derecho a ser oído se hacen valer, se abren caminos de esperanza para muchas familias.

#NoMásHijosRehenes #CuidadoPersonal #PadresPresentes #JusticiaFamiliar #Cabrero",https://www.instagram.com/nomashijosrehenes.cl/reel/DL8AnsjP3sN/
2025-07-07T16:20:27.000Z,21,0,NA,www.nomashijosrehenes.cl,https://www.instagram.com/nomashijosrehenes.cl/reel/DL0CPSyNNIW/
2025-07-04T00:20:14.000Z,56,6,NA,"Con profunda tristeza recibimos la noticia del fallecimiento de Miguel Letelier, tíoabuelo materno del hijo de uno de los fundadores de este estudio jurídico. 
Su partida nos conmueve, no solo por lo familiar, sino por lo humano. Porque Miguel fue una de las pocas personas que tuvo el coraje de hacer lo correcto, incluso cuando eso podía generar un conflicto con su propia familia.

Fue él quien advirtió a nuestro socio que su hijo debía ser sacado cuanto antes de su hogar materno, que algo estaba pasando, que el niño no estaba asistiendo regularmente a clases, que sufría reiterados maltratos y que toda su familia materna pasaba por alto y encubría. Él decidió hacer lo correcto, no quiso ser un cómplice pasivo del maltrato infantil.

Muchas veces, la familia, los vecinos, los profesores, saben lo que ocurre… y callan. Miguel no. Su acto fue clave. Permitió tomar decisiones y proteger al niño. Por eso, más allá del vínculo familiar, le debemos un gratitud eterna. 

Este mundo necesita más personas como él.
Más hombres y mujeres que no miren para el lado ante el maltrato infantil.

Desde el Estudio Jurídico No Más Hijos Rehenes Chile, honramos su memoria y su ejemplo. 

Descansa en paz amigo!❤",https://www.instagram.com/nomashijosrehenes.cl/p/DLqmAMnvpd5/
2025-07-03T10:50:16.000Z,18,0,NA,¡Gracias! www.nomashijosrehenes.cl,https://www.instagram.com/nomashijosrehenes.cl/reel/DLpJRdppijH/
2025-07-01T14:19:02.000Z,18,1,NA,www.nomashijosrehenes.cl,https://www.instagram.com/nomashijosrehenes.cl/reel/DLkXjwGCZnW/
2025-06-27T22:42:26.000Z,26,0,NA,"🎯 ¡Desistimos de las falsas denuncias por VIF en Valdivia!Hoy damos un paso importante en la defensa de la verdad: hemos desistido formalmente de todas las denuncias por violencia intrafamiliar interpuestas en el Tribunal de Familia de Valdivia.⠀Estas denuncias, que buscaban instrumentalizar la justicia para perjudicar a un padre y desvincularlo de sus hijos, ya no siguen su curso.⠀📌 En “No Más Hijos Rehenes” luchamos para que el sistema no sea usado como herramienta de venganza ni manipulación emocional.⠀🔹 Defendemos la paternidad activa.🔹 Protegemos los vínculos genuinos.🔹 Decimos basta a la violencia vicaria.⠀Si estás viviendo una situación parecida, ¡es momento de defenderte!📩 Contáctanos y conversemos tu caso.",https://www.instagram.com/nomashijosrehenes.cl/reel/DLa9_tZt03k/
2025-06-18T01:47:43.000Z,75,7,NA,www.nomashijosrehenes.cl,https://www.instagram.com/nomashijosrehenes.cl/reel/DLBjP24Pjx3/
2025-06-15T15:12:33.000Z,105,3,NA,"🎗 Saludo del Día del Padre — No Más Hijos Rehenes Chile

En este Día del Padre, queremos enviar un saludo a todos los papás, que pasen un excelente día junto a sus hijos y familia, también un saludo y toda la fuerza a aquellos padres que hoy no podrán ver a sus hijos, víctimas de la separación arbitraria, de la obstrucción del vínculo, y del uso de los niños como herramientas de castigo. A ustedes, que siguen luchando por amor, por justicia y por el derecho de ser padres presentes, les decimos que no están solos.

Un saludo también a los abuelos, verdaderos pilares de nuestras familias, que en silencio y con un amor han criado y acompañado a sus nietos, asumiendo muchas veces el rol de padres, cuando las circunstancias lo han exigido.

Recordamos con respeto y dolor a los padres que nos han dejado, y muy especialmente a aquellos hombres que, víctimas de la violencia intrafamiliar, de falsas denuncias y de la desesperación de la injusticia, han tomado la desgarradora decisión de quitarse la vida (Tenemos un caso ocurrido hace recién una semana) . A ellos les debemos la firmeza de nuestra causa: estamos aquí, día a día, trabajando para hacer justicia, para visibilizar su dolor, y para que ninguna familia más atraviese el abandono del Estado y la indiferencia de los sistemas que deberían protegerlos.

Por la revinculación, por el derecho a la paternidad, por la infancia, por la justicia.

No Más Hijos Rehenes Chile
#nomashijosrehenes #nomassap #obstrucciónparental #alienacionparental #sindromedealienacionparental #felizdiapapa #diadelpadre #amordepapa",https://www.instagram.com/nomashijosrehenes.cl/p/DK7N-h_NoDm/
2025-06-13T20:26:04.000Z,41,4,NA,"🎉 ¡Victoria Judicial en Arica! ⚖️

Nos enorgullece compartir que el Juzgado de Familia de Arica ha concedido el cuidado personal (tuición) de dos niños a su padre, luego de que ambos expresaran clara y firmemente su voluntad de vivir junto a él.

Esta decisión reconoce y respeta el derecho de los niños a ser oídos y el principio del interés superior del niño, tal como lo establece el artículo 16 de la Ley N° 19.968:

📌 “El interés superior del niño, niña o adolescente, y su derecho a ser oído, son principios rectores que el juez de familia debe tener siempre como consideración principal en la resolución del asunto sometido a su conocimiento.” ✅

Este fallo es un paso más hacia una justicia familiar equitativa, donde la voz de los niños realmente importa. 💬👧👦

💼 Si estás enfrentando una situación similar, nuestro equipo de No Más Hijos Rehenes está para ayudarte.

#JusticiaFamiliar #CuidadoPersonal #Tuición #DerechosDeLosNiños #Arica #NoMásHijosRehenes",https://www.instagram.com/nomashijosrehenes.cl/reel/DK2rQYqoEdH/
2025-06-10T20:41:47.000Z,29,1,NA,"Te dice: ‘Si me dejas, me mato’  Manipulación extrema. Nadie puede condicionar tu libertad emocional. Busca ayuda. Tú también mereces paz y protección. www.nomashijosrehenes.cl",https://www.instagram.com/nomashijosrehenes.cl/reel/DKu-rSDMk1b/
2025-06-10T14:32:09.000Z,42,1,NA,NA,https://www.instagram.com/nomashijosrehenes.cl/reel/DKuTP4oiomD/
2025-05-27T17:56:14.000Z,46,2,NA,"🛑 CIERREN POR FUERA 🛑

En Chile ha estallado un escándalo: funcionarios públicos haciendo uso fraudulento de licencias médicas para vacacionar o estudiar en el extranjero. Varios han tenido que renunciar. Pero hay un lugar donde este fraude duele especialmente: los tribunales de familia.

📍 Padres esperando años para poder ver a sus hijos.
📍 Causas de revinculación, cuidado personal o violencia que no se resuelven.
📍 Jueces y funcionarios que responden: “Estamos colapsados. La mitad del personal está con licencia médica”.

¿Y si muchas de esas licencias son falsas? ¿Y si el colapso es, en parte, un sabotaje desde dentro?

Hoy vemos tribunales que no solo se demoran meses en proveer una causa, sino que además la patean indefinidamente con ""previos a proveer"" sin justificación alguna. ¿Cuántos de esos retrasos son culpa de funcionarios ausentes sin razón válida?

Exigiremos esta información por Ley de Transparencia. Porque si estás usando una licencia falsa mientras miles de niños y padres sufren por la lentitud del sistema, no mereces estar en ese cargo.

📢 A los que sabotean la justicia desde dentro:
¡CIERREN POR FUERA!

Si estás de acuerdo, da like, comenta y comparte!

#NoMasHijosRehenes #JusticiaFamilia #CrisisTribunales #ChileDespierta #ReformaJudicial #padresporlajusticia #crianzacompartida #licenciasmedicas @pjudicialchile",https://www.instagram.com/nomashijosrehenes.cl/p/DKKopXCPbGD/
2025-05-27T15:29:35.000Z,44,5,NA,"🔴 “Tu papá no te quiere.”
🔴 “Tu papá es malo.”
🔴 “Si hablas con él, te castigo.”
👉 Eso también es abuso.

Cuando un adulto utiliza al hijo o hija como medio para dañar a su expareja, lo que está haciendo no es proteger: es manipular, controlar y vulnerar.
Frases como estas no solo afectan la relación con el otro progenitor, afectan directamente la salud emocional del menor. Los niños no tienen las herramientas para defenderse de este tipo de violencia encubierta.

Muchos crecen creyendo que uno de sus padres no los ama, que es peligroso, o que deben sentirse culpables por quererlo. ¿El resultado? Ansiedad, depresión, baja autoestima, y rupturas afectivas profundas que marcan toda su vida.

En Chile, todavía hay jueces, peritos y profesionales que confunden estas situaciones con “problemas de visita” o “conflictos entre adultos”. Pero no se trata de un conflicto de pareja, se trata de un niño que está siendo instrumentalizado y expuesto a una forma de violencia invisible pero devastadora.

Necesitamos hablar de esto. Necesitamos identificarlo.
Y sobre todo, necesitamos dejarlo claro:

👉 La alienación parental es maltrato infantil. 

#NoMásHijosRehenes #síndromedealienaciónparental #AlienaciónParental #NomásSAP #ViolenciaInvisible #MaltratoInfantil #PadresTambiénImportan #DerechoAAmar",https://www.instagram.com/nomashijosrehenes.cl/reel/DKKWvacOpvb/
2025-05-19T00:29:07.000Z,40,4,NA,www.nomashijosrehenes.cl,https://www.instagram.com/nomashijosrehenes.cl/reel/DJ0KYWvup6L/
2025-05-16T22:07:35.000Z,36,8,NA,"🔵 ¿Te han alejado injustamente de tus hijos?
En No Más Hijos Rehenes sabemos que muchos padres viven una dolorosa desvinculación con sus hijos por decisiones arbitrarias, falsas denuncias o simples omisiones del sistema.

🛡️ Nuestro equipo jurídico tiene una estrategia clara y efectiva para enfrentar esta realidad:
✔️ Demandas de régimen comunicacional
✔️ Cuidado personal compartido o exclusivo
✔️ Denuncia de obstrucción del vínculo
✔️ Peritajes y pruebas en juicio
✔️ Protección contra la violencia vicaria y el sesgo de género

👨‍⚖️ ¡No estás solo! Defendemos tu derecho a ser padre. Escríbenos y agendemos tu primera asesoría.

#NoMásHijosRehenes #DerechoAPaternar #DefensaPadres #CuidadoPersonal #RégimenComunicacional #JusticiaFamiliar #PadresQueLuchan",https://www.instagram.com/nomashijosrehenes.cl/reel/DJuwoOiuhTQ/
2025-05-15T02:29:52.000Z,93,9,NA,"El informe elaborado por el DAM Melipilla (2018) describe, mediante un lenguaje técnico y eufemístico, una situación clara de Alienación Parental de manual, aunque sin nombrarla directamente. Se señala que el niño ha estado expuesto históricamente a dinámicas conflictivas dentro del sistema conyugal, conformándose una “coalición en la díada materno-filial” y una “inoculación por medio de la entrega de información inadecuada” orientada al rechazo de su figura paterna.

Este tipo de descripciones, aunque redactadas con cautela, reflejan un patrón de interferencia grave: uno de los progenitores, en este caso la madre, utiliza su vínculo con el niño para socavar activamente la relación con el otro progenitor. Se trata de una forma de manipulación emocional que puede causar un daño psicológico profundo y persistente en el desarrollo afectivo del menor. Este tipo de situaciones son vistas a diario por jueces, consejeros técnicos, curadores adlitem y profesionales de programas de mejor niñez, sin embargo cegados por la ideología, tratan permanentemente de no reconocer la Alienación Parental y no reconocer el daño profundo que provoca.

La construcción de una alianza excluyente, donde el niño es inducido a rechazar a uno de sus padres, vulnera su derecho fundamental a mantener relaciones significativas con ambos. Más aún, instrumentalizarlo dentro del conflicto adulto, mediante relatos distorsionados, negativos o derechamente falsos del otro progenitor, es una forma de maltrato psicológico.

Dado el grave impacto que este comportamiento tiene sobre el bienestar del niño, consideramos que una madre o padre que incurra en esta práctica no está en condiciones de ejercer adecuadamente el cuidado personal. Su conducta evidencia una incapacidad de priorizar el interés superior del hijo y de garantizar un entorno emocional sano, libre de manipulación y lealtades forzadas.
#nomasSAP #NoMasHijosRehenes #SAP #alienacionparental",https://www.instagram.com/nomashijosrehenes.cl/p/DJqFF4OtX7m/
2025-05-14T11:45:17.000Z,33,1,NA,www.nomashijosrehenes.cl,https://www.instagram.com/nomashijosrehenes.cl/reel/DJofzdquKDn/
2025-05-11T15:42:41.000Z,11,0,NA,"En este Día de la Madre, queremos dedicar un saludo muy especial a todas aquellas mujeres que, con nobleza y amor, no obstruyen el vínculo entre sus hijos y sus padres. A esas madres que entienden que la coparentalidad sana es un regalo para sus hijos, que colaboran, que suman, que hacen posible una infancia más plena.

Saludamos con admiración a las madres que apoyan a sus esposos o parejas en el camino de mantener el lazo con hijos de matrimonios o relaciones anteriores, que los alientan, los contienen, los levantan cuando flaquean y les dan fuerza en medio de la adversidad. En muchas oportunidades son ustedes las que nos han contactado, pues ven a sus parejas hundidos en denuncias falsas y apartados injustamente de sus hijos.

Un saludo al cielo para las madres que ya han partido, pero que dejaron huellas imborrables de amor, valores y respeto por la familia. Su presencia vive en cada gesto que honra el vínculo y en cada lucha que busca justicia para los hijos.

Y un reconocimiento muy especial a las abuelas que se convierten en puentes de amor, que abrazan, que protegen, y que también luchan por ese derecho sagrado que tienen los niños de crecer rodeados del afecto de toda su familia.

A las madres de cada integrante del equipo de No Más Hijos Rehenes Chile, gracias por enseñarnos con su ejemplo el valor del amor incondicional, la justicia y la fortaleza. En ustedes nace nuestra convicción.

A diferencia de otros, no somos ninguna secta ideológica. Amamos a las mujeres, resaltamos a las mujeres. De hecho, detrás de cada padre desvinculado hay una madre, una abuela, una hermana, una hija.

Nuestra lucha no es contra las mujeres. Es contra aquellas conductas que, bajo resentimientos o egoísmos, buscan dañar, sin darse cuenta de que quienes más sufren son los hijos.
A todas las madres y mujeres que suman, que cuidan, que enseñan a amar en libertad, gracias por ser parte del cambio.

Feliz Día de la Madre les desea el Equipo No más hijos rehenes Chile 🌹🌹🌹
#DíaDeLasMadres #NoMasHijosRehenes #nomáshijosreheneschile",https://www.instagram.com/nomashijosrehenes.cl/p/DJhMX5KIvYv/
2025-05-10T17:13:23.000Z,303,13,NA,NA,https://www.instagram.com/nomashijosrehenes.cl/reel/DJeTi09uwv8/
2025-05-12T21:08:36.000Z,67,5,NA,"El daño no es solo al padre,
es a los niños !
- Si estás siendo desvinculado arbitrariamente de tus hijos.
- Si estás siendo víctima de falsas denuncias por violencia intrafamiliar o por abuso sexual.
- Si tus hijos están sufriendo una grave vulneración de derechos y necesitas pedir su cuidado personal (custodia).

Contáctanos al wsp +56937705593
o envía un formulario en www.nomashijosrehenes.cl",https://www.instagram.com/nomashijosrehenes.cl/reel/DJRr7ZluwBw/
2025-04-24T21:54:42.000Z,45,3,NA,"Victoria Judicial ante una Falsa Denuncia:

Hoy quiero compartir una victoria muy significativa en el camino por la justicia. Después de enfrentar una falsa denuncia que intentaba alejar a un padre de su hijo, logramos demostrar que la acusación carecía de fundamento y que el vínculo entre padre e hijo debía ser protegido y fortalecido.

Este caso nos recuerda la importancia de la lucha constante por los derechos de los padres, especialmente cuando se les intenta separar de sus hijos injustamente. A través de pruebas, testimonios y, sobre todo, de la determinación para luchar por lo que es justo, conseguimos que el padre pudiera seguir construyendo su relación con su hijo.

No solo ganamos un caso, ganamos el derecho de un padre a estar presente en la vida de su hijo. Esta victoria es un recordatorio de que la justicia siempre debe prevalecer, y que el amor y la conexión familiar no deben ser truncados por mentiras.

#VictoriaJudicial #DerechosDeLosPadres #VinculoFamiliar #Justicia #LuchaPorLaVerdad #PadreEHIjo",https://www.instagram.com/nomashijosrehenes.cl/reel/DI2FpjXuM5s/
2025-04-23T23:06:34.000Z,117,10,NA,"Testimonio de una Denuncia Falsa:

Hoy quiero compartir con ustedes una experiencia difícil, pero que es importante visibilizar. Recientemente, fui víctima de una denuncia falsa que afectó no solo mi reputación, sino también mi tranquilidad.

Me acusaron de algo que simplemente NO ocurrió, basándose en información errónea y malintencionada. La denunciante inventó hechos que nunca ocurrieron, desvirtuando completamente la realidad. Gracias a las pruebas que pude aportar, quedó claro que todo era falso.

Es increíble cómo una acusación infundada puede generar tanto daño, no solo a la persona acusada, sino también a su familia y entorno. Este tipo de situaciones no solo revictimizan a la persona acusada, sino que desvían la atención de los verdaderos problemas.

Hoy, me siento fortalecido porque la verdad salió a la luz, pero quiero que esto sea una reflexión para todos: una denuncia falsa no solo afecta al acusado, sino que también socava la confianza en el sistema judicial. La justicia debe ser un proceso que busque la verdad, no una herramienta para venganzas personales.

No dejemos que las mentiras destruyan vidas. La verdad siempre prevalecerá.

#Justicia #DenunciaFalsa #Verdad #Derechos #LuchandoPorLaVerdad",https://www.instagram.com/nomashijosrehenes.cl/reel/DIzpEVcOuNF/
2025-04-22T14:51:57.000Z,89,2,NA,www.nomashijosrehenes.cl,https://www.instagram.com/nomashijosrehenes.cl/reel/DIwLrdAu_tB/
2025-04-18T02:14:05.000Z,32,0,NA,"“Más de 100 días sin abrazarlo. Sin saber cómo estaba. Sin poder mirarlo a los ojos y decirle cuánto lo ama. Hoy, por fin, la justicia escuchó su voz.”

Este padre estuvo separado de su hijo durante más de 100 días, producto de una obstrucción del vínculo ejercida por la madre. Durante ese tiempo, no hubo razones válidas, solo el doloroso uso del niño como un arma emocional. Fue una espera angustiante, llena de puertas cerradas, silencios injustificados y un amor paterno resistiendo en soledad.

Hoy, luego de semanas de insistencia, pruebas, escritos y convicción, se celebró una audiencia en la que se fijó un régimen de visitas. Un paso importante, un avance que devuelve a este padre la posibilidad de volver a mirar a su hijo sin miedo, sin restricciones injustas, sin barreras impuestas por quien debería proteger ese vínculo y no destruirlo.

Esto no es solo una resolución judicial.
Es un mensaje de esperanza para tantos padres que hoy están pasando por lo mismo. A los que los tildan de innecesarios, a los que les cierran las puertas de sus propios hogares, a los que aman a sus hijos con todas sus fuerzas pero son tratados como invisibles:
No están solos.

La verdad se abre camino, aunque a veces parezca que todo está en contra.
Porque ningún padre debería rogar por el derecho de amar a sus hijos, y ningún hijo merece crecer sin la presencia de su papá.

Seguimos firmes. Seguimos presentes.
Esto recién comienza.

#NoMásHijosRehenes
#PapáPresente
#ObstrucciónDelVínculo
#JusticiaParaLosPadres
#NiñosConAmbosPadres
#VínculoPaterno
#DerechoAAmar",https://www.instagram.com/nomashijosrehenes.cl/reel/DIkhwqpuCna/
2025-04-16T22:30:31.000Z,31,4,NA,"“Cuando la denuncia es solo una estrategia”
Hay denuncias que no buscan justicia, buscan ventaja.
En juicios de cuidado personal o alimentos, algunos padres enfrentan denuncias falsas justo antes de una audiencia clave. ¿Coincidencia? No. Es estrategia.
Sabemos reconocer cuándo se trata de una denuncia legítima… y cuándo es un montaje para destruir al papá.
Si te pasó, no estás solo.
#ViolenciaVicaria #PapáFalsamenteAcusado #JusticiaFamiliar",https://www.instagram.com/nomashijosrehenes.cl/reel/DIhjVnEOw2v/
2025-04-15T00:13:13.000Z,52,3,NA,"¿Y si la que miente es ella?”
No todo lo que dice una madre en tribunales es verdad.
“Él no llama a los niños”, “los niños no quieren verlo”, “está desaparecido”… frases que se repiten como un libreto.
La realidad es que muchos papás sí llaman, sí buscan, sí quieren estar… pero es ella quien bloquea el contacto.
El silencio no es abandono: muchas veces es obstrucción.
#ObstrucciónDelVínculo #PapásPresentes #nomásmentiras",https://www.instagram.com/nomashijosrehenes.cl/reel/DIclc86gwWH/
2025-04-13T23:16:27.000Z,69,9,NA,"La mentira más usada: ‘Él es violento’
”Muchos padres son alejados de sus hijos con una frase sin pruebas: “él es violento”.
Cuando la madre no logra justificar por qué los niños no ven al padre, aparece esta acusación como carta segura.
¿El problema? Se hace sin pruebas, pero con consecuencias reales: el papá queda sin ver a sus hijos durante meses, incluso años.
En No Más Hijos Rehenes defendemos a los papás que enfrentan este tipo de injusticias.
#FalsasDenuncias #PapásTambiénImportan #NoMásHijosRehenes",https://www.instagram.com/nomashijosrehenes.cl/reel/DIZ6KI0OTy6/
2025-04-08T01:47:56.000Z,43,2,NA,"Las denuncias falsas son una bomba de tiempo.
Detonan en silencio, pero destruyen todo a su paso: la honra, la libertad, el vínculo con los hijos.
Una persona inocente puede terminar tras las rejas, mientras su familia se desmorona por completo.

No se puede permitir que la justicia sea utilizada como un arma de venganza personal.
Porque detrás de cada mentira hay un padre, una madre, un hijo… pagando un precio que no merecen.

Defendamos la verdad. Protejamos a las familias.
No más hijos rehenes. No más víctimas del sistema.",https://www.instagram.com/nomashijosrehenes.cl/reel/DIKu01MOmeO/
2025-04-07T00:23:19.000Z,58,1,NA,"Los niños necesitan dormir con su papá también.
No solo los fines de semana. No solo unas horas.
Necesitan amanecer con él.
Despertar con un “buenos días, hijo” y dormir con un “te amo, hasta mañana”.

Negar la pernocta no es proteger, es separar.
Es transformar al padre en visita.
Es quitarle a los niños una parte esencial de su historia.

La crianza no tiene horario.
Los abrazos de noche también sanan.
Las conversaciones antes de dormir también educan.

Exijamos pernocta compartida.
Por una paternidad presente, real y sin límites arbitrarios.
Porque los niños no duermen con los derechos de uno solo… duermen con amor.

#NoMásHijosRehenes
#PernoctaEsAmor
#PapáPresente
#CrianzaCompartida
#DerechoALosDosPadres",https://www.instagram.com/nomashijosrehenes.cl/reel/DIIAXagOMCh/
2025-04-04T02:56:25.000Z,55,3,NA,"Un día al ir a buscar a mi hijo de 6 años, vi rabia en sus ojos, le pregunté qué le pasaba y me dijo te van a llevar preso porque no me das las cosas materiales. ""Además uds solo quieren a mi hermanita (mi hija de otra relación)"", ""Yo soy tonto, no seré nada en la vida, mi hermanita estudiará lo que quiera, yo qué seré?,nada"". Pero ¿quién te dice eso? ""me lo dice mi mamá"". Mi hijo tiene una discapacidad intelectual y la madre se encargó de exacerbarla, sometiendo a mi hijo a una dependencia absoluta, no permitiendo su desarrollo incluso esperable dentro de su nivel de discapacidad. Con todo lo que me dijo mi hijo me volví loco, no podía creer que su madre fuera capaz de maltratarlo de esa manera y no me cabía duda que que estaba ""a media cuadra"" de pasar a la violencia física. Sin recursos para contratar un abogado particular y no calificando para la corporación, me presenté por mi cuenta a carabineros y expuse mi caso, lo derivaron al tribunal y del tribunal a la OPD de Renca. Recibí solo maltrato en la OPD, mis preocupaciones fueron ridiculizadas, un día incluso me dijeron que era violento de mi parte pretender que mi hijo hiciera cosas que ""por su discapacidad"" nunca iba a poder lograr, como leer, escribir, multiplicar, sumar, dividir, comer solo, vestirse solo, que nunca iba a terminar la educación básica ni media y ni soñar con una carrera profesional. Protegieron a la madre por casi 3 años, a los 9 años la madre lo golpeó y el centro de medidas cautelares me entregó a mi hijo herido, no solo físicamente, herido de todas las formas en que se puede herir a un niño. En pocos días comenzó el milagro, comenzó a vestirse, comer, bañarse solo, a los 6 meses aprendió a leer y escribir, comenzó a realizar operaciones matemáticas, estaba recuperando los 9 años perdidos junto a su madre. Hoy 7 años después, mi hijo cursa 2ºMedio,sueña con estudiar gastronomía, ser chef y tener su propio restaurante.
Un padre con amor puede cambiar el futuro de sus hijos. 
Si te encuentras en una situación similar, lucha por el cuidado personal de tus hijos.
📞 Contáctanos al +569 3770 5593 o info@nomashijosrehenes.cl. Juntos podemos darle a tus hijos la oportunidad que merecen. 💙",https://www.instagram.com/nomashijosrehenes.cl/p/DIAjigKv0Pi/
2025-04-03T23:32:18.000Z,32,1,NA,"Las falsas denuncias de #violenciaintrafamiliar #maltratohabitual e incluso de #abusosexual son un problema real que destruye la vida de hombres inocentes y familias completas. 😔 Es fundamental que se reconozcan estos casos y que los padres puedan luchar por lo que les corresponde: estar con sus hijos. 👨‍👧‍👦

Lamentablemente, se ha instrumentalizado este tipo de denuncias, y son un patrón aprendido, donde la justicia actúa implacable contra el hombre sin pruebas, imponiendo medidas cautelares desproporcionadas como la prohibición de acercarse a los hijos. Al contrario, cuando la mujer es denunciada, minimizan sus errores y abusos, y tanto jueces como consejeros técnicos persisten en mantener a los niños como rehenes de quien vulnera sus derechos: su madre.

No Más Hijos Rehenes Chile está comprometido con restablecer el vínculo familiar y asegurar que tus hijos crezcan contigo. No basta con defenderse, ¡debes tomar las riendas con una estrategia ofensiva!

Si enfrentas una denuncia falsa, ¡no estás solo! 📞 Escríbenos al +569 3770 5593 o a info@nomashijosrehenes.cl. Juntos podemos cambiar el curso de tu vida.

#Nomashijosrehenes #Crianzacompartida #Nomasfalsasdenuncias #Nomasdenunciasfalsas #Nomasnietosrehenes",https://www.instagram.com/nomashijosrehenes.cl/reel/DIAMJOxuprW/
2025-04-03T22:16:57.000Z,29,0,NA,"Día a día seguimos luchando por todos aquellos padres y familias que, injustamente, no pueden ver a sus hijos. Porque el amor y el derecho a estar juntos no deberían ser negados. No descansaremos hasta que cada abrazo pendiente se haga realidad.
www.nomashijosrehenes.cl",https://www.instagram.com/nomashijosrehenes.cl/reel/DIADfO5uWJN/
2025-04-01T21:22:45.000Z,36,2,NA,"¿Hasta cuándo los atrasos de los curadores ad litem?

Una vez más, vemos cómo los procesos judiciales en los Juzgados de Familia se estancan por la demora en la actuación de los curadores ad litem. Estos profesionales, que deben representar el interés superior de los niños, niñas y adolescentes, muchas veces no asumen su rol con la urgencia que el caso requiere.

¿El resultado? Padres y madres esperando meses por audiencias clave. Niños atrapados en conflictos sin resolución.

¡Basta de burocracia que vulnera derechos!
La función del curador no es un mero trámite: es una responsabilidad seria que exige compromiso y celeridad.

La infancia no puede seguir esperando.
#NoMásHijosRehenes #JusticiaFamiliar #CuradoresAdLitem #DerechosDeLosNiños #ReformaYa",https://www.instagram.com/nomashijosrehenes.cl/reel/DH6zr20OEWq/
2025-04-01T01:54:38.000Z,250,38,NA,"Hijos alejados de sus padres en tribunales de familia por denuncias falsas.
¿QUIÉN RESPONDE?
www.nomashijosrehenes.cl",https://www.instagram.com/nomashijosrehenes.cl/reel/DH4toUJOVG9/
2025-03-28T23:42:57.000Z,47,1,NA,"Papá, no tengas miedo de pedir el cuidado personal de tus hijos

Muchos padres siguen creyendo que no tienen posibilidades, que la justicia siempre favorece a la madre. Pero eso ya no es así.

Si eres un padre presente, responsable y comprometido, tienes todo el derecho de pelear por el cuidado personal.

No es egoísmo, no es revancha. Es amor. Es querer estar ahí para criar, acompañar y proteger a tus hijos.

En No Más Hijos Rehenes te ayudamos a dar ese paso con seguridad y con las herramientas legales que necesitas.

✊ No más padres invisibles.
✊ No más miedo.

#CuidadoPersonal #PadresValientes #NoMásHijosRehenes #IgualdadParental #PapásQueLuchan",https://www.instagram.com/nomashijosrehenes.cl/reel/DHwwjlxOAQj/
2025-03-27T13:12:54.000Z,15,0,NA,"Si quieres pasar las próximas fiestas con tus hijos…
Toma acción desde ahora!
www.nomashijosrehenes.cl",https://www.instagram.com/nomashijosrehenes.cl/reel/DHtDlfPOVyM/
2025-03-22T11:37:51.000Z,36,4,NA,"Las órdenes de alejamiento no pueden ser para siempre.

Hoy tuvimos audiencia de revisión de medidas cautelares por un ex conviviente que lleva 6 meses con una orden de alejamiento, sin avances reales en la investigación por parte de Fiscalía.

Durante todo este tiempo, ha estado alejado de su hogar, de su entorno y de la posibilidad de defenderse adecuadamente, todo basado en una denuncia que no ha sido investigada con la debida diligencia.

Las medidas cautelares deben ser proporcionales, fundadas y temporales. No pueden transformarse en castigos anticipados ni usarse como herramienta de control o venganza.

Ser acusado no es ser culpable.
Ser hombre no es sinónimo de peligro.

✊ Si estás viviendo una situación similar, contáctanos. En No Más Hijos Rehenes, luchamos por tus derechos.

#AudienciaDeRevisión #MedidasCautelares #JusticiaParaTodos #NoMásHijosRehenes #DerechoALaDefensa",https://www.instagram.com/nomashijosrehenes.cl/reel/DHgAxPHOA46/
2025-03-19T02:04:49.000Z,75,5,NA,"🚨 Cuando ser padre no es suficiente para la justicia 🚨

En este caso, un padre amoroso y presente llevaba meses pidiendo algo básico: que su hijo pudiera pernoctar con él. Sin embargo, la madre se negaba sin ninguna razón válida, más que su propia opinión de que “los niños deben dormir con la madre”.

No había antecedentes de riesgo, no había incumplimientos, nada que justificara esta negativa. Solo prejuicios. Solo la idea de que, por ser hombre, no podía cuidar a su propio hijo por las noches.

El derecho de los niños a compartir con ambos padres no puede depender de estereotipos. Luchamos en tribunales para demostrar que la paternidad no es inferior, que un padre tiene el mismo derecho y capacidad de criar que una madre. Y lo logramos: hoy este papá duerme tranquilo, sabiendo que su hijo también puede hacerlo en su hogar.

Si estás pasando por una situación similar, no te calles. La justicia no puede seguir discriminando a los padres. Escríbenos y hagamos valer tus derechos.

✊ #NoMásHijosRehenes #PadresPresentes #JusticiaParaLosPadres",https://www.instagram.com/nomashijosrehenes.cl/reel/DHXQ1EZOP5f/
2025-03-17T22:18:07.000Z,22,2,NA,"🚨 CUANDO PRACTICAR ARTES MARCIALES POR SI MISMO ES USADO COMO ARGUMENTO PARA UNA FALSA DENUNCIA🚨

En No Más Hijos Rehenes Chile hemos escuchado en varias ocasiones historias que siguen el mismo patrón, un padre, instructor o practicante de alguna disciplina de defensa personal, es denunciado por violencia intrafamiliar (lesiones psicológicas ""el comodín"") basado en el ""miedo"" que les da saber que el hombre practica alguna disciplina de artes marciales o defensa personal. 😡

 ¡Como si la habilidad en artes marciales fuera una amenaza! .En lugar de ver a estos padres como modelos a seguir, responsables y con los conocimientos necesarios para proteger a sus hijos, la justicia presiona rápidamente sobre ellos sin pruebas sólidas, basándose solo en su destreza en defensa personal.

Hemos recibido decenas de casos donde la figura del practicante o instructor de artes marciales ha sido víctima de denuncias sin un solo indicio real de violencia. 

👉 Sabemos que la práctica de artes marciales desde temprana edad tiene beneficios insuperables para el desarrollo de los niños. Les ayuda a adquirir disciplina, autoestima, control emocional y, sobre todo, fortalece el vínculo padre-hijo. 🤝👨‍👧‍👦 Cuando es el mismo padre quien enseña, se crea un lazo más fuerte y auténtico, basado en la confianza y el respeto mutuo.

¿Estás pasando por una situación similar o necesitas asesoría legal sobre el tema? En No Más Hijos Rehenes Chile somos expertos en defender los derechos de aquellos que, injustamente, son acusados sin fundamento. Te ayudamos a proteger tu vínculo con tus hijos.

✅ Ventajas de elegirnos:
1. Experiencia en casos de falsas denuncias y violencia intrafamiliar.
2. Asesoramiento personalizado para garantizar que tus derechos sean respetados.
3. Defensa integral  para que no seas víctima de injusticias.

No permitas que te arrebaten lo que más amas. ¡Contáctanos!

📲 WhatsApp: +56937705593
✉️ Correo: info@nomashijosrehenes.cl

#NoMasHijosRehenes #DefensaPersonal #FalsasDenuncias #FamiliaUnida #ArtesMarciales #Justicia #PadresResponsables #DefensaLegal #UnidosPorLaVerdad #mma #UFC313 #Karate #taekwondo #boxeoprofesional #Judo #jiujitsu #kungfu #aikido #ninjutsu",https://www.instagram.com/nomashijosrehenes.cl/p/DHUSLYHvMjd/
2025-03-16T23:36:56.000Z,58,2,NA,"Es fundamental que los niños crezcan en un entorno donde puedan formar un vínculo fuerte y saludable con sus hermanos. Sin embargo, muchas veces, cuando un padre inicia una nueva relación o tiene otro hijo con una pareja diferente, algunas mamitas corazón  tratan de destruir ese vínculo, creando rivalidades artificiales entre los hermanos. Esta manipulación emocional afecta directamente a los niños, ya que se les enseña a ver a su hermano como un competidor, cuando en realidad deberían aprender a ser una fuente de apoyo mutuo. Los hermanos deben tener el derecho de crecer juntos, disfrutar de su compañía y compartir su vida, sin interferencias externas que destruyan su relación. Si como venganza por rehacer tu vida te están apartando de tus hijos, o si fuiste nuevamente padre y tus hijos mayores están siendo privados del derecho de crecer con su nuevo hermano debido a manipulaciones de su madre, es hora de defender sus derechos. En No Más Hijos Rehenes Chile, luchamos por la restauración del vínculos entre padres con sus hijos y la vinculación entre hermanos y familia paterna, ayudando a padres a enfrentar situaciones en las que las madres obstaculizan este derecho fundamental. No dejes que tus hijos crezcan separados. No dejes que el amor entre ellos sea destruido. Si estás enfrentando esta situación, estamos aquí para apoyarte y tomar las medidas legales necesarias para que tus hijos puedan disfrutar de una relación sana, llena de amor y solidaridad. No permitas que se les prive de una infancia plena y feliz.

¿ESTÁS PASANDO POR ESTA SITUACIÓN?, CUÉNTANOS TU EXPERIENCIA!
SÍGUENOS Y COMPARTE SI CONOCES A ALGUIEN QUE ESTÉ PASANDO POR ESTO.

📲 WhatsApp: +56937705593
📧 Email: info@nomashijosrehenes.cl
#NoMasHijosRehenesChile #NoMasHijosRehenes #CrianzaCompartida #DerechosDeLosNiños #VínculoFamiliar  #Hermandad #alienacionparental #MaltratoInfantil #obstruccionparental",https://www.instagram.com/nomashijosrehenes.cl/p/DHR2Zqxvu2W/
2025-03-14T23:42:44.000Z,15,1,NA,"🚨Mujer amenaza de muerte a sus hijos y muerde a la vecina. 🚨
Una madre fue formalizada por agredir a sus hijos menores de edad y amenazarlos de@muerte en la región de Atacama.
Aunque parezca increíble, situaciones muy similares a esta, en las cuales no contaron con cobertura de los medios, el juez le pide la opinión al consejero ""técnico"" el cual considera que ""No se visualiza GRAVE vulneración de derechos"", por lo que el padre que denuncia hechos gravísimos como estos, es derivado a programas de desvinculación paternal.
Fuente : https://www.instagram.com/p/DHEND-cO_pM/?igsh=MTM5dXowa2tpZHI0",https://www.instagram.com/nomashijosrehenes.cl/reel/DHMQvckudwi/
2025-03-14T01:20:32.000Z,28,1,NA,"¡La paternidad no es un delito! 🙌🏼👨‍👧‍👦

En No Más Hijos Rehenes Chile, luchamos cada día para que los padres tengan el derecho a estar presentes en la vida de sus hijos. No podemos permitir que una ideología cavernícola e infundada convierta a los padres en ""potenciales abusadores"" solo por el hecho de haberse separado. Esta idea no solo es injusta, es una falacia que hace daño tanto a padres como a hijos.

Los padres merecen el derecho de luchar por una relación sana y activa con sus hijos, sin ser discriminados ni víctimas de falsas denuncias. ⚖️

Si te encuentras en una situación donde tus derechos como padre están siendo vulnerados o sientes que la integridad de tus hijos está siendo manipulada, ¡No estás solo! 

En nuestro estudio jurídico, defendemos a padres que han sido víctimas de violencia intrafamiliar o de denuncias falsas, y que desean recuperar su derecho de ser parte activa de la crianza de sus hijos. 💪🏼

📲 Si crees que tus derechos están siendo vulnerados, ¡actúa ya! Contáctanos para recibir la asesoría y el apoyo que necesitas.

📞 Escríbenos por WhatsApp al +56937705593 o mándanos un correo a info@nomashijosrehenes.cl.

No te quedes callado, ¡es hora de defender lo que es tuyo! ✊🏼

#NoMasHijosRehenes  #CrianzaCompartida  #DerechosDeLosPadres #DefiendeTuPaternidad #JusticiaFamiliar #PaternidadActiva #Tuición #amordepapá",https://www.instagram.com/nomashijosrehenes.cl/p/DHKT30VNiHO/
2025-03-11T22:27:28.000Z,27,5,NA,"Pagas la pensión pero la mamá no te deja ver a tu hijo?
➡️No pelees más por tiempo que e tuyo!
DÉJALO EN MANOS DE EXPERTOS ✅
www.nomashijosrehenes.cl",https://www.instagram.com/nomashijosrehenes.cl/reel/DHE2NuPO6yN/
2025-03-10T12:44:45.000Z,15,1,NA,"🚨 ALIENACIÓN PARENTAL: UN DAÑO SILENCIOSO 🚨

La alienación parental es una forma de maltrato infantil en la que un progenitor manipula a un niño para rechazar injustamente al otro padre. ❌

💔 Los niños no deben ser usados como herramientas de venganza.
⚖️ Tienen derecho a una relación sana con ambos padres.

Si estás siendo víctima de alienación parental o conoces a alguien que lo esté viviendo, no estás solo. En No Más Hijos Rehenes, defendemos los derechos de los niños y sus familias.

📩 Contáctanos para recibir orientación y hacer valer tus derechos.

#AlienaciónParental #NoMásHijosRehenes #DerechosDeLosNiños #JusticiaFamiliar #PadresPresentes",https://www.instagram.com/nomashijosrehenes.cl/reel/DHBO9G9ugIk/
2025-03-07T14:42:24.000Z,14,0,NA,"👨‍👧‍👦 DEFENDEMOS EL DERECHO DE LOS PADRES A COMPARTIR CON SUS HIJOS 💙

Ser padre no es solo un título, es un derecho y un deber. Ningún padre debe ser apartado injustamente de la vida de sus hijos.

⚖️ La ley protege el vínculo entre padres e hijos, y nosotros estamos aquí para hacerla cumplir.

❌ Si te han limitado el contacto con tus hijos, es momento de actuar.
💪 En No Más Hijos Rehenes, luchamos para que ningún padre sea separado de sus hijos sin justificación.

📩 Contáctanos y juntos haremos valer tus derechos.

#DerechosDeLosPadres #JusticiaParaLosNiños #NoMásHijosRehenes #FamiliaUnida #PadresPresentes",https://www.instagram.com/nomashijosrehenes.cl/reel/DG5uCYNuFmU/
2025-03-05T13:10:15.000Z,22,0,NA,"📢 LOS ABUELOS TAMBIÉN TIENEN DERECHOS 📢

👴👵 El amor y el vínculo entre abuelos y nietos es fundamental para el desarrollo de los niños. Sin embargo, en muchos casos, se impide injustamente que los abuelos puedan compartir con ellos.

📜 La ley reconoce el derecho de los abuelos a tener un régimen de visitas cuando se demuestra que su relación es positiva y beneficiosa para el niño.

⚖️ Si te han negado la posibilidad de ver a tus nietos, ¡puedes exigir tu derecho! 💪 No permitas que el vínculo se rompa.

📩 Contáctanos para asesorarte y hacer valer tus derechos. #NoMásHijosRehenes

🔹 Consulta con un abogado especializado 🔹

#DerechosDeLosAbuelos #VisitasAbuelos #JusticiaParaLosNiños #Familia #DerechoDeFamilia",https://www.instagram.com/nomashijosrehenes.cl/reel/DG0Z5c5ONLq/
2025-03-04T00:32:47.000Z,34,0,NA,"📢 Los padres hombres tienen todo el derecho de participar y conocer la educación de sus hijos 📢

Ser padre no significa solo cumplir con una obligación económica, sino también tener voz y presencia activa en la educación, formación y bienestar de los hijos. 💪👨‍👧‍👦

🔹 Tienes derecho a conocer el rendimiento escolar de tus hijos.
🔹 Puedes participar en reuniones de apoderados y actividades escolares.
🔹 Nadie puede excluirte de su educación por razones de género.

Los tribunales deben garantizar que ambos padres puedan ser parte activa en la vida de sus hijos, sin discriminaciones ni sesgos. Si te han impedido ejercer tu rol, podemos ayudarte a hacer valer tus derechos. ⚖️

📩 Contáctanos y lucha por tu derecho a ser un padre presente. #NoMásHijosRehenes #DerechosDeLosPadres #PadresPresentes",https://www.instagram.com/nomashijosrehenes.cl/reel/DGwebXpO_2-/
2025-02-28T18:41:18.000Z,98,11,NA,"📢 ¡Un gran avance para la justicia y los derechos de los padres!

En el Tribunal de Familia de Chillán, logramos recusar a una jueza, asegurando así la imparcialidad en los procesos de nuestro representado. Este importante hito garantiza que ningún sesgo influya en sus futuras causas.

💪 Pero eso no es todo… En la audiencia posterior, conseguimos que se otorgaran visitas amplias para nuestro cliente Víctor, permitiéndole fortalecer el vínculo con su hijo.

💙 Seguimos luchando para que ningún padre sea excluido injustamente de la vida de sus hijos. ¡La justicia debe ser equitativa para todos!

🔹 Si necesitas asesoría legal, estamos para ayudarte.
📩 Contáctanos y defiende tu derecho a ser padre.

#JusticiaParaTodos #DerechosDeLosPadres #VictoriaLegal #TribunalDeFamilia #NoMásHijosRehenes",https://www.instagram.com/nomashijosrehenes.cl/reel/DGoHxbaOKkr/
2025-02-27T17:40:18.000Z,47,10,NA,"¡Gracias por confiar en nosotros, Pablo!

En No Más Hijos Rehenes, trabajamos cada día para que los padres puedan ejercer su derecho a estar presentes en la vida de sus hijos. Nuestro cliente, Pablo, ha logrado fortalecer su vínculo con su hijo gracias a la asesoría y el apoyo legal de nuestro equipo.

Sabemos lo importante que es para un padre compartir momentos con su hijo y ser parte activa de su crianza. Nos enorgullece haber sido parte de este proceso y seguiremos luchando para que más padres puedan disfrutar de este derecho fundamental.

Si necesitas ayuda para recuperar el vínculo con tu hijo, estamos aquí para apoyarte. Escríbenos y juntos encontraremos una solución.
www.nomashijosrehenes.cl

#NoMásHijosRehenes #JusticiaParaLosPadres #DerechoAEstarPresente",https://www.instagram.com/nomashijosrehenes.cl/reel/DGlcAAEOXEc/
2025-02-26T21:31:38.000Z,27,2,NA,"Acuerdo en el Tribunal de Familia más justos

Hola, soy Miguel Candia, abogado, y hoy quiero contarles sobre una audiencia en el Tribunal de Familia donde logramos un acuerdo importante. En este caso, ambos padres acordaron compartir el cuidado personal de sus hijas: mi representado tendrá el cuidado de su hija mayor, mientras que la madre quedará a cargo de la menor. Además, se estableció que cada padre asumirá los alimentos de la hija que tiene bajo su cuidado. Lo más relevante es que mi representado obtuvo un régimen de visitas amplio, permitiendo que ambas hermanas mantengan un vínculo diario y crezcan unidas, respetando siempre su relación y bienestar. Este es un ejemplo de que, cuando hay voluntad, se pueden alcanzar soluciones equilibradas que beneficien a los hijos y permitan una coparentalidad más justa.

🔹 #NoMásHijosRehenes #Coparentalidad #JusticiaParaLosPadres",https://www.instagram.com/nomashijosrehenes.cl/reel/DGjRqSOu78h/
2025-02-25T13:47:43.000Z,57,20,NA,"📌 ¿El motivo?
🔹 Ha ignorado y vulnerado el derecho fundamental del niño a ser oído.
🔹 A pesar de que el menor ha manifestado clara y reiteradamente su deseo de vivir con su padre, se ha negado a informar al tribunal sobre su voluntad.
🔹 Su actuar contraviene tratados internacionales y la propia legislación nacional, que garantizan la voz y opinión de los niños en procesos judiciales que los afectan.

⚖️ El derecho a ser oído no es un capricho, es un derecho protegido por la Convención sobre los Derechos del Niño.

🛑 ¡Basta de decisiones arbitrarias! La justicia debe velar por el interés superior del niño, no por intereses personales o sesgos institucionales.

📢 Exigimos responsabilidad y transparencia en el actuar de quienes deben proteger a la infancia.

💬 Déjanos tu opinión en los comentarios.
📲 Comparte este mensaje para que más personas conozcan esta grave situación.
www.nomashijosrehenes.cl

#JusticiaParaLosNiños #DerechoASerOído #InfanciaProtegida #NoMásImpunidad #Familia #DerechoFamiliar #JusticiaInfantil",https://www.instagram.com/nomashijosrehenes.cl/reel/DGf3OuKuJdA/
2025-02-24T12:59:09.000Z,17,0,NA,"Este mes y durante marzo, ofrecemos consultas telemáticas gratuitas. ¡Agenda tu cita ahora a través de WhatsApp!
www.nomashijosrehenes.cl",https://www.instagram.com/nomashijosrehenes.cl/reel/DGdNb31ukUI/
2025-02-21T14:44:05.000Z,52,8,NA,"Acuerdo en el Tribunal de Familia.
www.nomashijosrehenes.cl",https://www.instagram.com/nomashijosrehenes.cl/reel/DGVrD4yOCSG/
2025-02-19T18:40:07.000Z,25,3,NA,"Se Logró el Cuidado Personal de un nieto para una abuela paterna.
www.nomashijosrehenes.cl",https://www.instagram.com/nomashijosrehenes.cl/reel/DGQ8eWMu0OK/
2025-02-18T17:26:09.000Z,55,8,NA,"Padre logra visitas con su hija después de dos meses por obstrucción del vínculo por parte de la madre.
www.nomashijosrehenes.cl",https://www.instagram.com/nomashijosrehenes.cl/reel/DGOPIK_OS5v/
2025-02-17T19:51:39.000Z,51,5,NA,"Hola, soy Miguel Candia, abogado del Estudio Jurídico No Más Hijos Rehenes. Hoy comparecí a una audiencia donde quedó en evidencia una realidad que muchos ignoran: la violencia vicaria la sufren principalmente los padres hombres. En este caso, la madre utilizaba al hijo en común como un medio para castigar al padre, negándole el contacto, manipulándolo y sembrando miedo en su contra. Esto no es solo un conflicto entre adultos, es un daño emocional directo a un niño que merece crecer con el amor y la presencia de ambos padres.
🔹 #NoMásHijosRehenes #ViolenciaVicaria #JusticiaParaLosPadres",https://www.instagram.com/nomashijosrehenes.cl/reel/DGL68P6vC6a/
2025-02-14T23:24:30.000Z,22,0,NA,"¡3,000 voces por la infancia! Gracias por ser parte de No Más Hijos Rehenes",https://www.instagram.com/nomashijosrehenes.cl/reel/DGElFocu0t9/
2025-02-13T17:19:50.000Z,120,7,NA,"🏛️ Caso de Éxito en el Tribunal de Familia de San Bernardo: Padre Logra el Cuidado Personal de su Hijo

En No Más Hijos Rehenes, defendemos con firmeza el derecho de los padres a formar parte activa en la vida de sus hijos. Un claro ejemplo de ello es el caso que enfrentamos en el Tribunal de Familia de San Bernardo, donde un padre, inicialmente enfrentando una negativa rotunda, logró obtener el cuidado personal de su hijo.

Desde el inicio, la madre se opuso a la solicitud, alegando razones que no tenían fundamento en el bienestar del niño. Sin embargo, tras nuestra defensa y argumentación legal, el tribunal falló a favor del padre. Este caso reafirma que la paternidad no debe ser invisibilizada y que la justicia puede reconocer el derecho de los niños a estar con el progenitor que mejor garantice su desarrollo integral.

🔹 Nuestros Objetivos como Estudio Jurídico
En No Más Hijos Rehenes, trabajamos con la convicción de que los hijos no son trofeos de disputa, sino personas con derechos. Luchamos por:
✅ Cuidado personal para los padres hombres que realmente son la mejor opción para sus hijos.
✅ Un régimen de visitas justo y sin obstáculos.
✅ Eliminación del sesgo de género en tribunales de familia.
✅ Protección contra denuncias falsas y violencia vicaria.

🔹 ¿Estás enfrentando una situación similar?
Si sientes que te están arrebatando tu derecho a criar y compartir con tus hijos, no estás solo. En No Más Hijos Rehenes, te brindamos el respaldo legal que necesitas para hacer valer tus derechos como padre.

📩 Contáctanos hoy y lucharemos juntos.

#JusticiaParaLosPadres #CuidadoPersonal #NoMásHijosRehenes",https://www.instagram.com/nomashijosrehenes.cl/reel/DGBWTdrO8IS/
2025-02-12T17:58:10.000Z,61,9,NA,"Justicia Para un padre y su hijo
www.nomashijosrehenes.cl",https://www.instagram.com/nomashijosrehenes.cl/reel/DF-2EYNOD_F/
2025-02-11T15:37:32.000Z,51,5,NA,"Curaduría Ad Litem: ¿Protección Real o Falencia del Sistema?
www.nomashijosrehenes.cl",https://www.instagram.com/nomashijosrehenes.cl/reel/DF8BB37ukVK/
2025-02-07T22:54:47.000Z,57,4,NA,"Padre puede tener visitas con su hijo después de un año desvinculado.
www.nomashijosrehenes.cl",https://www.instagram.com/nomashijosrehenes.cl/reel/DFygE2wuWl8/
2025-02-06T20:43:35.000Z,42,5,NA,"El Derecho de los abuelos a tener un vínculo con sus nietos.
www.nomashijosrehenes.cl",https://www.instagram.com/nomashijosrehenes.cl/reel/DFvsQ1lSqLl/
2025-02-06T01:34:45.000Z,64,5,NA,"✔️ Primero, exige tu derecho. Solicita formalmente acceso a la información escolar, citando la Circular 27.
✔️ Si el colegio se niega, presenta un reclamo a la Superintendencia de Educación.
✔️ Busca asesoría legal.

www.nomashijosrehenes.cl",https://www.instagram.com/nomashijosrehenes.cl/reel/DFtohywORXO/
2025-02-04T14:25:11.000Z,31,2,NA,"Hoy, 4 de febrero, conmemoramos el Día Mundial contra el Cáncer, una fecha para reconocer la lucha de todos aquellos que enfrentan esta terrible enfermedad. Pero, más allá de esa batalla, queremos saludar especialmente a esos padres valientes que no solo luchan contra el cáncer, sino que también deben enfrentar otro cáncer, el cáncer de la ideología, obstrucción parental, la alienación parental y las falsas denuncias que ponen en riesgo su relación con sus hijos.

A esos hombres que, además de su propia salud, deben soportar este doble desafío, les decimos , no están solos. 

En No más hijos rehenes Chile estamos aquí para apoyarte. Sabemos que esta situación es una lucha brutal y, por eso, te invitamos a defender tus derechos y los de tus hijos enfrentando judicialmente esta injusticia.

Contáctanos al +56 9 3770 5593 (WhatsApp) o al correo info@nomashijosrehenes.cl. Juntos podemos luchar por lo que es justo. ¡No dejes que te arrebaten lo que te pertenece!",https://www.instagram.com/nomashijosrehenes.cl/reel/DFpx-ohxsvb/
2025-02-03T20:47:34.000Z,46,2,NA,"Los hombres también son víctimas de VIF, de hecho, más del 90% de los padres que recurren a nosotros o contratan nuestros servicios han sido víctimas de VIF , aunque a menudo se pasa por alto debido a estigmas sociales, prejuicios y tenemos que decirlo, muchos padres han recibido burlas incluso de @carabdechile al momento de querer denunciar a su agresora.

Algunos tipos de violencia que pueden sufrir incluyen:

Violencia física: Golpes, empujones, patadas o el uso de objetos para agredir al hombre. Es una de las formas más evidentes de maltrato.

Violencia psicológica: Se manifiesta en humillaciones, amenazas, manipulación y control emocional, que afectan la autoestima y la salud mental del hombre. Es difícil de detectar, pero igualmente devastadora.

Violencia económica: Implica el control de los recursos financieros, limitando el acceso del hombre al dinero o a la toma de decisiones económicas dentro de la familia, generando dependencia.

Violencia sexual: Aunque menos visibilizada, algunos hombres pueden ser forzados a mantener relaciones sexuales en contra de su voluntad, o se les imponen prácticas sexuales no deseadas.

Violencia verbal: Insultos, gritos y lenguaje degradante que busca humillar, intimidar o menospreciar al hombre, dañando su bienestar emocional.

Violencia social: Aislamiento social, privando al hombre de sus relaciones con amigos y familiares, lo que afecta su red de apoyo.

Violencia de control: Implica la vigilancia constante, la restricción de actividades y decisiones, controlando la vida cotidiana del hombre para someterlo a una dinámica de poder.

La mayoría de los hombres que son víctimas de VIF, ni siquiera son conscientes que son víctimas de violencia, pues muchas situaciones de las enumeradas se consideran ""normales"".
Lo peor de todo es que muchas veces el hombre víctima de VIF, termina siendo él denunciado y el sistema judicial chileno secuestrado por la ideología, le impone todo tipo de apremios sin ninguna prueba, solo por el testimonio de la supuesta ""víctima"", que no es más que una narcisista que manipula e instrumentaliza el poder judicial para su beneficio.
Si eres víctima de VIF contáctanos al Whatsapp +56 9 3770 5593",https://www.instagram.com/nomashijosrehenes.cl/reel/DFYTjNGuIWl/
2025-01-25T17:24:44.000Z,33,4,NA,www.nomashijosrehenes.cl,https://www.instagram.com/nomashijosrehenes.cl/reel/DFQcBqsO1eX/
2025-01-22T12:54:01.000Z,16,1,NA,"**💙 Los niños con TEA necesitan amor, no excusas para separarlos de sus padres.** 

La condición de un niño nunca debe ser utilizada como argumento para alejarlo de su padre. Ellos necesitan apoyo, cuidado y el amor de ambos para desarrollarse plenamente. 

En *No Más Hijos Rehenes*, luchamos por el derecho de los niños con TEA a mantener un vínculo significativo con sus padres, sin manipulaciones ni barreras. 

📞 **Contáctanos para proteger sus derechos y los tuyos.** 

#NoMásHijosRehenes #DerechosDeLosNiñosTEA #PadresPresentes #JusticiaFamiliar

www.nomashijosrehenes.cl",https://www.instagram.com/nomashijosrehenes.cl/reel/DFIOhjsOw1i/
2025-01-20T12:48:25.000Z,33,0,NA,www.nomashijosrehenes.cl,https://www.instagram.com/nomashijosrehenes.cl/reel/DFDEafiuMpE/
2025-01-15T15:21:47.000Z,15,0,NA,www.nomashijosrehenes.cl,https://www.instagram.com/nomashijosrehenes.cl/reel/DE2d_3KOhSm/
2025-01-15T11:55:31.000Z,40,1,NA,www.nomashijosrehenes.cl,https://www.instagram.com/nomashijosrehenes.cl/reel/DE2GXwPuZFB/
2025-01-11T23:32:44.000Z,36,2,NA,"¿Por qué quieres ver a tu padre,te hace falta algo?
Esa fue la pregunta que me hizo mi madre cuando quise saber de mi padre,de mis abuelos,de mis hermanos,de mis tíos paternos. La última vez que lo vi fue a los 4 años,cuando mi madre comenzó una relación con quién fue,en definitiva,mi figura paterna,un comerciante que siempre nos dio un buen pasar. Mi padrastro nunca fue afectuoso,tampoco me afectó mucho,pues no era un tema personal conmigo,él no era afectuoso con nadie. Sin embargo,me hubiese gustado decirle “papá”,pero nunca pude.
Junto a él viví una vida entera,él era el que estaba presente,su padres fueron como mis abuelos,sus hermanos como mis tíos y sus primos,que eran de mi edad,fueron mis primos por casi 20 años. Siempre se me prohibió acercarme a mi familia paterna, nunca entendí por qué,pero yo tenía una familia paterna postiza y se suponía que yo era parte de ellos.
Cuando tenía 22 años, mi madre y mi padrastro se separaron. Yo creí que a pesar de la separación,muchas cosas seguirían igual,pero no fue así. Mi padrastro no solo se separó de mi mamá,también se separó de mí. Quién fuera mi abuela por casi dos décadas dejó de serlo,quienes fueron mis tíos dejaron de serlo y quienes fueron mis primos dejaron de hablarme.
Solo entonces me di cuenta que viví una vida falsa,con gente falsa. Una vida prestada. Y lo más doloroso:me di cuenta que me robaron la mitad de mi vida. Me quedé sin pan ni pedazo,sin mi familia paterna y sin mi familia postiza.
Nunca me faltó nada en lo económico,pero sí me faltó en lo emocional. Me faltó mi padre,al que podría decirle sin miedo ni vergüenza “papá”. Lo económico,las comodidades,los viajes,los regalos nunca pudieron reemplazar la ausencia de mi padre.
""Padre no es el que engendra,si no el que cría"",esa frase suena linda,pero qué fácil es decirla cuando se hace hasta lo imposible para obstruir el vínculo entre padre e hijo. Cada historia tiene dos versiones y finalmente descubrí que mi historia no fue como me la contaron.
Si la madre de tus hijos quiere reemplazarte ,no lo permitas, contáctanos. #NoMasHijosRehenes #sustitucionparental 
 +5693770 5593  info@nomashijosrehenes.cl",https://www.instagram.com/nomashijosrehenes.cl/p/DEtDDDStLkB/
2025-01-10T14:52:39.000Z,15,0,NA,"SÍGUENOS, COMPARTE, DA LIKE Y COMENTA!
Los niños que viven arbitrariamente apartados de sus padres y familia paterna, los #niñosrehenes de una justicia y organizaciones secuestradas por la ideología, parecieran ser invisibles para quienes se supone ""debieran defenderlos"".
#nomashijosrehenes #nomáshijosreheneschile #nomasnietosrehenes #crianzacompartida #denunciasfalsas #obstrucciondevinculo",https://www.instagram.com/nomashijosrehenes.cl/p/DEphSzrNY1J/
2025-01-08T16:44:37.000Z,26,0,NA,"¡Gracias por ser parte de nuestra comunidad! 🎉

Hoy celebramos que ¡hemos alcanzado los 2.000 seguidores en Instagram! 🥳 Esto es posible gracias a cada uno de ustedes, hombres y padres valientes que confían en nuestra labor y luchan por mantener el vínculo con sus hijos, también gracias a mujeres valientes como madres, esposas, tías, hermanas. 👨‍👧‍👦

En No Más Hijos Rehenes Chile, seguimos trabajando incansablemente para brindar apoyo legal, orientación y fuerza a todos los padres que, como tú, están comprometidos con su rol de padres y con el bienestar de sus hijos. 💪

Te invitamos a seguirnos, compartir nuestras publicaciones y comentar en ellas. Cuanto más juntos estemos, más lejos llegará nuestro mensaje. ¡Ayúdanos a llegar a miles de papás que también necesitan nuestra ayuda! 🤝

¡Gracias por ser parte de esta causa! Juntos, hacemos la diferencia. 💙

Si deseas contratar nuestros servicios, contáctanos a:

+5693770 5593
Correo: info@nomashijosrehenes.cl

#NoMasHijosRehenes #PadresLuchadores #Familia #DerechosDeLosPadres #JuntosSomosMas",https://www.instagram.com/nomashijosrehenes.cl/p/DEkl9I7zKPm/
2025-01-06T21:13:54.000Z,27,4,NA,"El régimen de relación directa y regular, más conocido como ""visitas"" y así mismo el régimen extraordinario como lo son las vacaciones, cumpleaños, fiestas de fin de año como navidad y año nuevo, son un derecho de tus hijos y también tu derecho. Por definición este régimen debe ser ""LIBRE"", por lo que debe estar libre de cual interferencia y arbitrariedades de parte de la madre. 
Tenemos clientes que llegan a nosotros consultando porque solo pueden ver a sus hijos en casa de la madre, hipervigilados, con dinámicas muy tensas, en donde los niños no saben cómo comportarse con sus padres en frente de la madre o familia materna. El niño sabe que cuando su papá llega el ambiente se pone tenso, el niño se siente confundido, no sabe si abrazar o no a su padre, busca con la mirada la “aprobación” de alguien, no sabe si reirse o no, no sabe si demostrar amor hacia su padre de forma espontánea signifique en alguna forma “una traición” a la madre.
Por otro lado clientes que están sufriendo lo relatado, también nos cuentan que esta situación es aún más grave, pues no permiten que los abuelo visiten a sus nietos y a través de este SECUESTRO , se les limita el derecho a compartir con sus familias, a forjar un sentido de pertenencia, de familia, participar de reuniones familiares y celebraciones. 
Muchos abuelos viajan grandes distancias para ver a sus nietos y se les cierra la puerta en la cara, dónde está la @defensoria_ninez, dónde están los políticos que dicen “los niños primero”, es impopular y comprometedor electoralmente reconocer que como en todas las cosas “existen madres buenas y unas que realmente nunca debieron ser madres”.
Tenemos padres que nunca han podido organizar un viaje con sus hijos, unas vacaciones, les imponen restricciones de dónde pueden ir y donde no, qué pueden comer y qué no, a quién pueden visitar o a quién no, bajo amenaza de desatar una guerra,una guerra que las #mamitacorazon narcisistas están seguras que siempre ganarán. 
No permitas que sigan manipulando tu vida y tu paternidad,asesórate con nosotros. Si la madre no es capaz de entregar el equilibrio que tus hijos necesitan, demanda cuidado personal, hazlo por tus hijos"" #nomashijosrehenes",https://www.instagram.com/nomashijosrehenes.cl/reel/DEf20wnS_SJ/
2025-01-06T15:13:55.000Z,162,36,NA,"La narcisista #mamitacorazón💔 no quiere que sus hijos pasen navidades o vacaciones con el padre y familia paterna, la mayoría lanzan estas falsas acusaciones y no solo, no enfrentan sanciones, sino que tampoco son cuestionadas en cuanto a su idoneidad como madres. Es más, se siguen considerando aptas para tener el cuidado personal de los hijos, mientras que el padre, víctima de una manipulación emocional, queda atrapado en un proceso que le afecta de por vida. Y esto ocurre, en parte, por un sistema judicial que, secuestrado por ideologías, da la espalda a la evidencia y prioriza ciertos discursos por encima de la protección real de los niños.
Lo más doloroso es que, aunque meses después se descubra la mentira, el daño ya está hecho. El tiempo perdido con los hijos, las navidades arruinadas, los planes familiares de vacaciones por el suelo, hermanos que no se pudieron ver en etapas sumamente importantes de sus vidas, no tienen reparación.

Este tipo de situaciones no solo son un ataque al derecho de los padres a ser parte activa en la vida de sus hijos, sino que también dañan profundamente a los niños, quienes se ven atrapados en un juego de poder que no comprenden. 

Organizaciones como la @defensoria_ninez hacen gárgaras con ""La defensa de los niños"", pero han sido incapaces de referirse a este drama que afecta a miles de niños, de familias, de padres, de abuelos, de hermanos, de tíos, de primos. El bozal impuesto por otras ideologías hacen que para esta ""defensoría"" todos estos sean niños y chilenos de segunda clase. 

Si deseas contratar nuestros servicios, contáctanos a:

Whatsapp +5693770 5593
Correo: info@nomashijosrehenes.cl",https://www.instagram.com/nomashijosrehenes.cl/p/DEfR_IMNu-F/
2024-12-31T22:41:54.000Z,70,2,NA,"¿Sabías que puedes pasar la próxima Navidad con tus hijos?
Para muchos padres separados, las fiestas pueden ser momentos muy dolorosos al no poder compartir con sus hijos, ya que toda fiesta está monopolizada por la madre y familia materna. Existen padres que jamás han podido pasar una navidad con sus hijos y por ende, estos niños jamás han podido pasar una celebración con su familia paterna, con sus abuelos, con sus tíos, con sus primos.

En nuestro estudio jurídico, ayudamos a padres como tú a lograr acuerdos que garanticen el tiempo con tus hijos en fechas tan importantes como la Navidad y el Año Nuevo. Con la acción judicial adecuada, puedes conseguir el derecho de compartir estos momentos con quienes más amas.

No dejes que otra Navidad pase sin ellos.
Hoy es el momento de tomar las riendas y asegurarte de que, en la próxima celebración, estarás junto a tus hijos. 
Contáctanos y juntos buscamos la mejor solución para ti y tu familia.

Porque el tiempo con tus hijos no tiene precio, y tu derecho a estar con ellos en estas fechas es lo más importante.

Si deseas contratar nuestros servicios, contáctanos a:

+5693770 5593
Correo: info@nomashijosrehenes.cl",https://www.instagram.com/nomashijosrehenes.cl/p/DEQofHLPUhp/
2024-12-31T17:29:12.000Z,18,0,NA,www.nomashijosrehenes.cl,https://www.instagram.com/nomashijosrehenes.cl/reel/DEQEpeHOYTd/
2024-12-25T14:15:42.000Z,21,0,NA,www.nomashijosrehenes.cl,https://www.instagram.com/nomashijosrehenes.cl/reel/DEARwHUuUoF/
2024-11-25T14:18:03.000Z,63,1,NA,"Hoy, 25 de noviembre, conmemoramos el Día Internacional de la Eliminación de la Violencia contra la Mujer, una fecha que nos recuerda la urgente necesidad de erradicar cualquier forma de violencia de género. Sin embargo, hay una violencia silenciosa y sistemática que afecta a muchas mujeres y que permanece invisible en el debate público: la violencia que sufren las madrastras, hermanas, abuelas, tías y primas de los miles de niños que, por decisiones judiciales arbitrarias o basadas en falsas denuncias de violencia intrafamiliar, son apartados de sus familias paternas.

A menudo, estas mujeres enfrentan un doble abandono. Por un lado, son despojadas de sus seres queridos sin un debido proceso, a veces sin evidencia de maltrato o con pruebas manipuladas. Por otro lado, su dolor es minimizado o ignorado, tanto por el sistema judicial como por muchas organizaciones de derechos humanos que, atrapadas en una ideología que ignora la presunción de inocencia y el derecho a la convivencia familiar, las ven como víctimas de segunda categoría.

El sistema judicial, en lugar de proteger la integridad de las familias, se convierte en un agente de desmembramiento, separando a los niños de sus padres sin considerar el daño emocional irreparable que esto genera, no solo en los padres, sino también en las madres y demás mujeres que desempeñan roles fundamentales en la crianza y el bienestar familiar. La invisibilidad de estas mujeres frente a las autoridades y organismos que deberían garantizar su protección es alarmante.

Hoy, al alzar nuestras voces contra la violencia hacia las mujeres, también debemos cuestionar la indiferencia que estas mujeres sufren cuando sus derechos son vulnerados de manera sistemática, ya sea en el ámbito judicial o social. La lucha por la eliminación de la violencia contra la mujer no debe ser selectiva ni parcial, como podemos verlo en el Ministerio de ""Ciertas mujeres"" y en la Defensoría de ""Ciertas niñeces"". Cada mujer, cada madre, cada hija tiene derecho a vivir libre de violencia, y su voz debe ser escuchada, su sufrimiento debe ser reconocido.
#NoMasHijosRehenes",https://www.instagram.com/nomashijosrehenes.cl/p/DCzBG4Iv3BY/
2024-11-16T15:19:27.000Z,209,33,NA,"Ayer, un video se viralizó mostrando cómo una mujer se sube a un Uber y, de inmediato, comienza a agredir verbal y físicamente al conductor, quien con mucha paciencia trata de calmar la situación. En un momento, la mujer amenaza al conductor con denunciarlo por intento de abuso sexual, acoso, entre otras acusaciones graves y termina agrediéndolo físicamente como se ve en la imagen. Este tipo de situaciones, aunque parezca una excepción, refleja una triste realidad que muchos hombres enfrentan a diario: la denuncia falsa y la violencia psicológica, verbal y física de la que son víctimas.

En No más hijos rehenes Chile, como estudio jurídico especializado en la defensa de padres hombres, entendemos profundamente el sufrimiento que esto genera, pues lo mismo que se ve en el video, lo viven cientos de padres. En muchos casos, hombres inocentes son acusados injustamente de violencia intrafamiliar, acoso, maltrato habitual e incluso violencia sexual. Lo peor de todo es que estas denuncias son falsas y fabricadas, pero aún así los jueces, consejeros ""técnicos"" y 🍷curadores Adlitem terminan separando a los padres de sus hijos, alejándolos de sus familias y afectando su bienestar emocional y económico y lo hacen solo apoyados en IDEOLOGÍA, siempre minimizando, relativizando e incluso justificando cualquier locura que haga una mujer. 

💔 La violencia contra los hombres también es una realidad. Muchos padres son víctimas de abuso psicológico, de manipulación y, en ocasiones, de acusaciones falsas que se usan como un medio para obtener el plan perfecto ""Que el padre solo pague y que ni siquiera se acerque a sus hijos"". La presión es inmensa, y el costo económico de defenderse en tribunales es insostenible e injusto para que un inocente recupere su tranquilidad, mientras que para ellas mentir sale gratis.

📢 Si eres hombre y estás siendo víctima de violencia o falsas denuncias, no estás solo. Te invitamos a denunciar y a buscar el apoyo legal que mereces. Los derechos de los padres también deben ser respetados. Escríbenos por Whatsapp al +56 9 3770 5593 o escríbenos a info@nomashijosrehenes.cl

#nomashijosrehenes #DerechosDelPadre #DenunciaFalsa #ViolenciaContraLosHombres",https://www.instagram.com/nomashijosrehenes.cl/p/DCbxDNsPano/
2024-11-14T00:01:54.000Z,77,16,NA,"Los programas de ""revinculación"": ¿Una solución o una perpetuación de la desvinculación?
Cuando un padre ha sido obstruido en su vínculo con sus hijos, ya sea por manipulación emocional o por una intervención deliberada en el proceso de separación, la situación se vuelve compleja y dolorosa. La intención del sistema judicial al derivar a estos casos a programas de ""revinculación"" es loable: buscar que los hijos retomen la relación con su padre y su familia paterna. Sin embargo, en la práctica, estos programas no siempre cumplen su objetivo de reconciliación, y en muchos casos, pueden llegar a profundizar aún más la desvinculación.

El problema fundamental es que, a menudo, estos programas están diseñados para alargar el proceso. Cuanto más tiempo dure la intervención, más ingresos genera para las entidades que los administran. Esta dinámica crea un conflicto de interés evidente: en lugar de trabajar de manera eficaz para resolver el problema en el menor tiempo posible, el sistema se beneficia de que el proceso se prolongue, independientemente de si los objetivos de revinculación se alcanzan o no.

Además, los programas de revinculación no siempre tienen en cuenta el contexto emocional y psicológico que rodea la relación rota. La manipulación de uno de los padres o la resistencia de los niños a retomar contacto con el progenitor que ha sido rechazado puede ser tratada de manera superficial, sin atender las raíces profundas del conflicto. Sin una intervención realmente eficaz, estos programas pueden convertirse en una prolongación de la herida, en lugar de una solución, y en lugar de revincular, acentúan la separación.

El objetivo debería ser ofrecer un acompañamiento serio, profesional y centrado en el bienestar de los niños, con una evaluación constante de los progresos y una perspectiva integral que no dependa de los intereses económicos del sistema. De lo contrario, estaremos ante una maquinaria que no solo no soluciona el problema, sino que lo perpetúa.

La revinculación debe ser un proceso genuino, no un negocio que explote el sufrimiento de los niños y los padres. 
#NoMasHijosRehenesChile #NoMasHijosRehenes",https://www.instagram.com/nomashijosrehenes.cl/p/DCVLe7_tBEn/
2024-11-13T01:19:50.000Z,16,2,NA,www.nomashijosrehenes.cl,https://www.instagram.com/nomashijosrehenes.cl/reel/DCSvjLpuLhU/
2024-11-07T01:40:52.000Z,26,1,NA,www.nomashijosrehenes.cl,https://www.instagram.com/nomashijosrehenes.cl/reel/DCDVMLHOCjw/
2024-11-05T17:41:53.000Z,26,1,NA,www.nomashijosrehenes.cl,https://www.instagram.com/nomashijosrehenes.cl/reel/DB_5h8wOLmo/
2024-10-30T14:56:44.000Z,39,2,NA,"En ""No más hijos rehenes Chile"", entendemos lo que significa ser un papá comprometido en la crianza de tus hijos, especialmente después de una separación. Muchos de ustedes están asumiendo con valentía el cuidado de sus hijos, enfrentando retos diarios y brindándoles amor y estabilidad. Pero, ¿qué pasa con la seguridad legal de esa situación?
Vivir bajo la incertidumbre de que en cualquier momento tu ex pareja podría llevarse a tus hijos sin previo aviso no es solo angustiante, es una situación que puede cambiar radicalmente la vida de ambos. 
Aunque la ley reconoce que el cuidado personal lo detenta el padre que vive con los niños, resulta urgente legalizar esta situación para garantizar la estabilidad que tanto tú como tus hijos merecen. Han llegado a nuestro estudio casos de padres que tuvieron bajo su cuidado por lo últimos 3 años a sus hijos, todo bajo un trato de palabra, todo iba bien hasta que un día la madre no regresó con ellos, no solamente no regresó con ellos, le interpuso una denuncia por VIF, se decretaron cautelares de alejamiento y comenzó una guerra hacia él y toda la familia paterna. Situaciones como éstas son muy comunes y hoy más que nunca con la publicación de la Ley 21.675 más conocida como la Ley Anti papá o anti hombre, ley que se está instrumentilizando su uso hasta el abuso, con el solo objetivo de desvincular al padre.
Es hora de actuar: Demandar la tuición o cuidado personal no solo te brinda tranquilidad, sino que también establece un marco claro que protege tus derechos como padre y asegura el bienestar de tus hijos.
 No dejes que la incertidumbre afecte tu vida y la de tus hijos. En ""No más hijos rehenes Chile"", estamos aquí para apoyarte en este proceso. Te invitamos a contactarnos y dar el primer paso hacia la seguridad y la estabilidad que tanto necesitas.
📞 ¡Juntos podemos hacer la diferencia!
Si estás viviendo esta situación, contáctanos al Whatsapp +56937705593
#NoMásHijosReheneschile #Nomashijosrehenes #DerechosDelPadre #CuidadoPersonal #PapásConDerechos #Cuidadopersonal",https://www.instagram.com/nomashijosrehenes.cl/p/DBwJ9zCv4JM/
2024-10-29T18:32:34.000Z,122,11,NA,"¡Estamos celebrando una gran victoria! 🎉💪 Nuestro cliente Víctor ha conseguido el cuidado personal de su hija, un paso más hacia la justicia que tanto merecen los padres. En ""No más hijos rehenes Chile"", creemos firmemente que la lucha por los hijos nunca es en vano.

Con cada caso, demostramos que los papás tienen el poder de hacer la diferencia. 🕊️✨
¡A todos los padres, sigan luchando! Juntos podemos cambiar realidades. 💖
Los invitamos a dejarle un mensaje a Victor, por nuestra parte le dejamos un saludo afectuoso, le deseamos mucha felicidad en esta nueva etapa, estamos orgullosos de haber sido parte de esto!!!

Si quieres solicitar el cuidado personal (tuición) contáctate con nosotros y solicita asesoría.
Fono Whatsapp +56 9 3770 5593

#NoMásHijosRehenes #nomáshijosreheneschile #Cuidadopersonal #LuchaPorLosHijos #VictoriaPapá #papasenlucha",https://www.instagram.com/nomashijosrehenes.cl/reel/DBt8dtmxAvx/
2024-10-29T00:31:45.000Z,10,0,NA,www.nomashijosrehenes.cl,https://www.instagram.com/nomashijosrehenes.cl/reel/DBsCIsJOW5I/
2024-10-16T22:24:59.000Z,138,11,NA,"¡Querido Elías!
Hoy es un día muy especial, y queremos felicitarte de todo corazón por haber logrado el #Cuidadopersonal (#Tuición)  de tu hija. Este triunfo no solo refleja tu dedicación y amor como padre, sino también tu valentía al enfrentar este desafío que nunca es fácil y que incluso muchos dicen que es ""imposible"".
Como estudio jurídico nos sentimos orgullosos de haberte acompañado en este proceso.
Sabemos que el camino no ha sido fácil, pero la perseverancia y compromiso tuyos y de tu familia han dado frutos. Ahora, tienes la maravillosa oportunidad de construir un futuro lleno de amor y seguridad para tu hija.

Te deseamos todo lo mejor en esta nueva etapa. 
Equipo ##nomáshijosreheneschile . #papásqueluchan #NoMasHijosRehenes 

Si quieres solicitar el cuidado personal (tuición) contáctate con nosotros y solicita asesoría.
Fono Whatsapp +56 9 3770 5593",https://www.instagram.com/nomashijosrehenes.cl/p/DBM6ImcvCzs/
2024-10-15T20:26:08.000Z,26,2,NA,"Abuelos pueden demandar visitas, ya que tienen el derecho a mantener una relación directa y regular con sus nietos y estos con aquellos.

www.nomashijosrehenes.cl",https://www.instagram.com/nomashijosrehenes.cl/reel/DBKHo82vtka/
