fecha,me_gusta,comentarios,visualizaciones,descripcion,link
2025-04-29T23:20:11.000Z,184,37,NA,Justiciá corrupta ..quiere borrar la imagen. de un padre  el feminismo destruyó la mente de una mujer y lo q significa un padre en la vida de un hijo ..únete se un guerrero q lucha por su hijo ..@melipillacomunica @infomelipilla @melipilla_viral @municipiomelipilla @melipillatv2 #arturito #melipilla #padresconderecho #padresconderechochile #andreshernandez #cumpleañostriste #cumpleaños #hijosrehenes #falsasdenuncias #niñotriste #nomasdenunciasfalsas #crianzacompartida #padresenlucha #sinfiltrotv #kaiser #javierrebolledo #chile #tribunalesdefamilia,https://www.instagram.com/padres_con_derechochile/reel/DJDGcxVxCko/
2025-12-31T23:34:22.000Z,19,3,NA,Abrazo de Papá e Hijo ..deseos del 2026 ..por una infancia Feliz junto a la agrupación Padres Con Derecho Chile..#padresconderechochile #nomashijosrehenes #padresehijos  #aňonuevo #tribunalesdefamilia,https://www.instagram.com/padres_con_derechochile/reel/DS8kl1ykeIC/
2025-12-31T21:59:57.000Z,49,2,NA,Madres obstructoras  del régimen comunicacional...dinos q piensas te atreves a nombrar a esa madre que le ha hecho daño a tu hijo ..nombrarla y te Leo.. #padresconderechochile #tribunalesdefamilia #aňonuevo #nomashijosrehenes #nomasdenunciasfalsas,https://www.instagram.com/padres_con_derechochile/reel/DS8ZugfEaMj/
2025-12-31T17:48:23.000Z,39,3,NA,Feliz Año Nuevo  les desea Agrupación Padres Con Derecho Chile...#padresconderechochile #nomashijosrehenes #nomasdenunciasfalsas #tribunalesdefamilia  #aňonuevo,https://www.instagram.com/padres_con_derechochile/reel/DS78_74kXyo/
2025-12-31T09:46:10.000Z,9,1,NA,Negocio de la Desvinculación Parental...amparada por Tribunales de Familia..comenta comparte y da link #padresconderechochile  #tribunalesdefamilia #falsasdenuncias #alienacionparental #nomashijosrehenes,https://www.instagram.com/padres_con_derechochile/reel/DS7FzikgsHu/
2025-12-30T23:29:30.000Z,147,24,NA,Psicólogo Fabián Campos Paredes. . corrupción en el Servicio Médico Legal ..omite antecedentes en informes..no tiene expertis en temas de tribunales de Familia .aplica la perspectiva de Género .. sus informes son tendenciosos y alejados de objetividad ....comenta comparte y da link ..#padresconderechochile #tribunalesdefamilia #falsasdenuncias #sml #nomashijosrehenes,https://www.instagram.com/padres_con_derechochile/reel/DS5_EjDEfrq/
2025-12-30T01:07:15.000Z,45,4,NA,Alienación Parental..borrando a papá. .comenta .. comparte y da link #padresconderechochile #alienacionparental #falsasdenuncias #padreehijo #tribunalesdefamilia,https://www.instagram.com/padres_con_derechochile/reel/DS3lpV6kQqi/
2025-12-29T21:50:39.000Z,56,6,NA,Desde el dolor de la desvinculación parental .. u este a este gran movimiento en chile ..Padres Con Derecho Chile y demos esta batalla juntos en recuperar a tu hijo ...#padresconderechochile #andreshernandez #nomashijosrehenes #felizañonuevo #nomasdenunciasfalsas,https://www.instagram.com/padres_con_derechochile/reel/DS3O_hiEaJH/
2025-12-25T03:02:03.000Z,94,7,NA,Una velita en tu Ausencia ..Santiago de Chile por nuestros hijos secuestrados ..por tribunales de familia y de garantía ...No a las falsas Denuncias. ..lugar palacio la Moneda ..Chile ...#padresconderechochile #falsasdenuncias #unavelitaentuausencia #nomashijosrehenes  #navidad,https://www.instagram.com/padres_con_derechochile/reel/DSq6iymEaeD/
2025-12-24T23:14:36.000Z,163,33,NA,Estos tipos de vejaciones y humillaciones  están expuestos padres e hijos en los tribunales de familia ..Está es la historia de un padre de Coyhaique.  Y como tribunales y juezas amparan a progenitoras obstructoras del régimen de visitas.  navidad triste.  comenta ..comparte y da link. .#padresconderechochile #nomashijosrehenes #falsasdenuncias #aysen #tribunalesdefamilia,https://www.instagram.com/padres_con_derechochile/reel/DSqggRZkZr-/
2025-12-24T19:11:00.000Z,163,25,NA,Utilizan la amenaza.  pensaran que nos vamos a intimidar ..urgente salud mental.  para mujeres como está.  Nomás denuncias falsas..No más. desvinculacion Parental .. comenta comparte y da link #padresconderechochile #falsasdenuncias #nomashijosrehenes #mujeres #saludmental,https://www.instagram.com/padres_con_derechochile/reel/DSqE5RVEdQ7/
2025-12-24T15:18:31.000Z,19,2,NA,Feliz  navidad les desea Padres Con Derecho Chile ..y a seguir en esta lucha de recuperar a nuestros hijos . #padresconderechochile #tribunalesdefamilia #viejitopascuero #padreehijo #falsasdenuncias,https://www.instagram.com/padres_con_derechochile/reel/DSpqNM6kZtI/
2025-12-24T03:10:42.000Z,56,3,NA,Una velita en tu ausencia.  Palacio La Moneda ..Santiago  De Chile .  No mas hijos secuestrados en tribunales de familia ..No al dolor de la desvinculación parental en esta navidad.  #padresconderechochile #unavelitaentuausencia #tribunalesdefamilia #falsasdenuncias  #navidad,https://www.instagram.com/padres_con_derechochile/reel/DSoWCnMArHW/
2025-12-23T10:25:17.000Z,84,3,NA,Soy una abuela que no puedo ver a mi nieto por Falsas Denuncias..no a la alienación Parental..no a los nietos secuestrados esta navidad.  comenta comparte y da link #padresconderechochile #unavelitaentuausencia #tribunalesdefamilia #falsasdenuncias  #navidad,https://www.instagram.com/padres_con_derechochile/reel/DSmj5nkAnG-/
2025-12-22T20:44:27.000Z,35,5,NA,condena a un inocente ..por una falsa denuncia .. en padres con derecho chile te ayudaremos a levantarte  y a recuperar tu dignidad.  comenta comparte y da link.  #padresconderechochile #unavelitaentuausencia #tribunalesdefamilia #falsasdenuncias #navidad,https://www.instagram.com/padres_con_derechochile/reel/DSlFis1kYYM/
2025-12-22T10:55:01.000Z,25,2,NA,convocatoria por la desvinculación parental en esta navidad y los denunciados falsamente.  este 23 de diciembre ante una navidad triste sin ellos .. comenta comparte y da link.  #padresconderechochile #unavelitaentuausencia #tribunalesdefamilia #navidad #nomashijosrehenes,https://www.instagram.com/padres_con_derechochile/reel/DSkCh2bEUw2/
2025-12-22T00:26:04.000Z,59,4,NA,Alienación Parental..como una Madre  destruye la vida de sus propios Hijos.  aunq se escuda que lo hace por amor . .. comenta comparte y da link..#padresconderechochile #alienacionparental #unavelitaentuausencia #navidad #tribunalesdefamilia,https://www.instagram.com/padres_con_derechochile/reel/DSi6jGNESdV/
2025-12-21T16:44:13.000Z,33,1,NA,Historias tristes de navidad..sobre la desvinculación parental..borrando la figura paterna .. te convocamos en familia ante este dolor el 23 de diciembre a las 20:00 HRS.. frente al palacio la Moneda.  comenta comparte y da link #padresconderechochile #unavelitaentuausencia #alienacionparental #navidad #falsasdenuncias,https://www.instagram.com/padres_con_derechochile/reel/DSiFpuUEcHP/
2025-12-20T16:30:16.000Z,13,2,NA,Borrando a Papá ..el daño de una obstrucción parental..ejercida por muchas mujeres a lo largo de todo chile ...amparadas por tribunales de Familia..dejando a muchas abuelas ..padres y madres sin. poder abrazar a ese niño... comenta comparte y da link . .#padresconderechochile #unavelitaentuausencia #kast #alienacionparental #navidad,https://www.instagram.com/padres_con_derechochile/reel/DSfeyv9EY66/
2025-12-19T17:15:36.000Z,76,3,NA,obstrucción parental ..abusos en tribunales de familia miles de hombres como Mane Swett ..comparte .. comenta y da link #padresconderechochile chile #obstrucciónparental #unavelitaentuausencia #maneswett  #drponce,https://www.instagram.com/padres_con_derechochile/reel/DSc_jHnkWS4/
2025-12-19T10:27:29.000Z,105,4,NA,La importancia de Papá en la vida de un Hijo . .. y  las Madres solo desean eliminar la figura del padre de la vida de un hijo solo por odio o despecho.  amparadas por el feminismo y tribunales de Familia. ..comenta comparte y da link.  #padresconderechochile #alienacionparental #unavelitaentuausencia #obstrucciónparental #viejitopascuero,https://www.instagram.com/padres_con_derechochile/reel/DScQ3jJEWZW/
2025-12-18T17:57:07.000Z,114,14,NA,Proyecto de ley Falsas Denuncias en Chile y castigo a la alienación parental  y acusaciones de abuso.  #padresconderechochile #tribunalesdefamilia #unavelitaentuausencia #ideologiadegenero #cristiancampos #melipilla #padresconderecho #andreshernandez #chile #crianzacompartida #falsasdenuncias #nomashijosrehenes #nomasdenunciasfalsas #kaiser #kast #libertários,https://www.instagram.com/padres_con_derechochile/reel/DSafl1rkVsk/
2025-12-17T21:59:04.000Z,52,3,NA,Borrando a papá. .el daño de la desvinculación parental...Es tiempo de legislar.  y alzar la voz.  comenta ..comparte y da link ...#padresconderechochile #ideologiadegenero #unavelitaentuausencia #navidad #tribunalesdefamilia #padresconderecho #chile #tribunalesdefamilia #andreshernandez #viral #nomashijosrehenes #crianzacompartida #last #kaiser #libertarios #alienacionparental #protesta #santiago,https://www.instagram.com/padres_con_derechochile/reel/DSYVqCTEaH4/
2025-12-17T18:24:43.000Z,221,72,NA,Chao ministerio de la Mujer .. por un chile de igualdad ..y por una familia sana ..e hijos sin alienación parental...abrazarnos el gobierno de José Antonio Kast...#padresconderechochile #ideologiadegenero #falsasdenuncias #ministeriodelamujer #unavelitaentuausencia #nomasdenunciasfalsas #padreehijo #padresconderecho #andreshernandez #kast #kaiser #libertarios #chile #nomashijosrehenes #crianzacompartida #privadosdelibertad,https://www.instagram.com/padres_con_derechochile/reel/DSX-A72kYv0/
2025-12-17T08:02:46.000Z,140,12,NA,Proyecto de ley que castigará la Denuncias Falsas en chile ..el actor Cristian Campos..lo presento en el congreso junto al Partido libertarios .. vamos avanzando en un chile más justo ..comenta comparte y da link #padresconderechochile #ideologiadegenero #libertarios #falsasdenuncias #nomasdenunciasfalsas #chile #tribunalesdefamilia #padresconderecho #andreshernandez #nomashijosrehenes #crianzacompartida #kaiser #kast #chilejusto #tribunales #congreso #pnl #masculinidad #igualdaddegénero,https://www.instagram.com/padres_con_derechochile/reel/DSW2iMkDsD-/
2025-12-16T22:45:25.000Z,44,3,NA,Siempre estaremos defenderemos tus derechos vulnerados.  hemos trabajado incansablemente por la vulneración y secuestro de nuestros hijos en tribunales de familia y organismos colaboradores de mejor niñez ..#padresconderechochile #nomashijosrehenes #navidad #chile #unavelitaentuausencia #padreehijo #viejitopascuero🎅 #niños #kast #familia #ideologiadegenero #tribunalesdefamilia,https://www.instagram.com/padres_con_derechochile/reel/DSV2-LSkSlm/
2025-12-16T03:51:49.000Z,37,1,NA,Ideología de género ..como borra la imagen del hombre y padre ..hoy es un pecado ser hombre ... comenta comparte y da link...#padresconderechochile #nomashijosrehenes #tribunalesdefamilia #infidelidad  #navidad #ideologiadegenero #hombres #masculino #viral #chile #nomasdenunciasfalsas #kast,https://www.instagram.com/padres_con_derechochile/reel/DST1Tv1kSwA/
2025-12-15T05:11:28.000Z,117,11,NA,Nuestro Presidente José Antonio Kast . le solicitamos ahora barrer con la corrupción del Servicio de Mejor Niñez . y todo el séquito  de rufianes que aplican la ideología de género para desvincular a miles de padres de sus hijos con informes falsos.  y con el afán de destruir la familia y la infancia ...solicitamos la renuncia del director Claudio Castillo y toda la plana de este nefasto Servicio.. .comparte .. comenta y da link.  #padresconderechochile #mejorniñez #claudiocastillo #nomashijosrehenes #kast #adrachile #prm #andreshernandez #nomasdenunciasfalsas #chile #padresconderecho #viral #crianzacompartida #ideologiadegenero #peorniñez #hijosrehenes #libertarios #tribunalesdefamilia,https://www.instagram.com/padres_con_derechochile/reel/DSRY7uPghHa/
2025-12-14T09:00:08.000Z,17,1,NA,Fraude de ADN.  cuando engañan con la paternidad a un padre ...Tribunales de Familia ..ampara el engaño ...3 de cada 10  hijos no son del padre ... y esa cifra puede ser más alta .. comenta comparte y da link..#padresconderechochile #ffraudedepaternidad #ideologiadegenero #mujeres #tribunalesdefamilia #engaño #padreehijo #pensiondealimentos #feminismo #justicia #adn #testdeadn #hijos  #elecciones2025,https://www.instagram.com/padres_con_derechochile/reel/DSPOc2IgvSM/
2025-12-13T21:59:56.000Z,32,15,NA,Por quién Votar elecciones 2025... voto por la Infancia.  voto por los miles de padres  que ante una Denuncia Falsa para  alejarlos  de sus hijos ..Voto por eliminar la ideología de Género ..Voto porque mi hijo no sea más Torturado en los PRM y tribunales de familia... Voto por el que hara que mi hijo tenga una vida e. familia y junto a su Papá .. solo queremos igualdad.  y no Sufrir más por un gobierno que quiso borrar la figura de Papá.. comenta comparte y da link..#padresconderechochile #falsasdenuncias #elecciones2025 #nomashijosrehenes #ideologiadegenero #chile #tribunalesdefamilia #nomasdenunciasfalsas #padresconderecho #andreshernandez #viral #crianzacompartida #padreehijo,https://www.instagram.com/padres_con_derechochile/reel/DSODKsrET1B/
2025-12-13T10:13:14.000Z,90,4,NA,Alienación parental..Falsas Denuncias . .. obstrucción parental... verdades que incomodan este 23 de noviembre te esperamos .. convocatoria Una velita en tu ausencia...frente al palacio la moneda 20:00 hrs.. comenta comparte y da link..#padresconderechochile  #nomashijosrehenes #navidad #falsasdenuncias #elecciones2025 #chile #tribunalesdefamilia #nomasdenunciasfalsas #padresconderecho #viral #falsasdenuncias #crianzacompartida #alienacionparental #mujeres #padresehijos #amigayotecreo #feminismo #perspectivadegenero #kast,https://www.instagram.com/padres_con_derechochile/reel/DSMyXfVkT65/
2025-12-11T21:48:16.000Z,189,26,NA,Perspectiva de género..un cáncer que promueve la obstrucción parental ..y borra a papá de la memoria de nuestros hijos. ..comenta comparte y da link. #padresconderechochile #tribunalesdefamilia #perspectivadegenero #nomashijosrehenes #elecciones2025 #chile #nomasdenunciasfalsas #padresconderecho #viral #falsasdenuncias #crianzacompartida #ideologiadegenero #alienacionparental #feminismo,https://www.instagram.com/padres_con_derechochile/reel/DSI4gkKEYHE/
2025-12-11T09:20:06.000Z,28,6,NA,Una velita en tu ausencia.  cuando un tribunal de familia destruye la felicidad de un hijo y su padre.  este 23 de Dic 20:00 hrs  frente al palacio la moneda.  es tiempo de gritar justicia.  comenta comparte y da link.  #padresconderechochile #unavelitaentuausencia #tribunalesdefamilia #navidad #nomashijosrehenes  #chile #andreshernandez #padresconderecho #nomasdenunciasfalsas #viral #falsasdenuncias #desvinculacionparental #alienacionparental #kast #kaiser,https://www.instagram.com/padres_con_derechochile/reel/DSHikDcEVhn/
2025-12-10T23:28:22.000Z,15,1,NA,Live este jueves 21:30 Hrs . la corrupción e. tribunales de familia y un día sin mi hijo esta navidad... conéctate es tiempo de alzar la voz.  #padresconderechochile #unavelitaentuausencia #nomashijosrehenes #tribunalesdefamilia  #live #chile #andreshernandez #viral #falsasdenuncias #padresconderecho #nomasdenunciasfalsas,https://www.instagram.com/padres_con_derechochile/reel/DSGfOAHEckB/
2025-12-10T12:15:01.000Z,56,7,NA,Desvinculación Parental .. tribunales de familia de San Miguel...un padre lucha por su hija.  por eso te llamamos a sumarte a la convocatoria de este 23 de diciembre frente a la moneda de la agrupación padres con derecho chile... comenta comparte y da link..#padresconderechochile #unavelitaentuausencia #falsasdenuncias #nomashijosrehenes #navidad #chile #kast #tribunalesdefamilia #nomasdenunciasfalsas #padresconderecho #andreshernandez #viral #crianzacompartida #alienacionparental #desvinculacionparental #padreehija #rdr #jueces #corrupcion #sanmiguel,https://www.instagram.com/padres_con_derechochile/reel/DSFSA3ikS5y/
2025-12-10T05:17:13.000Z,139,34,NA,Cuando la violencia de género no se mide de la misma manera. .. amor de papá. ante un hijo ..Necesitamos igualdad y no mas abusos  en tribunales de familia... únete este 23 a la gran convocatoria una velita en tu ausencia frente al palacio la moneda .. STGO de Chile..comenta comparte y da link ..#padresconderechochile #violenciadegenero #feminismo #falsasdenuncias #hijosrehenes #chile #nomasdenunciasfalsas #padresconderecho #andreshernandez #viral #nomashijosrehenes #crianzacompartida #kast,https://www.instagram.com/padres_con_derechochile/reel/DSEiVamAm1z/
2025-12-09T22:07:58.000Z,22,3,NA,Verdades que incomodan como el feminismo destruye la familia y al hombre con denuncias falsas.. comenta comparte y da link.. #padresconderechochile #falsasdenuncias #radiolibra #feminismo #danielbenavente #chile #tribunalesdefamilia #nomasdenunciasfalsas #padresconderecho #viral #nomashijosrehenes #crianzacompartida,https://www.instagram.com/padres_con_derechochile/reel/DSDxL1EESlp/
2025-12-09T05:06:31.000Z,340,68,NA,Las Falsas Denuncias ..amparadas por el sistema judicial en Chile ..Caso Jorge Tocornal ..es tiempo de alzar la voz.  ante la manipulación de nuestros hijos para hacerle daño al padre...comenta comparte y da link #padresconderechochile #tribunalesdefamilia #alienacionparental l #tocornal #falsasdenuncias #chile #nomasdenunciasfalsas #padresconderecho #andreshernandez #viral #nomashijosrehenes #crianzacompartida #leytocornal #juezas #justicia #padresehijos,https://www.instagram.com/padres_con_derechochile/reel/DSB75cTAmTm/
2025-12-05T09:43:53.000Z,17,4,NA,Una velita en tu ausencia .  No mas hijos rehenes en tribunales de familia  y por ex que destruyen la infancia.  te convocamos a esta tercera versión de la velaton ..este martes 23 de Dic.  STGO de Chile .  comenta .. comparte y da link..#padresconderechochile #nomashijosrehenes #unavelitaentuausencia #tribunalesdefamilia #alienacionparental #arturitohernandez #chile #nomasdenunciasfalsas #andreshernandez #viral #crianzacompartida #falsasdenuncias #desvinculacionparental #padreehijos,https://www.instagram.com/padres_con_derechochile/reel/DR4Ix_0Eb9u/
2025-12-04T20:45:48.000Z,15,0,NA,Padres Con Derecho Chile..beneficios por ser un socio activo ..daremos la lucha juntos por nuestros hijos ..ante la alienación parental y la corrupción en tribunales de familia... comenta comparte y da link #padresconderechochile #tribunalesdefamilia #nomashijosrehenes #falsasdenuncias #alienacionparental #chile #nomasdenunciasfalsas #padresconderecho #andreshernandez #viral #crianzacompartida,https://www.instagram.com/padres_con_derechochile/reel/DR2vuGekVYg/
2025-12-04T16:30:06.000Z,15,2,NA,Padres Con Derecho Chile..como incorporarse ..para frenar la desvinculación parental y las falsas Denuncias en tribunales..comenta comparte y da link #padresconderechochile #tribunalesdefamilia #falsasdenuncias #nomashijosrehenes #ideologiadegenero #chile #andreshernandez #nomasdenunciasfalsas #padresconderecho #viral #crianzacompartida,https://www.instagram.com/padres_con_derechochile/reel/DR2SgxlEeAA/
2025-12-04T02:38:51.000Z,9,0,NA,Padres con derecho chile..quienes somos ..porque luchamos ante las injusticias de tribunales de familia.  comenta ..comparte. y da link ..#padresconderechochile #tribunalesdefamilia #falsasdenuncias #fundacion #nomashijosrehenes  #chile #andreshernandez #nomasdenunciasfalsas #padresconderecho #viral #crianzacompartida,https://www.instagram.com/padres_con_derechochile/reel/DR0zT4uEdLj/
2025-12-02T10:54:36.000Z,36,2,NA,Falsas Denuncias ..Caso Jorge Tocornal..Ley Tocornal.. urgente...comenta .. comparte y da link. .#padresconderechochile #tribunalesdefamilia #leytocornal #corrupcion #jueces #nomasdenunciasfalsas #chile #viral #abuso #hombres #ideologiadegenero #perspectivadegenero #alienacionparental,https://www.instagram.com/padres_con_derechochile/reel/DRwifPjEY9V/
2025-12-01T09:46:36.000Z,85,12,NA,Vulneración a la infancia y derechos del niño ...como la ideología de género y una madre destruyen la vida de un niño .... .comparte ..comenta y da link.  #padresconderechochile #niños #ideologiadegenero #infância #tribunalesdefamilia #viral #vulneraciondelaniñez #madres #padresenlucha #conlosniñosno #padreehijo #kast,https://www.instagram.com/padres_con_derechochile/reel/DRt1sk7kajB/
2025-11-30T15:18:03.000Z,163,13,NA,Verdades que incomodan sobre mujeres y hombres.  la injusticia en tribunales... comenta comparte y da link...#padresconderechochile #tribunalesdefamilia #mujeres #hombres #falsasdenuncias #chile #españa #ideologiadegenero #viral #nomashijosrehenes #nomasfalsasdenuncias #nomasdenunciasfalsas #,https://www.instagram.com/padres_con_derechochile/reel/DRr3EfuER8C/
2025-11-29T19:00:46.000Z,25,0,NA,Niños de la Teletón. .infancias Robadas.  comenta ..comparte y da link... #padresconderechochile #teleton #padreehijo #niños #nomashijosrehenes #chile #padresconderecho #andreshernandez #arturitohernandez #arturito #viral #tribunalesdefamilia #donfrancisco #tvchilena #teletón2025,https://www.instagram.com/padres_con_derechochile/reel/DRprm4vkZNH/
2025-11-25T18:01:49.000Z,172,29,NA,violencia intrafamiliar.  corrupción en tribunales de familia.  comenta comparte y da link..#padresconderechochile #tribunalesdefamilia #vif #violenciaintrafamilar #mujer #adrachile #chile #nomasdenunciasfalsas #perspectivadegenero #abuso #juezas #loquecallamosloshombres #regimendevisitas #viral #nomashijosrehenes,https://www.instagram.com/padres_con_derechochile/reel/DRfRvQikYZb/
2025-11-25T10:19:06.000Z,20,5,NA,Alienación Parental... y abandono parental.  la verdad de Mauricio Israel... comenta y da link #padresconderechochile #tribunalesdefamilia #falsasdenuncias #mauricioisrael #padreehijos #tv #crianzacompartida #chile #nomasdenunciasfalsas #viral #juliocesarrodriguez #sinfiltro,https://www.instagram.com/padres_con_derechochile/reel/DRec4UMkWBE/
2025-11-24T16:51:16.000Z,69,19,NA,Julio cesar Rodrigues acusa de abandono parental al conductor Mauricio Israel.  en el programa primer plano de Chilevisión  #padresconderechochile #tribunalesdefamilia #padresconderecho #nomasdenunciasfalsas #jc #mauricioisrael #primerplano #chilevision #chile #viral #polemica #papitocorazon #desvinculacionparental #alienacionparental #tv,https://www.instagram.com/padres_con_derechochile/reel/DRckmx5ESLw/
2025-11-24T00:42:26.000Z,18,5,NA,París Parade 2025 ..visibilizando la Desvinculación Parental ...e. tribunales de familia.  somos padres con derecho chile..seremos la voz de los silenciados.  #padresconderechochile #nomashijosrehenes #tribunalesdefamilia #andreshernandez  #parisparade  #parisparade2025 #falsasdenuncias #crianzacompartida #alienacionparental #kast #canal13 #padresconderecho #padresenlucha #chile #v8ral #hijos #mejorniñez #familia #derechosdelniño,https://www.instagram.com/padres_con_derechochile/reel/DRa17QhEc3q/
2025-11-22T03:33:56.000Z,11,1,NA,Falsas Denuncias  y corrupción con los Tribunales de Familia y los PRM .conversatorio en STGO de Chile . solo para guerreros ..#padresconderechochile #tribunalesdefamilia #falsasdenuncias #nomashijosrehenes  #ocas #chile #padresconderecho #andreshernandez #nomasdenunciasfalsas #crianzacompartida #spartan,https://www.instagram.com/padres_con_derechochile/reel/DRWAIw1EdBF/
2025-11-21T22:57:53.000Z,13,0,NA,Falsas Denuncias y corrupción en el servicio de Mejor Niñez .. conversatorio 2 de la agrupación padres con derecho chile..este sábado 22 de nov a las 10:45 HRS. auditorio museo casa colorada.. Santiago de Chile..#padresconderechochile #falsasdenuncias #nomashijosrehenes #tribunalesdefamilia #conversatorio #chile #nomasdenunciasfalsas #padresconderecho #andreshernandez #viral #crianzacompartida #libertarios #kast #familia #padreehijo #padresenlucha #prm #ocas #abuso #jueces,https://www.instagram.com/padres_con_derechochile/reel/DRVf55LEbsg/
2025-11-21T06:43:52.000Z,13,0,NA,Borrando la figura del Hombre.. con denuncias falsas y corrupción en tribunales de familia..comenta comparte y da link ..#padresconderechochile #conversatorio #falsasdenuncias #nomashijosrehenes  #masculinidad  #andreshernandez #chile #tribunalesdefamilia #nomasdenunciasfalsas #padresconderecho #viral #crianzacompartida #derechos #ocas #kast #kaiser #jueces #mejorniñez #adrachile,https://www.instagram.com/padres_con_derechochile/reel/DRTxAfXDqHS/
2025-11-20T13:46:19.000Z,10,2,NA,día del hombre.  un día que quieren borrar de tu mente e hijo.,https://www.instagram.com/padres_con_derechochile/reel/DRR8k16kRCI/
2025-11-19T09:10:33.000Z,11,1,NA,Conversatorio de masculinidad y Falsas Denuncias .. Santiago de Chile este 22 de nov en vivo a pasos del metro Plaza de Armas.. comenta comparte y da link..#padresconderechochile #falsasdenuncias #tribunalesdefamilia #conversatorio #masculinidad #chile #nomasdenunciasfalsas #andreshernandez #viral #padresconderecho #nomashijosrehenes #crianzacompartida #kast,https://www.instagram.com/padres_con_derechochile/reel/DRO4OByEUAn/
2025-11-18T16:52:24.000Z,46,7,NA,conversatorio Falsas Denuncias..y la corrupción de los PRM de mejor niñez .. inscríbete al 976716235 ..será este sábado en auditorio museo casa colorada . desde las 10:45  cupos limitados.  a pasos del metro Plaza de armas.. comenta ..comparte y da link ..#padresconderechochile #falsasdenuncias #nomashijosrehenes #ocas #andreshernandez #chile #tribunalesdefamilia #nomasdenunciasfalsas #padresconderecho #viral #crianzacompartida #desvinculacionparental #alienacionparental #tribunales #prm #fundaciones #kast,https://www.instagram.com/padres_con_derechochile/reel/DRNIX4mkXKj/
2025-11-17T22:07:47.000Z,11,1,NA,conversatorio internacional  por tik tok hablaremos de másculinidad y denuncias falsas ... conéctate.  #padresconderechochile #falsasdenuncias #puentesdeamor #niñezprotegida #falsasdenuncias #alienacionparental #masculinidad #chile #argentina #panama #mexico #infancia,https://www.instagram.com/padres_con_derechochile/reel/DRLHgMtEcZE/
2025-11-17T14:00:00.000Z,10,1,NA,conversatorio  Falsas Denuncias y desvinculación parental info +569 7671 6235  Padres Con Derecho Chile #padresconderechochile #falsasdenuncias #tribunalesdefamilia #alienacionparental l #ocas #nomasdenunciasfalsas #padresconderecho #andreshernandez #chile #nomashijosrehenes #crianzacompartida #conversatorio #padresehijos,https://www.instagram.com/padres_con_derechochile/reel/DRKP1OXERhE/
2025-11-17T03:06:53.000Z,129,16,NA,un triunfo para la i Francia en las elecciones 2025 en chile ..trabajaremos más arduamente por hacer justicia con los miles de padres desvinculados a los largo de todo chile.  #elecciones2025 #padresconderechochile #tribunalesdefamilia #falsasdenuncias #kast #andreshernandez #mejorniñez #nomasdenunciasfalsas #viral #nomashijosrehenes #chile,https://www.instagram.com/padres_con_derechochile/reel/DRJE2j1Eat2/
2025-11-16T12:59:12.000Z,26,4,NA,"Votar a conciencia por tu Hijo ..pensar que necesitamos un cambio radical en los Tribunales de Familia. ..No + Falsas Denuncias... No + Desvinculación Parental...Recuerda que este gobierno a destruido la Familia ... #padresconderechochile #tribunalesdefamilia #falsasdenuncias #alienacionparental 
#elecciones2025 #chile #nomasdenunciasfalsas #padresconderecho #andreshernandez #viral #nomashijosrehenes #presidenciales #prm #padresehijos #votacion",https://www.instagram.com/padres_con_derechochile/reel/DRHjZ9rEUVB/
2025-11-16T03:40:37.000Z,25,3,NA,Hablemos de José Antonio Kast..sobre infancia..Falsas Denuncias... vulneración en los tribunales de familia...comenta..comparte y da link ..#padresconderechochile #falsasdenuncias #tribunalesdefamilia #kast #elecciones2025 #republicano #nomasdenunciasfalsas #chile #padresconderecho #andreshernandez #viral #nomashijosrehenes #vulneraciondelainfancia,https://www.instagram.com/padres_con_derechochile/reel/DRGizIzESVe/
2025-11-15T23:23:41.000Z,134,34,NA,Ideologia de género en Tribunales de  Familia ..Johannes Kaiser . tiene clarísimo que hay que corregir este sesgo ..depende de tu y de todos cambiar esta corrupción y lo podrido del sistema judicial. ..comenta ..comparte y da link ..#padresconderechochile #kaiser #ideologiadegenero #tribunalesdefamilia #falsasdenuncias  #johanneskaiser #perspectivadegénero #chile #nomasdenunciasfalsas #padresconderecho #viral #padresconderecho #sistemajudicial #elecciones2025 #presidenciales,https://www.instagram.com/padres_con_derechochile/reel/DRGF045ERkx/
2025-11-15T19:12:04.000Z,36,4,NA,Vota padres con derecho chile ..Vota Juan Pablo Sáez  es votar contra las Falsas Denuncias y la  Desvinculación Parental.. vota por uno de los nuestros ..el entenderá tu dolor .. comenta comparte y da link.. @juanpablosaez.diputado  #padresconderechochile #diputado #falsasdenuncias #tribunalesdefamilia #juanpablosaez #nomashijosrehenes #alienacionparental #padreehija #juanpablosaez #saez #sangines #actir #andreshernandez #chike #elecciones2025 #presidenciales,https://www.instagram.com/padres_con_derechochile/reel/DRFpn4IkW17/
2025-11-14T22:46:16.000Z,50,24,NA,Hablemos con Johannes Kaiser de su postura sobre Falsas Denuncias..Desvinculación Parental... protección de la infancia . corrupción en tribunales de familia... comparte.. comenta y da link...#padresconderechochile #kaiser #johanneskaiser #falsasdenuncias #losniñosnosetocan #andreshernandez #chile #tribunalesdefamilia #nomasdenunciasfalsas #padresconderecho #nomashijosrehenes #crianzacompartida #derechosvulnerados #justicia #prm #adrachile #elecciones2025 #presidenciales,https://www.instagram.com/padres_con_derechochile/reel/DRDdmRyEZoN/
2025-11-14T21:30:09.000Z,15,2,NA,Las Hienas del Servicio de Mejor Niñez.. duplas técnicas.  el secuestro del estado con la niñez entrevista en radio libra ..con la conducción de Víctor Lillo.  comenta comparte y da link. #padresconderechochile #falsasdenuncias #ocas #mejorniñez #tribunalesdefamilia #prensa #entrevista #rsdiolibrs #victorlillo #tribunalesdefamilia #chile #nomasdenunciasfalsas #padresconderecho #andreshernandez #crianzacompartida #psicologa #katialeyton #adrachile #prm,https://www.instagram.com/padres_con_derechochile/reel/DRDUnKtkW8f/
2025-11-14T19:22:05.000Z,11,3,NA,Hables del candidato MEO ..sobre falsas Denuncias y desvinculación parental.  comenta ..comparte y da link.  #padresconderechochile #tribunalesdefamilia #falsasdenuncias  #padreehijos #meo #nomashijosrehenes #nomasdenunciasfalsas #chile #padresconderecho #andreshernandez #marcoenriquezomini #viral #presidenciales,https://www.instagram.com/padres_con_derechochile/reel/DRDGQe4kVhD/
2025-11-14T16:03:54.000Z,33,2,NA,ADN obligatorio.  no mas el fraude de la paternidad .  es tiempo de replicar esta ley de bukele a chile.  comenta comparte y da link...propuestas de ley promocionadas por Padres Con Derecho Chile #padresconderechochile #adnobligatorio #paternidad #padreehijo #tribunalesdefamilia #mujer #madre #feminismo #j7sticia #pensiondealimentos #chike #v8rak #bukele,https://www.instagram.com/padres_con_derechochile/reel/DRCvmGeES7y/
2025-11-14T08:40:39.000Z,21,11,NA,Hablemos de la Candidata Jeanette Jara. .sobre infancia..Falsas Denuncias .. perspectiva de género..desvinculación parental y ley anti hombres. ..comenta .. comparte y da link...#padresconderechochile #jeanettejara #falsasdenuncias #elecciones2025 #infanciasvulneradas #chile #andreshernandez #tribunalesdefamilia #nomasdenunciasfalsas #padresconderecho #viral #nomashijosrehenes #presidenciales #tribunales #padreehijo  #mejorniñez,https://www.instagram.com/padres_con_derechochile/reel/DRB760ZEUam/
2025-11-14T01:40:50.000Z,14,2,NA,Entrevista al director de Padres Con Derecho Chile..Andrés Hernández..este viernes 14 en el programa de la mañana de la Radio Libra.  conducido por Víctor Lillo ..desde las 9:00 Hrs de la mañana. Hablaremos de infancias vulneradas y falsas Denuncias en Tribunales de Familia.  comenta comparte y da link..#padresconderechochile #falsasdenuncias #radio #entrevista #tribunalesdefamilia #victorlillo #radiolibra #radionexus #andreshernandez #franjaelectoral #nomasdenunciasfalsas #nomashijosrehenes #padresconderecho #viral #quillota #valparaiso #losniñosnosetocan,https://www.instagram.com/padres_con_derechochile/reel/DRBMghdkUmd/
2025-11-13T22:58:50.000Z,13,1,NA,"Pedro Gubernatti Candidato a Diputado  por la región de O""Higgins ..lo entrevistamos en Rancagua hablas de denuncias falsas y la vulneración a la infancia.  comenta ..comparte y da link ..@fr_parisi @gubernattitv @tvohiggins #padresconderechochile #falsasdenuncias #pedrogubernatti #rancagua #losniñosnosetocan  #andreshernandez #tribunalesdefamilia #nomasdenunciasfalsas #chile #padresconderecho #viral #nomashijosrehenes #elecciones2025 #tvohiggins #diputadosrancagua",https://www.instagram.com/padres_con_derechochile/reel/DRA5_sJEW8o/
2025-11-13T18:50:44.000Z,36,4,NA,Hablemos de franco Parisi ..sobre la vulneración de la infancia ..denuncias falsas y desvinculación parental.  comenta comparte y da link... ..#padresconderechochile #francoparisi #alienacionparental #falsasdenuncias #eleccionespresidenciales #desvinculacionparental #infanciayfamilia #chile #nomashijosrehenes #tribunalesdefamilia #padresconderecho #andreshernandez #nomashijosrehenes #crianzacompartida #prm,https://www.instagram.com/padres_con_derechochile/reel/DRAdWJOEXjy/
2025-11-13T11:35:31.000Z,87,38,NA,Johannes Kaiser ..fuerte discurso para proteger la infancia en chile ..y los horrores que se están  comentiendo en los derechos de nuestros hijos en el gobierno del Boric.  con el paig.  comenta comparte y da link ..#padresconderechochile #johanneskaiser #conlosniñosno #derechosdelniño  #elecciones2025  #ruta4k #4k #kaiser #eleccionespresidenciales #chile #tribunalesdefamilia #padresconderecho #andreshernandez #nomashijosrehenes #niños #discursokaiser #franjaelectoral,https://www.instagram.com/padres_con_derechochile/reel/DQ_r7gYkTQU/
2025-11-12T21:48:23.000Z,178,7,NA,Secuestro Infantil ..No más hijos Rehenes ..miles de padres desvinculados de sus hijos por falsa denuncias...queremos justicia . #padresconderechochile #falsasdenuncias #pensiondealimentoschile #nomashijosrehenes #secuestroinfantil #alienacionparental #andreshernandez #nomasdenunciasfalsas #padresconderecho #chile #crianzacompartida,https://www.instagram.com/padres_con_derechochile/reel/DQ-NZvfEUP9/
2025-11-12T18:00:22.000Z,42,3,NA,la realidad de Parlamentarios de la Comisión Familia . la desvinculación parental..diputados que no manejan conceptos básicos de familia.  es irónico que voten por candidatos que han dañado la familia ..y a nuestros hijos . aprendamos a votar ..somos miles de padres afectados  a lo largo de todo chile ..en nuestra agrupación ahí madres y abuelas . esto es transversal.. No más hijos rehenes por el estado y el poder judicial...#padresconderechochile #falsasdenuncias #monicaarce #elecciones2025  #diputada #nomashijosrehenes #nomasfalsasdenuncias #comisionfamilia #andreshernandez #defensoriapadres #alienacionparental #chile #parlamentarias #viral #distrito12,https://www.instagram.com/padres_con_derechochile/reel/DQ9y8XZkZ9_/
2025-11-12T09:37:51.000Z,86,28,NA,Diputada Mónica Arce del distrito 12 desconoce las vulneraciones a la infancia ..y como progenitoras ocupan el sistema para  alejar a padres de sus hijos ..No sabe cómo funcionan las ocas en tribunales de familia ..como hacen informes falsos ..como el sistema se a corrompido para atrapar a niños y desvincularlos eternamente de su padre.  comenta ..comparte y da link...#padresconderechochile #falsasdenuncias #monicaarce #diputada #nomashijosrehenes #andreshernandez #padresconderecho #alienacionparental #chile #elecciones2025 #distrito12 #hijosrehenes #comisionfamilia #nomasfalsasdenuncias #ocas #mejorniñez #feminismo #corrupcion #tribunalesdefamilia,https://www.instagram.com/padres_con_derechochile/reel/DQ85tMpkUX3/
2025-11-10T23:52:43.000Z,49,4,NA,Presidenciales 2025 Chile .  hablemos de denuncias falsas..de  la corrupción en tribunales de familia...desvinculación parental...sepamos por quién votar.  Padres Con Derecho Chile te informará . comenta comparte y da link #padresconderechochile #elecciones2025 #falsasdenuncias #tribunalesdefamilia #eleccionespresidenciales #franjaelectoral #corrupcion #chile #nomashijosrehenes #nomasdesvinculacionparental #nomasfalsasdenuncias #votainteligente #familia #padresehijos #andreshernandez #padresconderecho,https://www.instagram.com/padres_con_derechochile/reel/DQ5Rv9YEQeq/
2025-11-08T20:28:04.000Z,56,7,NA,Padres con derecho en Rancagua ya con personalidad jurídica para defender tus derechos vulnerados. No mas Falsas Denuncias..No más Desvinculación Parental... comenta comparte y da link..#padresconderechochile #alienacionparental #tribunalesdefamilia #falsasdenuncias #nomashijosrehenes #chile #fnatt #andreshernandez #alejandrosantamaria #rancagua #padreehijos #nomasdenunciasfalsas  #viral #padresconderecho,https://www.instagram.com/padres_con_derechochile/reel/DQzww6jEUuo/
2025-11-07T11:47:51.000Z,45,6,NA,Borrando a Papá...con una Falsa denuncia . comenta ..comparte y da link . .#padresconderechochile #falsasdenuncias #tribunalesdefamilia #nomashijosrehenes #violenciaintrafamilar #alienacionparental #chile #padresconderecho #andreshernandez #viral #crianzacompartida #madres #narcisitas #padreehijo #borrandoapapá #nomasdenunciasfalsas,https://www.instagram.com/padres_con_derechochile/reel/DQwQmnHkRpd/
2025-11-06T18:25:47.000Z,49,4,NA,Digamos la verdad ..sobre las Denuncias Falsas  y La Desvinculación Parental ..junto al conductor Javier Fonseca del programa Digamos la Verdad. .comenta..comparte y da link.  @alselimfonseca #padresconderechochile #falsasdenuncias #digamoslaverdad #tribunalesdefamilia  #libertarios  #javierfonseca #nomashijosrehenes #chile #podcast #leytocornal #nomasdenunciasfalsas #andreshernandez #padresconderecho #feminismo,https://www.instagram.com/padres_con_derechochile/reel/DQuYletEf6B/
2025-11-06T10:50:29.000Z,33,2,NA,Caso de obstrucción parental de instituciones del Servicio de Mejor Niñez.  José Luis García.  padre que sigue luchando y denunciando ..hasta recuperar a su hijo . comenta comparte y da link..#padresconderechochile #falsasdenuncias #nomashijosrehenes #tribunalesdefamilia #mejorniñez #nomasdenunciasfalsas #chile #padresconderecho #viral #crianzacompartida #oln #padreehijo,https://www.instagram.com/padres_con_derechochile/reel/DQtlWdJkUh4/
2025-11-06T00:06:17.000Z,10,0,NA,NA,https://www.instagram.com/padres_con_derechochile/p/DQsbxoqEcYs/
2025-11-05T15:51:52.000Z,34,9,NA,Entrevista al diputado Cristian Labbe .. Sobre desvinculación parental.  y prevaricación en tribunales de familia.  comenta comparte y da link ..#padresconderechochile #cristianlabbe #kaiser #falsasdenuncias #tribunalesdefamilia #nomashijosrehenes #alienacionparental #nomasdenunciasfalsas #chile #viral #franjaelectoral #andreshernandez #padresconderecho #crianzacompartida #padreehijo #familia #derechosdelniño,https://www.instagram.com/padres_con_derechochile/reel/DQri-cgETfH/
2025-11-03T18:34:32.000Z,29,5,NA,Una FALSA DENUNCIA tiene que tener un castigo de cárcel efectiva ..actor Cristian Campos. comenta comparte y da link .. #padresconderechochile #falsasdenuncias #tribunalesdefamilia #cristiancampos #leytocornal #chile #nomasdenunciasfalsas #viral #nomashijosrehenes #abuso #injusticia #digirolamo #fundacionparalaconfianza #hermosilla #padresconderecho,https://www.instagram.com/padres_con_derechochile/reel/DQmsDhSkQss/
2025-11-03T15:26:39.000Z,34,3,NA,Vota Padres Con Derecho Chile..defenderemos tus derechos ante la desvinculación parental..y el abuso en los tribunales de familia.. comenta comparte y da link..#padresconderechochile #franjaelectoral #tribunalesdefamilia #elecciones2025 #falsasdenuncias #andreshernandez #chile #nomasdenunciasfalsas #padresconderecho #viral #nomashijosrehenes #feminismo #alienacionparental #desvinculacionparental #vota #masculinidad #crianzacompartida,https://www.instagram.com/padres_con_derechochile/reel/DQmWiC2kQai/
2025-11-02T20:41:18.000Z,55,4,NA,Futuro diputado contra las denuncias falsas.  Juan Pablo Sáez ..candidato de la agrupación Padres Con Derecho Chile...No más Falsas Denuncias. Comenta comparte y da link #padresconderechochile #falsasdenuncias #nomasdenunciasfalsas #juanpablosaez  #diputados #tribunalesdefamilia #padresconderecho #viral #candidato #franjaelectoral #nomashijosrehenes #alienacionparental #abuso #injusticia #chile #andreshernandez,https://www.instagram.com/padres_con_derechochile/reel/DQkVeqwkXr2/
2025-11-02T19:50:26.000Z,60,6,NA,"Hoy mi voz es #TuVoz 
Vota Vanessa Ferrer Radovich 🗳️diputada distrito 7 
i 83

#vanessaferrerdiputada #TuVoz #distrito7 #perspectivadeinfancia #crianzacompartida #falsasdenuncias #infanciaprotegida #i83",https://www.instagram.com/vanessaferrerradovic/reel/DQkPxl9kUNN/
2025-11-02T11:55:23.000Z,115,13,NA,Acusación ...Falsa Denuncia ..la verdad del actor Cristian Campos .en OnlyFama....se necesita con urgencia una ley contra las falsas Denuncias . Ley Tocornal.  comenta comparte y da link #padresconderechochile #tribunalesdefamilia #falsasdenuncias #nomasdenunciasfalsas #cristiancampos #chile #padresconderecho #viral #feminismo #raffaelladigirolamo #digirolamo #abuso #justicia #leytocornal,https://www.instagram.com/padres_con_derechochile/reel/DQjZn1qESES/
2025-11-01T00:23:08.000Z,21,3,NA,Hallowen de un padre sin sus hijos ..ante una denuncia falsa.. comparte ..comenta y da link . #padresconderechochile #halloweenmakeup #falsasdenuncias #nomasdenunciasfalsas #tribunalesdefamilia #nomashijosrehenes #padreehijo #halloween #padresconderecho #hijos #alienacionparental #jueces #justicia #narcisas,https://www.instagram.com/padres_con_derechochile/reel/DQflYuDEXw_/
2025-10-31T18:12:57.000Z,84,3,NA,Condena efectiva contra las Falsas Denuncias.  es tiempo de alzar  la voz ante estos abusos e. tribunales que afectan a miles de hombres y padres a lo largo de chile .. comenta comparte y da link.  #padresconderechochile #tribunalesdefamilia #falsasdenuncias #loquecallamosloshombres #nomasdenunciasfalsas #denunciasfalsas #abuso #mentura #culpable #mujeresquemienten #mujeres #injustucia #tribunales #padresconderecho #chile #viral,https://www.instagram.com/padres_con_derechochile/reel/DQe7LOFEWF8/
2025-10-30T16:15:24.000Z,20,7,NA,Falsas Denuncias y golpes...Lo que callamos los Hombres.  la historia de Freddy Años de tortura.  y maltratos ...violencia  intrafamiliar. ..comenta ..comparte y da link... la próxima historia puede ser la tuya.  #padresconderechochile #loquecallamosloshombres #vif #tribunalesdefamilia #falsasdenuncias #nomasdenunciasfalsas #chile #viral #feminismo #jueces #violenciaintrafamiliar #abuso #injusticia #divorcio #relatos,https://www.instagram.com/padres_con_derechochile/reel/DQcJDGzEatg/
2025-10-30T10:48:03.000Z,38,4,NA,"Corrupción en el Servicio de Mejor Niñez .. director Claudio Castillo..digamos basta al lucro de la infancia ...comenta comparte y da link ..Sin Filtro . #padresconderechochile #nomasdenunciasfalsas #tribunalesdefamilia #nomashijosrehenes 
#sinfiltrotv #adrachile #mejorniñez #claudiocastillo #losniñosnosetocan #chile #andreshernandez #infancia #alienacionparental #corrupción #infanciasvulneradas #psicologas",https://www.instagram.com/padres_con_derechochile/reel/DQbjTaWEZMd/
2025-10-29T17:51:09.000Z,49,2,NA,las falsas Denuncias están arraigadas en los tribunales desde hace mucho tiempo No esperes ser una víctima es tiempo de decir BASTA.  NO +FALSAS DENUNCIAS.  comenta ..comparte y da link.  #padresconderechochile #tribunalesdefamilia #falsasdenuncias #nomasdenunciasfalsas #leytocornal #abuso #feminismo #acusación #presuncióndeinocencia #padresconderecho #viral #tribunales #mujeres #mentira,https://www.instagram.com/padres_con_derechochile/reel/DQZvKjAkY9j/
2025-10-29T10:26:46.000Z,58,8,NA,según estadísticas mujeres ..madres son las que causan más daño o desviven a sus propios hijos.  pero para muchas juezas  o ministerio de la mujer solo los padres osea hombres son los violentos.  comenta comparte y da link.  #padresconderechochile #tribunalesdefamilia #madre #padresconderechochile #noticia  #chile #nomashijosrehenes #alienacionparental #feminismo #falsasdenuncias #viral,https://www.instagram.com/padres_con_derechochile/reel/DQY8OHpEXzG/
2025-10-28T16:06:34.000Z,115,14,NA,Bukele ..exige ADN obligatorio al recién nacido.  no mas estafas con la paternidad . No mas Hombres engañados con hijos q no son suyos . ni con pensiones que no corresponden.  esta realidad también tiene q ser en chile .. comenta comparte y da link #padresconderechochile #adnobligatorio #bukele #tribunalesdefamilia #fraudedepaternidad #elenmascarado #adn #paternidad #leydefiliación #nacimiento #padreehijo #engaño #hijos,https://www.instagram.com/padres_con_derechochile/reel/DQW-Rhdkbhd/
2025-10-27T22:58:43.000Z,119,16,NA,Actor chileno Cristian Campos se querella  por acusación Falsa de Abuso ..contra Claudia Di Girolamo  y contra Rafaella Di Girolamo. por acusarlo  Falsamente y ensuciar su Honra .. comenta. comparte y da link #nomasdenunciasfalsas #tribunalesdefamilia #padresconderechochile #cristiancampos #falsasdenuncias #chile #padresconderecho #viral #feminismo #justicia #abuso #raffaeladigirolamo #fundacionparalaconfianza #hermosilla,https://www.instagram.com/padres_con_derechochile/reel/DQVIp72kexQ/
2025-10-27T10:51:55.000Z,75,13,NA,caso Tocornal una crónica de una denuncia falsa.  comenta comparte y da link #padresconderechochile #falsasdenuncias #tribunalesdefamilia #leytocornal #nomasdenunciasfalsas #abuso #jorgetocornal #tribunales #chile #padresconderecho #viral #feminismo #denunciafalsa #condena #ley21675 #alienacionparental #prensa,https://www.instagram.com/padres_con_derechochile/reel/DQT1mrvkRlG/
2025-10-23T15:54:12.000Z,46,1,NA,Soy una más de los miles de padres desvinculados de sus hijos  por el sistema corrupto del lucro de la infancia en chile ...digamos basta a la desvinculación parental..únete a nuestra lucha... comenta comparte y da link.  #padresconderechochile #tribunalesdefamilia #falsasdenuncias #alienacionparental #nomashijosrehenes #nomasdenunciasfalsas #padresconderecho #nomasdenunciasfalsas #viral #ideologiadegenero #negociodelainfancia #chile #infanciasvulneradas #secuestroinfantil #padreehijo,https://www.instagram.com/padres_con_derechochile/reel/DQKENfZEZ3m/
2025-10-22T09:58:02.000Z,53,2,NA,TVN toca por primera vez las Denuncias Falsas en tribunales.  con el periodista Rafa Venegas ..el Caso Gisonni  como u. padre es acusado de abuso ..manipulado los hijos para mentir por su progenitora ...el caso muy parecido al de Jorge Tocornal ..en chile ahí miles de casos es tiempo de decir Basta.  comenta comparte y da link y digamos NO + FALSAS DENUNCIAS... #padresconderechochile #tribunalesdefamilia #falsasdenuncias #abuso #tribunalesdefamilia #chile #padresconderecho #andreshernandez #rafavenegas #tvn #leytocornal #gisoni #nomasdenunciasfalsas #denunciasfalsas #adrachile #injusticia #mujeres #feminismo #amigayotecreo #alienacionparental #desvinculacionparental #psicologo #argentina #ministeriodelamujer,https://www.instagram.com/padres_con_derechochile/reel/DQG3HRKkR1L/
2025-10-21T17:10:47.000Z,215,60,NA,hablemos de infancias vulneradas..y la LEY FUNA HOMBRES.  le preguntamos a la diputada Ana María Gazmuri.  integrante de la comisión Familia.  comenta .comparte y da link .. #falsasdenuncias #padresconderechochile #leytocornal #tribunalesdefamilia  #anamariagazmuri #padresconderecho #andreshernandez #infancia #vulneraciondederechosdelosniños #comisionfamilia #nomasdenunciasfalsas #elecciones #diputada #ley21675 #nomashijosrehenes #padreehijo #entrevista #sinfiltro,https://www.instagram.com/padres_con_derechochile/reel/DQFDuplEcPh/
2025-10-21T11:06:44.000Z,73,19,NA,Ley Funa hombres ..Ley 21.675 lo a cual ampara las falsas Denuncias y la desvinculación parental..solo el género masculino pierde la presunción de la inocencia y solo por ser mujer dice la verdad por un mero relato . infórmate NO + FALSAS DENUNCIAS...somos la agrupación  que lucha por tus derechos vulnerados . .comenta ..comparte y da link ..@alfonsoconcha @rafa.venegas @padresenaccionchile2024 @sinfiltros_tv @vanessaferrerradovic @diputadourruticoechea @diputadorobertoarroyo @elvitomartinez @prensachilena #tribunalesdefamilia #padresconderechochile #falsasdenuncias #leytocornal #abuso #nomasdenunciasfalsas #denunciasfalsas #injusticia #padresconderecho #padreehijo #feminismo #diputados #ley21675 #chile #andreshernandez #viral #nomashijosrehenes #tribunales #justicia #hombre #presuncióndeinocencia  #infancia #desvinculacionparental #alienacionparental,https://www.instagram.com/padres_con_derechochile/reel/DQEZ8s2EWB7/
2025-10-20T10:56:37.000Z,16,6,NA,Falsa Denuncia la Humillación que sufrió Jorge Tocornal . Entrevista exclusiva . a ex reo que compartió con Jorge Tocornal en la cárcel  ante una falsa denuncia .. Parte 1 ..la humillación. Comenta comparte y da link.  @radioadn97.9fm @rinconsalfate @juanpablosaezactor @rafa.venegas @alfonsoconcha @elvitomartinez @victorpiccoli.autor @nicolaslarrainoficial @padresenaccionchile2024 @javierrebolledoesco @biobiochile @sinfiltros_tv #padresconderechochile #javierrebolledo #tribunalesdefamilia #jorgetocornal #falsadenuncia #falsasdenuncias #padresconderecho #andreshernandez #chile #nomasdenunciasfalsas #viral #nomashijosrehenes #feminismo #leytocornal #injusticia #persoectivadegénero #ley21675 #alienacionparental #psicologas #prm #adrachile,https://www.instagram.com/padres_con_derechochile/reel/DQBz8U8Djf_/
2025-10-19T14:10:43.000Z,43,4,NA,Un pequeño homenaje en su día a todas las madres y abuelas que luchan por ver a sus hijos y nietos #nomáshijosrehenes,https://www.instagram.com/no_mas_hijos_rehenes/reel/DP_kdGLjFWw/
2025-10-19T10:15:46.000Z,58,8,NA,Entrevista exclusiva  Caso Tocornal ..entrevistaremos a un ex reo que conoció a Jorge Tocornal en la cárcel ..acusado de abuso  y violac ion ..como una falsa denuncia destruye vidas. .9 años condenado por un delito que era inocente . comenta ..comparte y da link ..sigue nuestras redes y nuestro canal de Youtube..@radioadn97.9fm @nunez.nunezjulio @melipillatv @biobiochile @biobiotv @padresenaccionchile2024 @alfonsoconcha @rafa.venegas @sinfiltros_tv @vanessaferrerradovic @nicolaslarrainoficial @radioagricultura @radiopudahuel @radioslibranexoeros #padresconderechochile #falsasdenuncias #leytocornal #javierrebolledo #tribunalesdefamilia #jorgetocornal #andreshernandez #padresconderecho #alienacionparental #tribunalesdefamilia #injusticia #abuso #nomasdenunciasfalsas #chile #viral #feminismo #nomashijosrehenes #padreehijo #miverdad #carcel #juicio #prensa #reportaje #sinfiltro,https://www.instagram.com/padres_con_derechochile/reel/DP_KTWQjlco/
2025-10-17T11:23:44.000Z,6,1,NA,"sabemos tu dolor al ser un padre desvinculado ..al sentir dolor por no ver a tu hijo . al ser acusado falsamentente con una denuncia.  al quebrar tu economía destruyendo tu imagen.  ven te invitamos a reconstruir te y ser parte de nuestra agrupación.  este sábado en la casa colorada  inscripciones en este link.. https://www.passline.com/view-event/el-despertar-del-padre
#padresconderechochile #jaimelaporte #padreehijo #tribunalesdefamilia #masculinidad #viral #recontruccionemocional #chile #conferencia #falsasdenuncias #desvinculacionparental",https://www.instagram.com/padres_con_derechochile/p/DP6JZsIEcSd/
2025-10-16T12:34:45.000Z,41,10,NA,Álvaro Casanova ..porque No te dejaban que vieras a tu hija Antonia ? ... historia de desvinculación parental.. como su suegra  Eli de Caso  prohibió todo vínculo con su hija Antonia Casanova . #padresconderechochile #alvarocasanova #elidecaso #alienacionparental #tribunalesdefamilia #desvinculacionparental #yuyunisnavas #padreehija #exclusiva #chile #viral #farandula,https://www.instagram.com/padres_con_derechochile/reel/DP3shfsETv7/
2025-10-14T11:04:24.000Z,95,13,NA,"PRM  Alienación. Parental ,,, el lucro con el dolor de la infancia . falsas Denuncias.. #tribunalesdefamilia #padresconderechochile #alienacionparental #falsasdenuncias #nomashijosrehenes #virel #nomasdenunciasfalsas #chile #padresconderecho #andreshernandez #feminismo #prm #mejorniñez #adrachile #ocas",https://www.instagram.com/padres_con_derechochile/reel/DPyYhCgkTxL/
2025-10-13T11:05:55.000Z,110,30,NA,Contra las Falsas Denuncias..es tiempo de legislar .. junto a la diputada Camila Flores..y padres con derecho chile...nomás falsas Denuncias y pena de cárcel para las delincuentes que la ejercen ..#padresconderechochile #falsasdenuncias #tribunalesdefamilia #camilaflores #nomasdenunciasfalsas #alienacionparental #desvinculacionparental #andreshernandez #valparaiso #chile #viral #ley21675 #jueces #elecciones #padreehijo #sinfiltro,https://www.instagram.com/padres_con_derechochile/reel/DPvzzioEeMF/
2025-10-11T11:27:46.000Z,93,21,NA,Audio de audiencia como una progenitora  es amparada por tribunales de familia ejerce violencia intrafamiliar ...golpea a un bebé.. intenta apuñalar al padre de su hijo ... y aún así un tribunal de familia lo considera intrascendente.. esto ocurre a lo largo de todo chile ... Digamos NO a la desvinculación parental .. comenta ..comparte y da link .@nunez.nunezjulio @franciscocancinov @diputadorobertoarroyo @pjudicialchile @rafa.venegas @melipillatv @infomelipilla @fnuevamente @padresdechile @padresenaccionchile2024 @puentes.de.amor.a.c @contingenciachileradio @sinfiltros_tv @diputadourruticoechea @camilaflores_o @vanessaferrerradovic @diputadoeduardoduran .#padresconderechochile #falsasdenuncias #alienacionparental #saludmental #tribunalesdefamilia #melipilla #poderjudicial #padresconderecho #padresenlucha #desvinculacionparental #feminismo #mujeresquemienten #vif #karinrojo #viral #juezas #celos #violenciaintrafamiliar #chile #presidenciables #diputados,https://www.instagram.com/padres_con_derechochile/reel/DPqsPNQEaLd/
2025-10-10T18:57:47.000Z,38,0,NA,Día internacional de la Salud Mental...muchas progenitoras necesitan terapia por el daño que hacen a sus hijos ..los utilizan . y hacen denuncias falsas ..de 5 mujeres 4 dicen que necesitan ir a terapia.. comenta ..comparte y da link ..#padresconderechochile #falsasdenuncias #alienacionparental l #saludmentalyemocional #mujeres #saludmental #psicologas #psicologo #desvinculacionparental #chile #viral #feminismo #tribunalesdefamilia #padreehijo #mujee #progenitoras #psiquiatría #nomashijosrehenes #nomasdenunciasfalsas,https://www.instagram.com/padres_con_derechochile/reel/DPo7etYEaKX/
2025-10-10T09:03:57.000Z,68,7,NA,La verdad de Álvaro Casanova.  su relación de padres con su hija Antonia.  y la relación con el clan  Eli de Caso . .. como fue cancelado como padre ..cómo fue acusado de maltratador ...20 años doues se atreve a hablar ..y el daño que se le ocasionó .  comenta ..comparte y da link ...#padresconderechochile #alvarocasanova #desvinculacionparental #antoniacasanova #primerplano #elidecaso #yuyuniznavas #granhermsno #padresconderecho #alienacionparental #danilo21 #viral #chile #onlyfama #exclusivo #nomasdenunciasfalsas #falsasdenuncias #vif #violenciaintrafamiliar #tribunalesdefamilia,https://www.instagram.com/padres_con_derechochile/reel/DPn3YsiESVM/
2025-10-09T16:58:43.000Z,46,8,NA,Negocio con la infancia... los PRM.. lucran con el dolor ..profesionales nefasto que le haran daño a tu hijo ..y apoyaran a madres nefastas y obstructoras .. nomás hijos rehenes.  comparte ..comenta y da link ..#padresconderechochile #desvinculacionparental #prm #tribunalesdefamilia  #infancia #tribunales #padresconderecho #padresenlucha #padreehijo #infanciasvulneradas #alienacionparental #falsasdenuncias #nomashijosrehenes #leytocornal #mejorniñez #sename #psicologos #trabajadorasocial,https://www.instagram.com/padres_con_derechochile/reel/DPmJBJNkRy3/
2025-10-08T11:27:45.000Z,46,5,NA,"Asi Mienten Miles de mujeres en tribunales de familia..y nacen las Falsas Denuncias amparadas por juezas y ministerios de la mujer.  Dañan a las  mismas mujeres y madres  buenas con esta actitud comenta . comparte y da link . #padresconderechochile #falsasdenuncias #nomasdenunciasfalsas #tribunalesdefamilia  #lamentira 
#padresconderecho #nomashijosrehenes #mujer #feminismo #engaño #justicia #mentira #viral #españa #chile #juezas",https://www.instagram.com/padres_con_derechochile/reel/DPi95D_kZDZ/
2025-10-07T21:44:39.000Z,61,7,NA,"apoyo Ciudadano ante las denuncias falsas  y la desvinculacion parental... tu también sumate y cambiemos este abuso .  comparte ..comenta y da link 
#padresconderechochile #falsasdenuncias #tribunalesdefamilia #alienacionparental l #justicia #nomasdenunciasfalsas #padresconderecho #andreshernandez #nomashijosrehenes #desvinculacionparental #chike #presidenciables #viral  #padresehijos",https://www.instagram.com/padres_con_derechochile/reel/DPhf2rrkfrw/
2025-10-07T07:59:54.000Z,12,3,NA,Infancias vulneradas ..debata con los presidenciables. 2025 ..evento histórico en la Pintana ..invitado todos los presidenciables para abordar temas de infancia y vulneración del estado ante la desvinculacion parental por organismos del estado.  y políticas en sus programas ante la protección de los niños ..un tema que nadie quiere tocar .  comenta..comparte y da link #padresconderechochile #debatepresidencial #falsasdenuncias #infancia #alienacionparental #padresconderecho #infanciasvulneradas #padreehijo #nomasdenunciasfalsas #nomashijoarehenes #kast #kaiser #parisi #mathei #meo #maynicolls #artes #debate2025 #jara,https://www.instagram.com/padres_con_derechochile/reel/DPgBfhxjgXr/
2025-10-06T19:39:12.000Z,60,8,NA,Magistrado  Daniel Simpertigue habla sobre las Falsas Denuncias y las presiones que ha recibido por dirigirse a exponer sobre las denuncias falsas y que a permeado todos los poderes ..y el vicio que se produce en los tribunales de familia.  comenta ..comparte y da link ..#falsasdenuncias #jueces #padresconderechochile #tribunalesdefamilia #corrupcion #padresconderecho #leytocornal #jorgetocornal #viral #injusticia #nomasdenunciasfalsas #chile #udd #viral #nomashijosrehenes #andreshernandez,https://www.instagram.com/padres_con_derechochile/reel/DPesxKEEWqU/
2025-10-05T12:46:25.000Z,51,9,NA,Desvinculación Parental..Miles de niños alejados de sus padres.  un delito amparado por el estado y organismos colaboradores de mejor niñez ..es tiempo de decir BASTA unté al movimiento de Padres Con Derecho Chile... La unión hace la fuerza .. juntos cambiaremos esto y recuperaremos a nuestros hijos .  comparte ..comenta y da link ...... #padresconderechochile .#debatepresidencial #tribunalesdefamilia #falsasdenuncias #alienacionparental #chile #nomasdenunciasfalsas #andreshernandez #juanpablosaez #nomashijosrehenes #desvinculacionparental #padresconderecho #viral #melipilla #padresenlucha #padreehijo,https://www.instagram.com/padres_con_derechochile/reel/DPbYdeVkU57/
2025-10-05T00:51:12.000Z,8,1,NA,Es tiempo de la infancia vulneradas en tribunales y organismos de mejor niñez con los presidenciales. tendremos  la misión junto a ONG padres objetadores de chile .. de llevar esta misión que incómoda a muchos .. Padres Con Derecho Chile ..llevaremos el balón al área chica.. Alienación Parental ..progenitoras Obstructoras .. profesionales con ideología de género.  Servicio de mejor niñez ...corrupción en tribunales de familia ..Falsas Denuncias .  comenta comparte y da link ..#padresconderechochile #nomashijosrehenes #tribunalesdefamilia #alienacionparental  #debatepresidencial #padresconderecho #infancia #falsasdenuncias #niñez #padresehijos #ongpadresobjetadoreschile #chile #kaiser #maynicold #jara #mathei #parisi #meo #kast #artes,https://www.instagram.com/padres_con_derechochile/p/DPaHeZhkXnw/
2025-10-04T11:03:59.000Z,175,39,NA,Abuela de Arturito .. obstruye el vínculo con mi hijo.  y nos agrede sin saber q yo estaba dentro del auto ..mi hijo fue retenido en el colegio una hora y media.  para q no lo viera ..este tipo de mujeres dañan la infancia  y ocupan niños para hacer daño mienten en tribunales de familia y son amparadas en su delitos .. es tiempo de decir no a la Alienación Parental.. comenta ..comparte y da link @melipillatv @fnuevamente @franciscocancinov @infomelipilla @nunez.nunezjulio @juanirarrazavaldiputado @pjudicialchile @adrachile @olnmelipilla ..#padresconderechochile #andreshernandez #alienacionparental  #tribunalesdefamilia #padreehijo #padresenlucha #padresconderecho #desvinculacionparental #melipilla #falsasdenuncias #nomasfalsasdenuncias #nomashijosrehenes #justicia #chile #viral #colegiosanjose #pamelavidal #obstructora #mujerloca #feminismo #victimización #leydegenero #abuso  #jorgetocornal #sinfiltrostv #Chile #injusticia,https://www.instagram.com/padres_con_derechochile/reel/DPYn4fqETYJ/
2025-10-04T00:16:24.000Z,102,15,NA,Como la madre de mi hijo Arturito ..obstruye el régimen comunica final ..ocupando organismos públicos y el mismo colegio de mi hijo para este efecto a pesar que no cuento con medidas cautelares que lo impidan ..mi hijo estuvo retenido 1 hrs y media en el colegio hasta q llegó carabineros y lo sacaron resguardado para q no lo pidiera ver o abrazar ... se me persigue por lo que hago en ayuda de padres... solo les puedo decir no sé rindan ..sus hijos los necesitan y digamos no a la Alienación Parental... comenta ..comparte ..y da link ..@alfonsoconcha @rafa.venegas @sinfiltros_tv @melipillatv @fnuevamente @nunez.nunezjulio @melipillacomunica @diputadourruticoechea @diputadorobertoarroyo @joukaiser @joseantoniokast @fr_parisi #obstrucciónparental #padresconderechochile #andreshernandez #alienacionparental #falsasdenuncias #melipilla #viral #chile #tribunalesdefamilia #nomasdenunciasfalsas #hijodrehenes #nomashijosrehenes #feminismo #padresconderecho #injusticia #padresenlucha #sinfiltro #abuso #jorgetocornal,https://www.instagram.com/padres_con_derechochile/reel/DPXeVihEWiP/
2025-10-03T18:44:02.000Z,115,32,NA,Obstrucción parental ..buscando a .mi hijo Arturito .. en la comuna de melipilla.  estuvo retenido en el colegio una hora y media  para q no lo pueda ver .. lo sacaron como delincuente  con funcionarios municipales y carabineros para q no lo pueda ver.  comenta comparte y da link. @nunez.nunezjulio @saez._yatusaez @colomajaime @melipillatv @melipillacomunica @republicanos_melipilla #justicia #padresconderechochile #andreshernandez #melipilla #obstrucciónparental #padresconderecho #padresenlucha #melipilla #arturito #alienacionparental #colegiosanjose #tribunalesdefamilia #padreehijo #sinfiltrostv #chile #viral #jorgetocornal #mujerperversa #feminismo,https://www.instagram.com/padres_con_derechochile/reel/DPW4ATqEQ6H/
2025-10-02T15:42:37.000Z,464,91,NA,Hijo de Jorge Tocornal se despide con una canción para su padre ..quien fue víctima de una denuncia falsa de abuso y su hijo víctima  de la alienación parental. ..en memoria de este hombre que lucho por su inocencia.. JORGE TOCORNAL.. Que no se olvide.  comenta ..comparte y da link .@alfonsoconcha @sinfiltros_tv @javierrebolledoesco @adnradiorafaela @rafa.venegas @nunez.nunezjulio @juanpablosaezactor @gubernattitv @diputadorobertoarroyo @jorgeandres_tp @sinfiltros_tv @nina_mahsati @nicolaslarrainoficial @prensachilena @franciscocancinov @josemdelpino @diputadourruticoechea @fr_parisi @pjudicialchile #padresconderechochile #jorgetocornal #falsasdenuncias #qepd #justicia #padredesvinculado #padresconderecho #andreshernandez #tribunalesdefamilia #nomasdenunciasfalsas #feminismo #injusticia #leytocornal #tribunales #injusticia #abuso #Chile #viral,https://www.instagram.com/padres_con_derechochile/reel/DPTjvxDkZgJ/
2025-10-01T08:48:37.000Z,253,34,NA,En memoria de Jorge Tocornal..quien defendió su inocencia hasta el final ante una falsa Denuncia de abuso de su ex ..Carolina Pesce Ortega. .  la cual  esta impune ..Jorge  estuvo casi 10 años preso ..hasta q su hijo  declaró que todo fue mentira y fue obligado por su madre y abuela para mentir.  comenta ..comparte y da link ...que no se olviden estás injusticias en chile .@rafa.venegas @sinfiltros_tv @elvitomartinez @alfonsoconcha @javierolivaresnews @nunez.nunezjulio @padresenaccionchile2024 @juanpablosaezactor @saez._yatusaez @diputadourruticoechea @diputadojorgeduran @camilaflores_o @joukaiser @joseantoniokast @fr_parisi #padresconderechochile #jorgetocornal l #falsasdenuncias #carolinapesce #justicia #javierrebolledo #injusticia #abuso #qepd #padresconderecho #nomasfalsasdenuncias #nomasdenunciasfalsas #feminismo #ideologiadegenero #victima #Chile #viral,https://www.instagram.com/padres_con_derechochile/reel/DPQqZt-jlu9/
2025-10-01T00:30:02.000Z,130,10,NA,Murió sin justicia: la verdad de Jorge Tocornal #puentesdeamor #nomashijoshuerfanosdepadresvivos #trending @padres_con_derechochile @fundacion_crianza_compartida @javierrebolledoesco,https://www.instagram.com/puentes.de.amor.a.c/reel/DPPxtmqDdTh/
2025-09-30T22:58:39.000Z,594,121,NA,Mujer acusa falsamente al padre de sus hijos ..caso Jorge  Tocornal  acusado de abuso por su ex .. Carolina María Pesce Ortega. .. es tiempo de legislar por la ley  que castigue las denuncias Falsas en Chile ..Basta de abuso y mujeres que utilicen a sus hijos para hacer daño y mandar a hombres a la carcel inocentemente. Comenta..comparte y da link... #padresconderechochile #tribunalesdefamilia #falsasdenuncias #jorgetocornal #javierrebolledo #padresconderecho #abuso #carolinapesce #mujerloca #feminismo #ley21675 #injusticia #chile #viral #qepd #tribunales #nomasdenunciasfalsas #alienacionparental,https://www.instagram.com/padres_con_derechochile/reel/DPPmt2lkbXI/
2025-09-30T10:54:21.000Z,27,3,NA,Madre comete el delito de parricidio.. hay muchas mujeres q cometen este delito contra los hijos.  y no existen estadísticas.. comenta ..comparte y da link ..#padresconderechochile #mujerloca #parricidio #chiguayante #feminismo #mujer #madreehijos #ministeriodelamujer #tribunalesdefamilia #chile #justicia #prensa #viral,https://www.instagram.com/padres_con_derechochile/reel/DPOURsikVhg/
2025-09-29T12:15:35.000Z,96,12,NA,"En memoria a Jorge Tocornal acusado falsamente de abuso sexual ..paso años en la cárcel. hasta demostrar su inocencia...hoy dejo este mundo ..se necesita en chile urgentemente una ley contra las Falsas Denuncias con castigo efectivo de cárcel para esas progenitora delincuentes que ocupan a sus hijos para mentir ..comenta ..comparte y da link #padresconderechochile #falsasdenuncias #jorgetocornal #nomasdenunciasfalsas  #tribunales 
#padresconderecho #padresenlucha #falsadenuncia #abuso #carcel #inocente #feminismo #tribunaldefamilia #padreehijo #chile #javierrebolledo #ley21675 #diputados",https://www.instagram.com/padres_con_derechochile/reel/DPL4wAMEXzl/
2025-09-28T00:33:27.000Z,49,7,NA,próximo lanzamiento libro Arturito y yo.  sobre viendo a las TORTURAS del tribunal de familia ..una realidad en chile.  comenta ..comparte y da link.  #padresconderechochile #tribunalesdefamilia #torturado #alienacionparental #arturito #tortura #tribunal #injusticia #falsadenuncia #padresconderecho #andreshernandez #libro #desvinculacionparental #cautelares,https://www.instagram.com/padres_con_derechochile/reel/DPIDwmmkbV5/
2025-09-25T21:39:10.000Z,97,19,NA,El Feminismo destruye a las propias mujeres..hogares.  niños ..y se enfoca en destruir la imagen del hombre ..comenta comparte y da link . #padresconderechochile #feminismo #vulneraciondederechos #tribunales #canal13 #viudanegra #mujer #ideologiadegenero,https://www.instagram.com/padres_con_derechochile/reel/DPCmIv2kWjt/
2025-09-25T10:40:03.000Z,45,8,NA,"El negocio de la pensión de alimentos y la desvinculación parental....es tiempo de parar este abuso únete a nuestro movimiento ..comparte ..comenta y da link ..#padresconderechochile #pensiondealimentos #desvinculacionparental #tribunalesdefamilia
#leypapitoscorazón #padresconderecho #nomashijosrehenes #padresenlucha #digamosbasta #tribunales #hombres #padreehijo #monedadecambio #viral #Chile",https://www.instagram.com/padres_con_derechochile/reel/DPBav1hET_-/
2025-09-24T10:53:27.000Z,248,38,NA,La desvinculación parental..es una estructura ya de estado ..te arrancarán a tus hijos ..es tiempo de decir BASTA ..no al lucro del dolor de la infancia . únete a nuestro movimiento..y digamos No más ...comparte ..comenta y da link ..#alienacionparental #tribunalesdefamilia #padresconderechochile #padresenlucha #ideologiadegenero #padresconderecho #nomasdenunciasfalsas #falsasdenuncias #viral #chile #tribunales #corrupcion #desvinculacionparental #feminismo #psicologas #abogados,https://www.instagram.com/padres_con_derechochile/reel/DO-3btekQpN/
2025-09-21T17:35:36.000Z,11,2,NA,Fiestas patrias de Chile..Brindo por las Juezas corruptas de Familia y por los casi 400.000 mil niños  desvinculados de su padre en el 2024 por la alienación parental.  y la perspectiva de genero .. comparte ..comenta y da link ..#padresconderechochile #juezas #alienacionparental  #fiestaspatrias  #payas #padresenlucha #padresconderecho #desvinculacionparental #juezasdefamilia #fondas #viral #aroaro #18 #Chile,https://www.instagram.com/padres_con_derechochile/reel/DO33D7HEU9x/
2025-09-20T15:54:17.000Z,60,14,NA,Una Falsa Denuncia destruye vidas ..está mujer está infectada con el virus de este cáncer de las denuncias falsa.  Amparada por el sistema judicial ..#padresconderechochile #tribunalesdefamilia #nomasdenunciasfalsas #padresconderecho #andreshernandez #mujer #falsasdenuncias #viral #mujertoxica #mujermiente #injusticia #chile #argentina,https://www.instagram.com/padres_con_derechochile/reel/DO1GvYpEb1B/
2025-09-19T16:35:32.000Z,23,4,NA,Felices Fiestas patrias les desea padres con derecho chile a todos los chilenos que luchamos por la verdad y la recuperación de nuestros hijos rehenes de lo tribunales de chile ..#padresconderechochile #18 #fiestaspatrias #tribunalesdefamilia  #Chile #padresconderecho #padresenlucha #paradamilitar #septiembre #nomashijosrehenes #fondas #padresehijos #derechosvulnerados #justicia #norendirse #patriciomanns #cautivodetiltil #manuelrodriguez #andreshernandez,https://www.instagram.com/padres_con_derechochile/reel/DOymjpkkTUF/
2025-09-17T11:07:18.000Z,127,2,NA,Así Nace una Falsa Denuncia .. mujer victimizandose ...comenta ..comparte y da link.  #padresconderechochile #falsasdenuncias #tribunalesdefamilia #mujer #victimización #mujerloca #mentira #nomasdenunciasfalsas #acusacion #padresconderecho #chile #viral #juicio #tribunales #agresion,https://www.instagram.com/padres_con_derechochile/reel/DOs3el9ET-6/
2025-09-16T17:47:47.000Z,41,0,NA,Madres narcisistas.  un cruel dolor para un hijo y su padre.  un daño irreparable .. no a la alienación parental ..no al odio al padre. .no al dolor de un hijo sin padre... comenta comparte y da link . sumate a la agrupación más potente en chile . y demos la lucha por nuestros hijos arrebatados. .. #tribunalesdefamilia #padresconderechochile #madresnarcisistas #alienacionparental #nomashijosrehenes #padresconderecho #padresenlucha #nomasdenunciasfalsas #falsasdenuncias #andreshernandez #chile #padreehijo #hijosrehenes #narcisita #madres #psicologas #injusticia,https://www.instagram.com/padres_con_derechochile/reel/DOrAbogEddZ/
2025-09-16T11:10:52.000Z,32,1,NA,Basta de abusos..Nomas Falsas Denuncias.. Nomás Hijos Rehenes ..únete somos Miles de padres vulnerados ..cerca de 400.000 niños desvinculados en el 2025 de sus padres .comenta..comparte y da link.  #padresconderechochile #falsasdenuncias #obstrucciónparental #alienacionparental #tribunalesdefamilia #nomasdenunciasfalsas #nomashijosrehenes #padresconderecho #andreshernandez #Chile #tribunales #jueces #viral #debatepresidencial,https://www.instagram.com/padres_con_derechochile/reel/DOqTF1EkeMb/
2025-09-15T22:34:54.000Z,48,13,NA,"Por quién votar ... Padres Con Derecho Chile.. Votara por el candidato que hablé de frente por los temas de Desvinculación parental .. falsas denuncias ...alienación parental. Pension de alimentos .. persecución  en tribunales de familia.. Tenemos el poder de cambiar chile ..somos Miles.  debate presidencial..comenta comparte y sumate al movimiento más potente en chile.  #padresconderechochile #debatepresidencial #falsasdenuncias #Chile #votaciones2025 #alienacionparental #tribunalesdefamilia #justicia #andreshernandez #nomasdenunciasfalsas #pensiondealimentos #denunciasfalsas #kast #kaiser #psc #parisi #presidenciables #elecciones2025
 #somosmiles #vif #desvinculacionparental",https://www.instagram.com/padres_con_derechochile/reel/DOo8VEakdai/
2025-09-15T10:57:10.000Z,43,5,NA,"Obstrucción Parental..el daño que puede hacer una Madre por odio a un  progenitor ..y sin  evaluar el daño emocional irreparable a sus propios hijos.  Una madre podrá vivir con eso?? 
estará enferma emocionalmente??
comenta..comparte ..y opina .. es tiempo de cambiar esto ..#tribunalesdefamilia #padresconderechochile #alienacionparental #obstrucciónparental #padreehija #padresconderecho #andreshernandez #nomasdenunciasfalsas #falsasdenuncias #hijosrehenes #madresdelodio #nomashijosrehenes #tribunales #corrupcion #dolor #tortura #resentimiento #chile #viral #niundiamas #digamosbasta #clubdelosdesvinculados",https://www.instagram.com/padres_con_derechochile/reel/DOnsl_LkeK2/
2025-09-14T21:31:54.000Z,106,9,NA,Defenderemos tus derechos en la calle ..e. el congreso ..en todas nuestras redes.  sin miedo a las vulneradoras de la infancia.  y la de nuestros derechos vulnerados ..no más denuncias falsas.  no más desvinculación parental... #falsasdenuncias #padresconderechochile #derechosvulnerados #andreshernandez #tribunalesdefamilia  #nomasdenunciasfalsas #nomasfalsaadenuncias #tribunales #injusticia #protesta #justicia #corrupcion #alienacionparental #chile #padresehijos #hijos #nomashijosrehenes #lamoneda #ley21675,https://www.instagram.com/padres_con_derechochile/reel/DOmQePGES1q/
2025-09-13T01:54:48.000Z,41,9,NA,En homenaje a un caído por Falsas denuncias Carlos Marabolin un 12 de Septiembre que quitó la vida.  ante  la impotencia de ser acusado falsamente y fue alejado de su hijo ..comenta ..comparte y da link.. #padresconderechochile #carlos #falsasdenuncias #justicia #desvivido  #padresconderecho #nomasdenunciasfalsas #chile #suicidio #injusticia #denunciasfalsas #tribunalesdefamilia #tribunales #arica #iquique,https://www.instagram.com/padres_con_derechochile/reel/DOhk9brkYgY/
2025-09-12T18:56:04.000Z,45,1,NA,Somos la agrupación más potente en chile ..hemos salido a la calle por tus derechos  vulnerados ..hemos estado con todas las autoridades ..no nos escondemos detrás de un WhatsApp... únete a nuestro movimiento ..hagamos justicia por los padres e hijos vulnerados por el estado y tribunales de familia...#padresconderechochile #andreshernandez #derechosvulnerados #falsasdenuncias  #padresehijos #padresconderecho #política #chile #viral #hijosrehenes #nomasdenunciasfalsas #crianzacompartida #padres #patermidad #hombres #tribunalesdefamilia #justicia #septiembre,https://www.instagram.com/padres_con_derechochile/reel/DOg1DXIETeK/
2025-09-12T08:38:08.000Z,209,53,NA,El NEGOCIO..detrás de la pensión de alimentos ... Diputado Duran ..es justo para la vida de un padre  que opinas?? te leemos..comparte y da link ..somos la agrupación Padres  Con Derecho Chile...#tribunalesdefamilia #padresconderechochile #pensiondealimentos #diputados #padresehijos #padresconderecho #andreshernandez #viral #tiktoker #chile #RDR #tribunales #diputadoduran #congreso #utm #padres #ley21675,https://www.instagram.com/padres_con_derechochile/reel/DOfub5Fjs5u/
2025-09-11T11:06:19.000Z,78,7,NA,No más Falsas Denuncias.  convocatoria de padres con derecho chile ..fuera del palacio la moneda en Santiago de chile 9  de septiembre.  es tiempo de cambiar la ley ..cerca de 400.000  mil  niños desvinculados  de sus padres por una Falsa Denuncia de una progenitora.  no estás solo únete al movimiento... #falsasdenuncias #padresconderechochile #9s #alienacionparental #tribunalesdefamilia #padresconderecho #andreshernandez #melipilla #santiago #chile #viral #nomasdenunciasfalsas #nomasfalsaadenuncias #paternidad #inocente #justicia #tribunales #alienacionparental #feminismo #madre #padresenlucha #cristancampos #crianzacompartida,https://www.instagram.com/padres_con_derechochile/reel/DOdZ3BJkdth/
2025-09-09T21:09:45.000Z,106,23,NA,Necesitamos Diputados con esta valentía de Tovar estos temas de Denuncias  Falsas que atormentan a Miles de chilenos. y dañan la infancia sin precedentes .. El diputado Roberto Arroyo digno representante de la región del Bio Bio. expuso en la. camara de diputados. . comenta ..comparte y da link ..#falsasdenuncias #padresconderechochile #diputadorobertoarroyo #psc #cámaradediputados #andreshernandez #padresconderecho #alienacionparental #padres #denunciasfalsas #nomasabusos #nomasfalsasdenuncias #nomashijosrehenes #socialcristianos #chile,https://www.instagram.com/padres_con_derechochile/reel/DOZWJJ7EVCf/
2025-09-09T18:08:30.000Z,235,24,NA,hoy no lo olvides ..es tiempo de parar estás torturas a padres ..no más denuncias falsas.. CARCEL efectiva para este delito ..sumate tu puedes hacer el cambio. día internacional contra las Falsas. Denuncias...#tribunalesdefamilia #padresconderechochile #falsasdenuncias #juanpablosaez  #justicia #padresconderecho #injusticia #9S #contralasdenunciasfalsas #denunciasfalsas #Chile #nomasdenunciasfalsas #nomashijosrehenes #andreshernandez #viral #protesta #lamoneda #tribunales #regionmetropolitana,https://www.instagram.com/padres_con_derechochile/reel/DOZBPHIEUZF/
2025-09-09T14:31:40.000Z,46,4,NA,Hoy empieza la revolución en. latinoamérica contra las Falsas Denuncias y la desvinculación Parental..Chile se hace presente ..padres con derecho chile  llevará esta bandera de lucha ...comparte y da link ..#falsasdenuncias #padresconderechochile #tribunalesdefamilia #justicia #resistencia #padresconderecho #ley21675 #andreshernandez #chile #viral #alienacionparental #luchamos #hijos #padres #9S #septiembre #fonda #tribunales #injusticia #nomasdenunciasfalsas #nomashijosrehenes,https://www.instagram.com/padres_con_derechochile/reel/DOYogKYjPFv/
2025-09-08T22:00:08.000Z,46,5,NA,cuando usan a tus hijos como moneda de cambio ....con Falsas denuncias.. te desvinculan eternamente  de tus hijos ..amparadas por tribunales de familia y organismos de mejor niñez.. es tiempo de decir BASTA .  sumate a este gran movimiento.  #alienacionparental #falsasdenuncias #padresconderechochile #padreehija #tribunalesdefamilia #padresconderecho #nomasfalsasdenuncias #andreshernandez #viral #chile #tribunales #nomashijosrehenes #monedadecambio #hijosrehenes #feminismo #hija #paternidad #mujermala #9s #septiembre,https://www.instagram.com/padres_con_derechochile/reel/DOW2_DlkX-p/
2025-09-08T11:02:11.000Z,98,19,NA,9 de septiembre día internacional contra las Falsas Denuncias.. es tiempo de recobrar nuestra dignidad.  doy la cara ante las Denuncias Falsas..únete a este movimiento ..pena de cárcel  efectiva a nuestras ex..comenta..comparte y da link #padresconderechochile #falsasdenuncias #septiembre #justicia #alienacionparental #padreehijo #padresconderecho #andreshernandez #tribunalesdefamilia #nomasdenunciasfalsas #nomashijosrehenes #viral #tiktoker #chile #injusticia #feminismo #hombre #ley21675 #leyfunahombres #leyfalsasdenuncias #9S,https://www.instagram.com/padres_con_derechochile/reel/DOVroxnEZla/
2025-09-07T15:51:38.000Z,150,7,NA,Madres que causan un daño irreparable a hijos ...por odio a un padre .  Desvinculación Parental.. amor de padre a hija . 9 de septiembre día contra las Falsas Denuncias.  sumate ..y da link . #septiembre #padresconderechochile #falsasdenuncias #padreehija #protesta #chile #padresconderecho #andreshernandez #nomasfalsasdenuncias #denunciasfalsas #chile #viral #9S #lamoneda #paternidad #injusticia #tribunaldefamilia,https://www.instagram.com/padres_con_derechochile/reel/DOTnsFOEdip/
2025-09-06T18:26:19.000Z,70,5,NA,"La unión hace la fuerza 💪🏻💪🏻!!! 9 de septiembre día internacional contra las denuncias falsas 
#profesorinocente #viralporjusticia #difundelaverdad #nomásinjusticias #denunciafalsa #apoyoalprofesor #padresconderechos #falsasdenuncias",https://www.instagram.com/victorbm23/reel/DORTnydkTWY/
2025-09-06T14:46:06.000Z,59,9,NA,Torturado por denuncias falsas .. Castigo ante este delito ..amparado por tribunales...únete a nuestro movimiento contra las falsas denuncias..9 de septiembre  20:00 frente al palacio la moneda .. chile dice No a las Falsas Denuncias..comenta..comparte y da link....@alfonsoconcha @melipillacomunica @juanpablosaezactor @juanirarrazavaldiputado @padresenaccionchile2024 @sinfiltros_tv @diputadourruticoechea @joseantoniokast @barchiesi.diputada @diputadorobertoarroyo @nicolaslarrainoficial @carolosada @agustinlaje #padresconderechochile #falsasdenuncias #justicia #septiembre #tortura #padresconderecho #tribunalesdefamilia #andreshernandez #nomashijosrehenes #sinfiltrostv #denunciaafalsas #tribunal #psicologo #adrachile #diputados #viral #chike #abuso #alienacionparental #padreehijo #falsadenuncia #injusticia #carcel #torturado #indh #derechoshumanos tiktok,https://www.instagram.com/padres_con_derechochile/reel/DOQ6vdKkWDN/
2025-09-06T00:01:08.000Z,101,21,NA,Camara de diputados de chile ..Hablando de las falsas denuncias y del.lucro de la infancia los PRM del servicio de mejor niñez.  unas hienas del dolor.  9 de septiembre día internacional contra las falsas de un ias únete a este movimiento...es tiempo de alzar la voz junto a padres Con Derecho Chile..comenta comparte y da link.. #tribunalesdefamilia #falsasdenuncias #padresconderechochile  #septiembre  #prm #cámaradediputados #padresconderecho #andreshernandez #urruticoechea #denunciasfalsas #chile #viral #adrachile #falsadenuncia #viral #psicologas #trabajadorasocial #mejorniñez #tribunal #alienacaoparental,https://www.instagram.com/padres_con_derechochile/reel/DOPWCnjkbm-/
2025-09-05T12:05:26.000Z,55,5,NA,Falsa Denuncia ..como destruye la vida de un Hombre .. este 9 de septiembre día internacional contra las Denuncias Falsas..sumate . y hagamos historia...comenta..comparte y da link. somos padres con derecho chile..@juanirarrazavaldiputado @barchiesi.diputada @diputadorobertoarroyo @fnuevamente @sinfiltros_tv @joseantoniokast @joukaiser .#padresconderechochile #justicia #falsasdenuncias #septiembre #tribunalesdefamilia #injusticia #feminismo #ley21675 #chile #sinfiltrotv #nomasdenunciasfalsas #9s #andreshernandez #melipilla #padresconderecho #nomashijosrehenes #carcel #diputados #alienacionparental #padreehijo #masculinidad #protesta,https://www.instagram.com/padres_con_derechochile/reel/DOOEMuJkZbg/
2025-09-04T14:12:54.000Z,79,11,NA,fui y sigo siendo torturado en tribunales por denuncias falsas.. como Miles de padres a lo largo de Chile y del mundo ...algunos presos ..otros con tobillera ..otros alejados años sin ver a sus hijos .  si soy una víctima es tiempo de levantar nuestra voz y dignidad .  digamos si doy la cara ..ante una  Falsa Denuncia ..9 de septiembre día internacional contra las denuncias falsas.. comparte ..comenta y da link .@javierrebolledoesco @javierolivaresnews @melipillacomunica @franciscocancinov @diputadourruticoechea @juanpablosaezactor @sinfiltros_tv @radiodelmaipofm_ @diputadorobertoarroyo @nina_mahsati @joukaiser @joseantoniokast @yoga_atmanjali @nunez.nunezjulio @alfonsoconcha @rafa.venegas @nicolaslarrainoficial @prensachilena .#falsasdenuncias #padresconderechochile #tribunalesdechile #nomasfalsasdenuncias #septiembre #padresconderecho #andreshernandez #nomasdenunciasfalsas #denuncia #fiestaspatrias #libertarios #padreehijo #tiempodedecirbasta #doylacara #chile #toleranciacero #ley21675 #leyfunahombres #masculinidad #paternidad #torturado #chile #melipilla #viral #tiktoker,https://www.instagram.com/padres_con_derechochile/reel/DOLO5i9DhY0/
2025-09-03T21:15:23.000Z,153,21,NA,Sin miedo a denunciar ..a curadoras Ad Litem . Katherine Meneses ... .obstructoras del régimen comunicacional con un padre . no tengas miedo denuncia . es tiempo de hacer justicia...tribunales de familia  amparan la corrupción ante una denuncia falsa . ..comenta ..comparte y da link ..#padresconderechochile #copiapo #tribunales #falsasdenuncias #tribunalesdefamilia  #sinfiltro #nomasdenunciasfalsas #padresconderecho #crianzacompartida #curadoraadlitem #katherinemeneses #abogada #feminismo #obstrucciónparental #alienacionparental #regimendevisitas #padreehijo #padre #denuncia #9s,https://www.instagram.com/padres_con_derechochile/reel/DOJ5sJREVtc/
2025-09-02T23:08:22.000Z,14,0,NA,dia internacional  contra las denuncias falsas.. Martes 9 de septiembre  a las 20:00 Hrs.  frente al palacio la moneda.  teatinos con la alameda.  stgo de chile ..metro moneda asiste en familia  comparte y da link #paternidad #falsasdenuncias #padresconderechochile #tribunalesdechile #protesta #fiestaspatrias #padresconderecho #9s #chile #viral,https://www.instagram.com/padres_con_derechochile/reel/DOHiMDIDFfx/
2025-09-02T11:29:23.000Z,166,60,NA,ADN obligatorio ..debería de ser ley al nacer .  es justo pagar pensión por un niño que no es tu hijo ...si una mujer dice que es tu hijo hay que pensar que todas dicen la verdad ??? mira lo que opino Juan David  Rodríguez e. Priimer Plano.. comenta ..comparte y da link ..#padresconderechochile #adn #primerplano #juandavid #paternidad #tribunalesdefamilia #sml #padresconderecho #mujerinfiel #infidelidad #adnobligatorio #padreehijo #linaje #chv #chile #verdades #mujer #RDR #justicia #falsasdenuncias #tiktoker #viral #masculinidad #derechos #prensa #pensiondealimentos,https://www.instagram.com/padres_con_derechochile/reel/DOGR3YXEZkF/
2025-09-01T23:03:00.000Z,47,4,NA,Gran velaton por la justicia..día internacional contra las denuncias falsas.  asiste este 9 de septiembre frente a la moneda en familia ..lleva tu cartel comparte y da link .#protesta #padresconderechochile #contralasdenunciasfalsas #falsasdenuncias #justicia  #padredesvinculado #padresconderecho #ley21675 #chile #viral #infancia #carcel #feminismo #unavelitaentuausencia,https://www.instagram.com/padres_con_derechochile/reel/DOE8ogqEQU_/
2025-09-01T14:03:36.000Z,138,15,NA,Actor Cristian Campos ..hace sus descargos ante las Denuncia Falsa que fue víctima y se refiere a dichos de Natalia Valdebenito ..las falsas denuncias destruyen Vidas.  se necesita legislar .. comenta..comparte y da link.  #falsasdenuncias #padresconderechochile #cristiancampos #nataliavaldebenito  #ph #tribunalesdechile #padresconderecho #actor #denunciasfalsas #chile #viral #tiktoker #nomashijosrehenes #ley21675 #feminista,https://www.instagram.com/padres_con_derechochile/reel/DOD-9Xukf3V/
2025-08-29T12:13:30.000Z,64,7,NA,la desvinculación parental destruye infancias.  no permitamos este cáncer que carcome a niños  secuestrados por tribunales de familia... únete a este movimiento.. comenta comparte y da link .  #alienacionparental #padresconderechochile #tribunalesdefamilia #9septiembre #falsasdenuncias #9s #chile #viral #padresconderecho #andreshernandez #padreenlucha #protesta #desvinculacionparental #rdr #nomashijosrehenes #nomasdenunciasfalsas #chile,https://www.instagram.com/padres_con_derechochile/reel/DN8D6QiEXqe/
2025-08-27T10:37:40.000Z,471,41,NA,Reencuentro después de ser alejado de su hijo ..casi 5 años por una denuncia falsa.  NO a la desvinculacion parental...Únete a nuestro movimiento tu puedes ser el siguiente .. aún ahí Esperanza ... Agrupación  PADRES CON DERECHO CHILE ..comenta .. comparte y da link. @padresdesvinculados_chile @ccradovic @alfonsoconcha @elvitomartinez @rafa.venegas @juanpablosaezactor @fundacion_crianza_compartida @sinfiltros_tv @juanirarrazavaldiputado @diputadorobertoarroyo @ni1diamas_ @nina_mahsati @fnuevamente #padresconderechochile #reencuentro #tribunalesdefamilia #alienacionparental #padreehijo #padresconderecho #viral #tribunales #prm #divorcio #hijos #nomashijosrehenes #falsasdenuncias #nomasfalsasdenuncias #tiktok #andreshernandez #aunahiesperanza #esperanza #chile,https://www.instagram.com/padres_con_derechochile/reel/DN2u5ml4gGB/
2025-08-25T20:20:45.000Z,24,4,NA,Exponiendo ante al partido Republicano  cuál sería su posicion ante un eventual  elección de candidatos y futuro gobierno sobre las vulneraciones de la infancia.  y desvinculación parental ... junto al diputado Irarrázabal  candidatos a diputados  y concejal José Miguel Bolados ..hotel los troncos melipilla.  comenta ..comparte y da link ..como agrupación seremos tú voz ..únete al este gran movimiento.  #tribunalesdefamilia #padresconderechochile #republicanosdechile  #falsasdenuncias  #viral #padresconderecho #diputados #melipilla #infancia #vulneraciondederechos #rdr #kast #juanirarrazabaldiputado #bolados #melipilla #adramelipilla #adrachile #tribunales #ideologiadegenero #crianzacompartida #denunciasfalsas #ley21675,https://www.instagram.com/padres_con_derechochile/reel/DNyn1Mn4jSV/
2025-08-25T10:02:32.000Z,108,17,NA,Abandono del estado a la infancia y promueve las denuncias falsas con la ley 21.675.  no más  condenas por denuncias falsas.  comenta da link  y síguenos  somos el movimiento  más potente en chile.  @adnchile @juanpablosaezactor @joukaiser @juanirarrazavaldiputado @diputadorobertoarroyo @javierrebolledoesco @javierolivaresnews @ccradovic ... #padresconderechochile #falsasdenuncias #boric #infancia #tribunalesdefamilia #denunciasfalsas #alienacionparental #secuestro #hijosrehenes #padreehijo #ley21675 #nomashijosrehenes #nomasdenunciasfalsas #viral #boric #chike #vulneración #ideologiadegenero #feminazis #tiktoker,https://www.instagram.com/padres_con_derechochile/reel/DNxhao5YiNv/
2025-08-24T01:04:54.000Z,114,17,NA,consecuencias de una denuncia falsa el daño ocasionado ...quien se hace responsable ??? tenemos el caso del actor Cristian Campos ..absuelto.  comenta y da link tu opinión es importante .#padresconderechochile #cristiancampos #falsadenuncia #denunciasfalsas #tribunales  #pad,https://www.instagram.com/padres_con_derechochile/reel/DNt_YLq4hIr/
2025-08-22T17:06:14.000Z,141,10,NA,Ley injusta ante la desvinculacion parental..de únicas falsas.  y régimen comunicacional.  Tribunales de familia secuestran a nuestros hijos . únete al movimiento más potente en chile ..es necesario decir basta ..comparte y hazte socio ... #padresconderechochile #tribunalesdefamilia #alienacionparental #injusticia #padreehijo #padresconderecho #crianzacompartida #denunciasfalsas #falsasdenuncias #nomashijosrehenes #corrupcion #viral #tiktoker #losniñosnosetocan #andreshernandez #melipilla #nomasdenunciasfalsas #chile #diputados,https://www.instagram.com/padres_con_derechochile/reel/DNqjzZGx3c8/
2025-08-20T12:43:25.000Z,82,11,NA,Padres Con Derecho Chile junto al Diputado Roberto Arroyo..luchando contra la vulneración de la infancia en chile ..seguiremos luchando en el congreso nacional por la defensa de la infancia en chile.  comenta .comparte y da link.@defensoria_ninez @sinfiltros_tv @diputadorobertoarroyo .#padresconderechochile #robertoarroyo #padresehijos #tribunalesdefamilia #infancia #nomashijosrehenes #padresconderecho #nomasdenunciasfalsas #falsasdenuncias #padres #losniñosnosetocan #infanciasvulneradas #kast #viral #niños #derechosdelniño #padresenlucha #tribunales #adrachile #mejorniñez #sename #defensoriadelaniñez,https://www.instagram.com/padres_con_derechochile/reel/DNk7znGRnKj/
2025-08-18T11:57:44.000Z,167,11,NA,Fraude de paternidad  en Chile ..cambiemos la ley ADN obligatorio al nacer. comenta comparte y da link .. #paternidad  #adn #infidelidad #padresconderechochile #tribunalesdefamilia #engaño #mujermiente #padresconderecho #fraudedeoaternidad #tribunsl #niñossinpadres #mujer #chile #filiación #embarazo #gestacion #babyshower #hijos #reciennacido,https://www.instagram.com/padres_con_derechochile/reel/DNftSCtRzM1/
2025-08-17T23:44:39.000Z,86,11,NA,Falso testimonio de una Mujer Carmen Gloria lucero en juicio penal  de Karin Rojo /Andrés Hernández .  Declaraciones falsas de este tipo llevan a hombres a la carcel y a condenas .. las mujeres mienten y se han acostumbrado a ello ..no más Denuncias Falsas.. comenta ..comparte y da link digamos Basta.  #denunciasfalsas #padresconderechochile #juicio #tribunalesdechile #andreshernandez #falsasdenuncias #chile #tribunal #melipilla #adrachile #padresconderecho #nomashijosrehenes #denuncia #mentiras #mujer #feminismo #diputados #chile #tribunalesdemelipilla #prevaricación #perjurio #viral #tiktoker #reel,https://www.instagram.com/padres_con_derechochile/reel/DNeYm_WRevw/
2025-08-17T13:45:59.000Z,64,4,NA,convocatoria 9 de septiembre día internacional contra las denuncias falsas..epicentro chile . convocatoria Agrupación PADRES CON DERECHO CHILE.. comparte y da link ...#denunciasfalsas #9septiembre #padresconderechochile #nomasdenunciasfalsas  #hombres #padresconderecho #crianzacompartida #falsadenuncia #nomashijosrehenes #hombresinocentes #masculinidad #hombreyotecreo #tribunales #perspectivadegenero #ideologiadegenero #feminismo #ministeriodelhombre,https://www.instagram.com/padres_con_derechochile/reel/DNdU1QPR-FV/
2025-08-16T16:03:46.000Z,89,12,NA,Consecuencias de una Falsa Denuncia.. Mujeres que mienten en Tribunales de Familia y Tribunales Penales .. Necesitan que se les condene con el mismo daño ejercido.  comenta y da link sumate como miembro a padres con derecho chile.. #padresconderechochile #falsasdenuncias #tribunalesdefamilia #andreshernandez  #padresconderecho  #feminismo #mentira #chile #tribunales #prevaricacion #perjurio #mujer #padreehijo #nomashijosrehenes #juezas #corrupcion #reels #viral,https://www.instagram.com/padres_con_derechochile/reel/DNa_4y6RQcu/
2025-08-15T18:01:46.000Z,108,23,NA,Hablando sin filtro es tiempo que los padres despierten...estan quedando sin hijos ..los hijos son rehenes del poder judicial y por tribunales de familia... comenta comparte y da link ..sumate a esta cruzada  eres importante..#TikTokLIVE #livehighlights #padresconderechochile #andreshernandez #tribunalesdefamilia  #padreehijo #castrados #desvinculacionparental #alienacionparental #padresconderecho #serviciomejorniñez #consejerastecnicas #juezas #ex #feminismo #mujermiente #hijo #hombre #protesta #agrupación #chile #estiempodedecirbasta #falsadenuncia #denunciafalsa #sinfiltrostv,https://www.instagram.com/padres_con_derechochile/reel/DNYojj4NOFs/
2025-08-15T01:24:40.000Z,36,5,NA,Historia de un hijo Alienado ..cómo una madre destruye la vida de un hijo por odio ..testimonio en radio corazon. programa del Rumpy.  comenta y da link.  paremos este abuso a la infancia . #padresconderechochile #alienacionparental #tribunalesdefamilia #denunciasfalsas  #rumpy #viral #radiocorazón #mentira #madreehijo #feminismo #divircio #tribunales #condena #padreenlucha #argentino #chile #prevaricacion #perjurio #sinfiltrostv #kaiser #nomasdenunciasfalsas #nomashijosrehenes #andreshernandez #arturito,https://www.instagram.com/padres_con_derechochile/reel/DNW2ZxpxPAk/
2025-08-14T17:37:51.000Z,28,3,NA,Live jueves 22:00 Hrs.  padres Con Derecho Chile por la plataforma de tiktok .Tema denuncias falsas y desvinculacion parental  comparte y da link #LIVE #denunciasfalsas #desvinculacionparental #andreshernandez #padresconderechochile #padresconderecho #nomasdenunciasfalsas #tribunalesdefamilia #tribunalcorrupto #livetiktok #envivo #abogado #chile,https://www.instagram.com/padres_con_derechochile/reel/DNWAstjx8fd/
2025-08-14T10:52:11.000Z,101,11,NA,Fui llenado a juicio por una denuncia falsa de maltrato habitual ..querían condenarme  a presidio ..mi ex y una abogada del ministerio de la mujer ... así son Miles de hombres que pasan por esto.  únete a este movimiento...comenta y da link.  y hagamos viral  está historia... .#padresconderechochile  #falsadenuncia #tribunalesdefamilia #juicio #inocente  #padresconderecho #andreshernandez #nomasdenunciasfalsas #ministeriodelamujer #mentira #corrupcion #maltratohabitual #leyfunahombres #melipilla #chile #viral #tiktok #absuelto #fiscalia #abogado #juicio #arturito #feminismo #prevaricación #alienacionparental #sinfiltrostv,https://www.instagram.com/padres_con_derechochile/reel/DNVSD9sR-lW/
2025-08-13T19:55:20.000Z,170,65,NA,Consecuencias de borrar a un padre de la vida de un hijo ...madres NO sigan destruyendo infancias.  Es tiempo de rescatar a nuestros hijos....comparte da link y únete a tes movimiento de padres con derecho chile..#padredesvinculado #padresconderecho #padresconderechochile #padresenlucha #madreehijos #tribunalesdefamilia #nomashijosrehenes #alienacionparental #crianza #crianzarespetuosa #madres #feminismo #chile #mejorniñez,https://www.instagram.com/padres_con_derechochile/reel/DNTr2grxtDW/
2025-08-12T22:37:15.000Z,77,10,NA,En el congreso nacional  Valparaíso luchando por nuestros derechos de padres y los derechos vulnerados de nuestros hijos. ...... comparte y da link..únete a este movimiento  y hagamos justicia. ...#padresconderecho #padresconderechochile #congreso #tribunalesdefamilia #padreehijo  #familia #nomasdenunciasfalsas #crianzacompartida #chile #valparaiso #andreshernandez #valparaiso #diputados #feminismo #derechosdelpadre #arroyo #robertoarroyo #psc #desvinculacionparental #tribunal #leyfunahombres,https://www.instagram.com/padres_con_derechochile/reel/DNRZkghRyOb/
2025-08-12T12:36:39.000Z,147,37,NA,Mujer de dos hijos siendo infiel ..estás mujeres protege el tribunal de familia. ..... comparte y da link....#padresconderecho #padresconderechochile  #perspectivadegenero  #alienacionparental #desvinculacionparental #padreehijo #padreehija #nomasdenunciasfalsas  #falsasdenuncias #tribunalesdefamilia #tribunales  #derechosdelosniños #nomashijosrehenes  #chile #santiago  #conversatorio #prensa #denuncia #hombres #vif  #viral #tiktok #feminismo #infiel #mujer #lascondes,https://www.instagram.com/padres_con_derechochile/reel/DNQVD5HRypv/
2025-08-11T11:19:07.000Z,236,14,NA,Papá no te Rindas tu hijo o hija aún espera por ti ...... comparte y da link..únete a este movimiento  y hagamos justicia ...#padresconderecho #padresconderechochile #noterindas #corrupción #melipilla #adnradio #radioadn  #perspectivadegenero #alienacionparental #desvinculacionparental #padreehijo #padreehija #nomasdenunciasfalsas #falsasdenuncias #tribunalesdefamilia #tribunales  #derechosdelosniños #nomashijosrehenes #andreshernandez #chile #conversatorio #prensa #denuncia #hombres #vif #viral #tiktok #feminismo #prevaricación,https://www.instagram.com/padres_con_derechochile/reel/DNNnZLnRJkz/
2025-08-10T19:51:17.000Z,30,4,NA,Feliz día del Niño....aunque sea muy triste para muchos padres. .. comparte y da link..únete a este movimiento  y hagamos justicia ...#padresconderecho #padresconderechochile #corrupción #melipilla #felizdiadelniñ  #niños  #perspectivadegenero #alienacionparental #desvinculacionparental #padreehijo #padreehija #nomasdenunciasfalsas #tribunalesdefamilia #tribunales #derechosdelosniños #nomashijosrehenes #andreshernandez #chile #arturito  #prensa #denuncia  #vif #kast #kaiser #viralreels #tiktok #feminismo #diadelniño #diadelaniñez,https://www.instagram.com/padres_con_derechochile/reel/DNL9AEkRl9t/
2025-08-10T14:29:46.000Z,14,4,NA,Temporera Boliviana.  trabajando en chile  se quedó sin hijas fueron secuestradas por una trabajadora social de organismos  de  Mejor Niñez. ..comenta..comparte y da link #derechosdelosniños #padresconderecho #padresconderechochile #diadelniño #niñossinpadres #chile #bolivia #viral #nomashijosrehenes #opd #mejorniñez #madre #madreehija #temporerosbolivianos #sindicato #fnatt #alejandrosantamaria #tribunalesdefamilia #trabajadorasocial #ts #feminismo #familia,https://www.instagram.com/padres_con_derechochile/reel/DNLX3z0Ryq3/
2025-08-10T02:27:20.000Z,52,1,NA,Muchos temporeros extranjeros en chile les estan quitando a sus hijos organismos de mejor niñez .. es tiempo de alzar la  voz ..comparte y da link .. #padresconderecho #padresconderechochile #temporerosbolivianos #temporerosenchile🇨🇱🇧🇴 #alejandrosantamaria #federaciondetemporeros #fnatt #bolivia #secuestroinfantil #mejorniñez #tribunales #tribunalesdefamilia #corrupcion #argentina #peru #sindicato #nomashijosrehenes #viralvideo #tiktok #chile #andreshernandez #protesta #kaiser #kast #sinfiltrostv #niñossinpadres #diadelniño #derechosdelosniños,https://www.instagram.com/padres_con_derechochile/reel/DNKFS3-xdTJ/
2025-08-09T20:24:55.000Z,29,2,NA,Entrevista en Radio ADN / PARTE 6 y final  desnudando la corrupción en tribunales de Familia. y el secuestro infantil ...... comparte y da link..únete a este movimiento  y hagamos justicia ...#padresconderecho #padresconderechochile #corrupción #melipilla #adnradio #alvarolara #radioadn #perspectivadegenero  #alienacionparental  #padreehijo #padreehija #nomasdenunciasfalsas  #falsasdenuncias #tribunalesdefamilia #tribunales  #derechosdelosniños #nomashijosrehenes #andreshernandez #chile #santiago #arturito  #prensa #denuncia #hombres #vif #kast #kaiser #viral #tiktok #feminismo,https://www.instagram.com/padres_con_derechochile/reel/DNJOjIzxwuj/
2025-08-08T10:52:01.000Z,215,54,NA,El desgarrador testimonio del dr. Ignacio Ponce de león ante la desvinculacion parental y lo que a sufrido en tribunales de familia...comparte y da link...únete a padres con derecho chile y demos la batalla juntos ..#padresconderecho #padresconderechochile #desvinculacionparental #chile #drponcedeleon #tribunalesdechile #tribunalesdefamilia #feminismo #nomashijosrehenes #nomasdenunciasfalsas #corrupción #viral #tiktok #alienacionparental #ppadreehija #hombres #loquecallamosloshombres,https://www.instagram.com/padres_con_derechochile/reel/DNFzj5nx34H/
2025-08-08T01:04:42.000Z,95,13,NA,Mujeres Vissstimas ..siempre en tribunales de Familia. .... comparte y da link.. #padresconderecho #padresconderechochile #vistima #corrupción #melipilla #sangines #karin #perspectivadegenero #feminismo #alienacionparental #desvinculacionparental #padreehijo #padreehija #nomasdenunciasfalsas #falsasdenuncias #tribunalesdefamilia #tribunales #comisionfamilia #derechosdelosniños #nomashijosrehenes #andreshernandez #chile #santiago #bellavista #arturito #conversatorio #prensa #denuncia #hombres  #vif,https://www.instagram.com/padres_con_derechochile/reel/DNEywLeRmmp/
2025-08-07T15:17:20.000Z,39,1,NA,Junto a Gianfranco Marcone meteorologo y figura de canal 13 dándonos un gran saludo a Padres Con Derecho Chile.  en esta gran lucha de recuperar a nuestros hijos. .... comparte y da link.. #gianfrancomarcone  #padresconderecho #padresconderechochile #melipilla #perspectivadegenero  #alienacionparental #desvinculacionparental #padreehijo #padreehija #nomasdenunciasfalsas #falsasdenuncias #tribunalesdefamilia #tribunalesdechile #derechosdelosniños #nomashijosrehenes #andreshernandez #chile #santiago #bellavista #arturito #magovaldivia #conversatorio #prensa #denuncia #hombres #vif #canal13,https://www.instagram.com/padres_con_derechochile/reel/DNDvS0nx4Ny/
2025-08-10T04:38:25.000Z,45,4,NA,NA,https://www.instagram.com/padres_con_derechochile/reel/DNBfkr5RGzE/
2025-08-08T18:58:22.000Z,164,23,NA,NA,https://www.instagram.com/padres_con_derechochile/reel/DNAvmHCxA1k/
2025-08-06T02:26:48.000Z,54,6,NA,NA,https://www.instagram.com/padres_con_derechochile/reel/DM_Jl7KRLB4/
2025-08-05T20:42:50.000Z,83,8,NA,NA,https://www.instagram.com/padres_con_derechochile/reel/DM-Vby-RWvc/
2025-08-05T00:10:43.000Z,75,13,NA,NA,https://www.instagram.com/padres_con_derechochile/reel/DM58zBeROfZ/
2025-08-04T02:41:56.000Z,95,10,NA,NA,https://www.instagram.com/padres_con_derechochile/reel/DM5Tz_LxBXA/
2025-08-03T12:38:18.000Z,72,10,NA,NA,https://www.instagram.com/padres_con_derechochile/reel/DM1ANSlRe2s/
2025-07-31T14:18:29.000Z,210,78,NA,La obstrucción de una madre en la RDR  de un padre con sus hijos  siempre tendrá una escusa ..es tiempo que los padres digamos Basta . y estás madres se den cuenta del daño irreparable que están causando . #padresconderecho #padresconderechochile #andreshernandez #prensa #conversatorio #santiago #concepcion #derechosdelosniños #nomashijosrehenes #tribunalesdefamilia #falsasdenuncias #obstrucciónparental #alienacaoparental #digamosbasta #revolucionciudadana #chile #sinfiltro #malamadre #todasmienten  #alienacionparental #rdr,https://www.instagram.com/padres_con_derechochile/reel/DMxnI6UR9tE/
2025-08-10T04:43:28.000Z,11,2,NA,NA,https://www.instagram.com/padres_con_derechochile/reel/DMsUOTMxxw9/
2025-07-28T13:52:18.000Z,54,6,NA,Exclusiva entrevista a EX PDI .. delitos sexuales.  denuncias falsas. ... comparte y da link..#pdi #delitossexuales #padresconderecho #padresconderechochile #sangines #perspectivadegenero #alienacionparental #desvinculacionparental #padreehijo #padreehija #nomasdenunciasfalsas  #falsademocracia #falsasdenuncias #tribunalesdefamilia #tribunalesdechile #comisionfamilia #derechosdelosniños #nomashijosrehenes #andreshernandez #chile #santiago #bellavista #arturito #magovaldivia #conversatorio #prensa #kaminski,https://www.instagram.com/padres_con_derechochile/reel/DMp1v4CROXs/
2025-07-27T15:07:12.000Z,16,3,NA,Primer conversatorio Nacional con un foro de desvinculacion Parental .teatro San Gines .  Es tiempo de decir basta ante las denuncias Falsas.  únete a este movimiento  el más potente en chile .. comparte y da link.. #padresconderecho #padresconderechochile #sangines #teatrosangines #centroculturalsanginés #alienacionparental #desvinculacionparental l #padreehijo #padreehija #nomasdenunciasfalsas #falsademocracia #falsasdenuncias #tribunalesdefamilia #tribunalesdechile #comisionfamilia #derechosdelosniños #nomashijosrehenes #andreshernandez #chile #santiago #bellavista #arturito #magovaldivia #conversatorio #prensa #movimientociudadano #movimientosocial #desvinculacionparental #kamiski,https://www.instagram.com/padres_con_derechochile/reel/DMnZmIdxil4/
2025-07-27T01:35:22.000Z,22,1,NA,"Esto es una revolución mundial apoyando a nuestros compañeros mexicanos ...
comparte y da link ..#conversatorio #revoluciónciudadana #revolució #diainternacionalcontralasdenunciasfalsas #denunciasfalsas #mexico #nomashijosrehenes #chile #movimientossociales",https://www.instagram.com/padres_con_derechochile/reel/DMl8uVURvqh/
2025-07-26T18:14:03.000Z,25,0,NA,Entrevista Exclusiva Caso Lucio Dupuy  una víctima de la perspectiva de genero..... comparte y da link... @adnchile @sinfiltros_tv @alfonsoconcha @lucio.abel.dupuy34 .#luciodupuy  #padresconderecho #padresconderechochile #sangines #perspectivadegenero #lesbiana  #argentina  #alienacionparental #desvinculacionparental #padreehijo #padreehija #nomasdenunciasfalsas  #falsademocracia #falsasdenuncias #tribunalesdefamilia #tribunales #comisionfamilia #derechosdelosniños #nomashijosrehenes #andreshernandez #chile #santiago #bellavista #arturito #magovaldivia #conversatorio #prensa,https://www.instagram.com/padres_con_derechochile/reel/DMlI-ISRgl_/
2025-07-24T21:55:36.000Z,38,5,NA,primer conversatorio y foro  Nacional en Chile .Falsas denuncias y desvinculacion Parental.. Teatro San Gines  Bellavista Providencia.. Es tiempo de decir basta ante las denuncias Falsas.  únete a este movimiento  el más potente en chile .. comparte y da link.. @alfonsoconcha @javierrebolledoesco @javierolivaresnews @cristcamposs @elvitomartinez @bastiangonzalezc @sinfiltros_tv #padresconderecho #padresconderechochile #sangines #teatrosangines #centroculturalsanginés #alienacionparental #desvinculacionparental #padreehijo #padreehija #nomasdenunciasfalsas #falsademocracia #falsasdenuncias #tribunalesdefamilia #tribunalesdechile #comisionfamilia #derechosdelosniños #nomashijosrehenes #andreshernandez #chile #santiago #bellavista #arturito #magovaldivia #conversatorio  #prensa,https://www.instagram.com/padres_con_derechochile/reel/DMgZmUkx_ck/
2025-07-24T09:23:46.000Z,59,13,NA,primer conversatorio Nacional en Chile ... 22 de julio  2025..Teatro San Gines  Bellavista .  Es tiempo de decir basta ante las denuncias Falsas.  únete a este movimiento  el más potente en chile .. comparte y da link..@elvitomartinez @rafa.venegas @radiodelmaipofm_ @biobiochile @alfonsoconcha @familia_emporio @infomelipilla @sukino2015 @melipillacomunica @javierrebolledoesco #padresconderecho #padresconderechochile #sangines #teatrosangines #centroculturalsanginés #juanpablosaez #conversatorio #alienacionparental #desvinculacionparental #padreehijo #padreehija #nomasdenunciasfalsas #falsademocracia #falsasdenuncias #tribunalesdefamilia #tribunalesdechile #comisionfamilia  #derechosdelosniños #nomashijosrehenes #andreshernandez #chile #santiago #bellavista #arturito #magovaldivia #conversatorio #prensa,https://www.instagram.com/padres_con_derechochile/reel/DMfDckHu73O/
2025-07-21T22:18:11.000Z,27,1,NA,primer conversatorio Nacional en Chile ... juntaremos firmas de apoyo  grabaremos tu testimonio y realizaremos un documental . ve. asiste este martes 22 de julio  a las 19:00 hrs. teatro San Gines . Mallinkrodt 76 Bellavista Providencia.. Es tiempo de decir basta ante las denuncias Falsas.  únete a este movimiento  el más potente en chile .. comparte y da link.. #padresconderecho #padresconderechochile #sangines #teatrosangines #centroculturalsanginés #alienacionparental #desvinculacionparental #padreehijo #padreehija #nomasdenunciasfalsas  #falsademocracia #falsasdenuncias #tribunalesdefamilia #tribunales #comisionfamilia #derechosdelosniños #nomashijosrehenes #andreshernandez #chile #santiago #bellavista #arturito #magovaldivia #conversatorio #prensa,https://www.instagram.com/padres_con_derechochile/reel/DMYuOzwR7Bb/
2025-07-21T11:08:56.000Z,60,2,NA,Pto Montt Grito la inocencia de un Hombre . ahora nos toca en Santiago...primer conversatorio Nacional en Chile ... juntaremos firmas de apoyo  grabaremos tu testimonio y realizaremos un documental . ve. asiste este martes 22 de julio  a las 19:00 hrs. teatro San Gines . Mallinkrodt 76.  Bellavista Providencia.. Es tiempo de decir basta ante las denuncias Falsas.  únete a este movimiento  el más potente en chile .. comparte y da link.. #padresconderecho #padresconderechochile #sangines #teatrosangines #centroculturalsanginés #alienacionparental #desvinculacionparental #padreehijo #padreehijo #nomasdenunciasfalsas #falsademocracia #falsasdenuncias #tribunalesdefamilia #tribunalesdechile #comisionfamilia #derechosdelosniños #nomashijosrehenes #andreshernandez #chile#santiago#bellavista #arturito #magovaldivia #conversatorio #prensa,https://www.instagram.com/padres_con_derechochile/reel/DMXgkNZRW5F/
2025-07-19T10:11:15.000Z,63,3,NA,primer conversatorio Nacional en Chile ... juntaremos firmas de apoyo  grabaremos tu testimonio y realizaremos un documental . ve. asiste este martes 22 de julio  a las 19:00 hrs. teatro San Gines . Mallinkrodt 112 Bellavista Providencia.. Es tiempo de decir basta ante las denuncias Falsas.  únete a este movimiento  el más potente en chile .. comparte y da link.. #padresconderecho #padresconderechochile #sangines #teatrosangines #centroculturalsanginés #alienacionparental #desvinculacionparental #padreehijo #padreehija #nomasdenunciasfalsas  #falsademocracia #falsasdenuncias #tribunalesdefamilia #tribunales #comisionfamilia #derechosdelosniños #nomashijosrehenes #andreshernandez #chile #santiago #bellavista #arturito #magovaldivia #conversatorio #prensa,https://www.instagram.com/padres_con_derechochile/reel/DMSRazWuqDf/
2025-07-18T00:15:06.000Z,80,7,NA,primer conversatorio Nacional en Chile ... juntaremos firmas de apoyo  grabaremos tu testimonio y realizaremos un documental . ve. asiste este martes 22 de julio  a las 19:00 hrs. teatro San Gines . Mallinkrodt 112 Bellavista Providencia.. Es tiempo de decir basta ante las denuncias Falsas.  únete a este movimiento  el más potente en chile .. comparte y da link..@alfonsoconcha @elvitomartinez @rafa.venegas @padresdesvinculados_chile @padresenaccionchile2024 @caminate_estoico @no_mas_hijos_rehenes @sinfiltros_tv @elpodcastdelalibertad @arturoruiztagle #padresconderecho #padresconderechochile #sangines #teatrosangines #centroculturalsanginés #alienacionparental #desvinculacionparental #padreehijo #padreehija #nomasdenunciasfalsas  #falsademocracia #falsasdenuncias #tribunalesdefamilia #tribunales #comisionfamilia #derechosdelosniños #nomashijosrehenes #andreshernandez #chile #santiago #bellavista #arturito #magovaldivia #conversatorio #prensa #comoestanlosweones #danielfuenzalida #exhuevofuenzalida,https://www.instagram.com/padres_con_derechochile/reel/DMOVfe3RuI_/
2025-07-16T14:14:14.000Z,44,2,NA,Mensaje para Sofía en su cumpleaños 🎂..el dolor de no abrazar a tu hijo ... demos la lucha juntos únete al movimiento más potente en Chile.. comenta  y da link ..#padresconderecho #buscandoasofia #sofia #miguelvillanueva #cumpleaños #padresconderechochile #alienacionparental #secuestroinfantil #feminismo #nomashijosrehenes #hijosrehenes #tribunalesdefamilia #andreshernandez #denunciafalsa #falsasdenuncias #nomasdenunciasfalsas #javierrebolledo #periodista #chile #kaiser #crianzacompartida #padreehijo #viral #tiktok #diadelpadre  #clubdelosdesvinculados  #noterindas,https://www.instagram.com/padres_con_derechochile/reel/DMK-rn0M41s/
2025-07-15T11:52:38.000Z,104,18,NA,Jueza de Familia  Eliana Garay Herrera de san Bernardo choca ebria ..... no más impunidad en tribunales ..demos la lucha juntos únete al movimiento más potente en Chile.. comenta  y da link ..#padresconderecho #padresconderechochile #alienacionparental #secuestroinfantil #feminismo #nomashijosrehenes #hijosrehenes #tribunalesdefamilia #andreshernandez #denunciafalsa #falsasdenuncias #nomasdenunciasfalsas #javierrebolledo #chile #kaiser #crianzacompartida #padreehijo #viral #tiktok #periodista #clubdelosdesvinculados #noterindas #juezassanbernardo #juezaebria #sanbernardo #chilevision #elianagaray,https://www.instagram.com/padres_con_derechochile/reel/DMIJZs7xm9o/
2025-07-09T23:31:00.000Z,19,0,NA,Caso Esteban Mendez Puerto Montt .No más Denuncias Falsas . demos la lucha juntos únete al movimiento más potente en Chile.. comenta  y da link ..#estebanmendez #padresconderecho #padresconderechochile #feminismo #tribunalesdefamilia #andreshernandez #denunciafalsa #falsasdenuncias #nomasdenunciasfalsas #javierrebolledo #periodista #chile #kaiser #crianzacompartida  #viral #tiktok  #profugo #clubdelosdesvinculados #noterindas #ptomontt #puertomontt,https://www.instagram.com/padres_con_derechochile/reel/DL58R-VRwgA/
2025-07-09T12:17:43.000Z,11,3,NA,Álbum La Cueva de las Hienas ...el dolor de no abrazar a tu hija ..Lo que hace una mujer para destruir a un hombre... demos la lucha juntos únete al movimiento más potente en Chile.. comenta  y da link ..#padresconderecho #padresconderechochile #alienacionparental #lacuevadelashienas #spotify #youtube #music #secuestroinfantil #feminismo #nomashijosrehenes #hijosrehenes #tribunalesdefamilia #andreshernandez #denunciafalsa #falsasdenuncias #nomasdenunciasfalsas #javierrebolledo  #chile #kaiser #crianzacompartida #padreehijo #viral #tiktok #diadelpadre #periodista #clubdelosdesvinculados #noterindas #juanpablosaez #primerplano  #saez,https://www.instagram.com/padres_con_derechochile/reel/DL4vqtGRXIx/
2025-07-09T01:07:50.000Z,133,18,NA,Juan Pablo Saez ...el dolor de no abrazar a tu hija ..Lo que hace una mujer para destruir a un hombre... demos la lucha juntos únete al movimiento más potente en Chile.. comenta  y da link ..#padresconderecho #padresconderechochile #alienacionparental #secuestroinfantil #feminismo #nomashijosrehenes #hijosrehenes #tribunalesdefamilia #andreshernandez #denunciafalsa #falsasdenuncias #nomasdenunciasfalsas #javierrebolledo #chile #justiciero #kaiser #crianzacompartida #padreehijo #viral #tiktoker #diadelpadre #periodista  #clubdelosdesvinculados #noterindas #juanpablosaez  #primerplano #saez #actor,https://www.instagram.com/padres_con_derechochile/reel/DL3hY__xzgp/
2025-07-04T18:47:17.000Z,17,0,NA,Llego Julio ..es tiempo de luchar por  tu hijo ... demos la lucha juntos únete al movimiento más potente en Chile.. comenta  y da link ..#padresconderecho #padresconderechochile #alienacionparental #secuestroinfantil #feminismo #nomashijosrehenes #hijosrehenes #tribunalesdefamilia #andreshernandez #denunciafalsa #falsasdenuncias #nomasdenunciasfalsas #javierrebolledo #chile #kaiser #crianzacompartida #padreehijo #viral #tiktok #diadelpadre #periodista #clubdelosdesvinculados #noterindas #julio #llegojulio,https://www.instagram.com/padres_con_derechochile/reel/DLskdLrx45w/
